0132793040,demo-store,874
0321735722,demo-store,440
0324322402,demo-store,356
0439651859,demo-store,415
0439886341,demo-store,710
0511189877,demo-store,436
0528881469,demo-store,752
0545020832,demo-store,649
0545016258,demo-store,450
0545102057,demo-store,857
0558835155,demo-store,118
059403390X,demo-store,983
0594012015,demo-store,494
0594017580,demo-store,997
0594450209,demo-store,150
0594514681,demo-store,958
0594549507,demo-store,533
0594478162,demo-store,456
0594451647,demo-store,875
0594450705,demo-store,458
0594033896,demo-store,272
0594477670,demo-store,668
0594481813,demo-store,745
0594033934,demo-store,188
0594450268,demo-store,481
0594482127,demo-store,933
059400232X,demo-store,459
0594296420,demo-store,500
0594033926,demo-store,392
0743610431,demo-store,165
074361058X,demo-store,901
0777700018,demo-store,978
0840017677,demo-store,328
0879393742,demo-store,604
0899336795,demo-store,358
089933623X,demo-store,258
094339676X,demo-store,829
0970408005,demo-store,832
0970407998,demo-store,428
0970408641,demo-store,722
0972683275,demo-store,132
0973528648,demo-store,400
0974562106,demo-store,908
0977703037,demo-store,400
0978770382,demo-store,661
0982308825,demo-store,711
0983947600,demo-store,762
0984484515,demo-store,599
0984484523,demo-store,362
0986987662,demo-store,292
1034385789,demo-store,288
1085901386,demo-store,584
1039869017,demo-store,178
1094441252,demo-store,940
1182702627,demo-store,109
1254875778,demo-store,425
134048160X,demo-store,719
1394860919,demo-store,765
1348510390,demo-store,321
1400532620,demo-store,218
140053271X,demo-store,460
1400699894,demo-store,242
1400532736,demo-store,106
1400698987,demo-store,307
1400501474,demo-store,410
1400501520,demo-store,214
1400501741,demo-store,798
1400699169,demo-store,920
1400532655,demo-store,114
1400501784,demo-store,786
1400599997,demo-store,565
1400501466,demo-store,229
1400666937,demo-store,354
1400501776,demo-store,980
1412714451,demo-store,759
1412733626,demo-store,726
141277201X,demo-store,666
1412772028,demo-store,373
141278400X,demo-store,855
1412784212,demo-store,789
1412789788,demo-store,467
1427695024,demo-store,642
1427649987,demo-store,284
0205616461,demo-store,880
0310329523,demo-store,118
0558925278,demo-store,206
0615114180,demo-store,418
0733001998,demo-store,409
0737104473,demo-store,749
0762451459,demo-store,420
0767812158,demo-store,763
0767812115,demo-store,769
0780020715,demo-store,283
0780019490,demo-store,511
0780021258,demo-store,173
0783113943,demo-store,930
0788812408,demo-store,338
0788805533,demo-store,174
0790736365,demo-store,885
0792147340,demo-store,593
0792838386,demo-store,408
0792845439,demo-store,129
079284551X,demo-store,888
0972031758,demo-store,832
0976490609,demo-store,322
0977217213,demo-store,122
1030070148,demo-store,684
1304139212,demo-store,137
130414674X,demo-store,675
130414089X,demo-store,331
1304196062,demo-store,339
1304146537,demo-store,864
130414643X,demo-store,470
1304174905,demo-store,396
1304196135,demo-store,242
1304139220,demo-store,908
1304168522,demo-store,466
1304174867,demo-store,314
1304196070,demo-store,445
1304196046,demo-store,626
1304351475,demo-store,476
1304174778,demo-store,703
1304488608,demo-store,892
1304511154,demo-store,314
1304495396,demo-store,999
1304511146,demo-store,975
130451112X,demo-store,866
1304511138,demo-store,135
1304511081,demo-store,135
1304511073,demo-store,356
1304482685,demo-store,310
1304511111,demo-store,655
1304622657,demo-store,671
1304622428,demo-store,217
1304622622,demo-store,519
1304624544,demo-store,551
1304622460,demo-store,351
1304624536,demo-store,136
1304622223,demo-store,538
1304622193,demo-store,928
1304651118,demo-store,393
1304665720,demo-store,717
130465110X,demo-store,816
1304651029,demo-store,435
1304651088,demo-store,949
1304622452,demo-store,463
1304665704,demo-store,428
1304651347,demo-store,762
1304624498,demo-store,993
1304622665,demo-store,862
130466578X,demo-store,862
1400200873,demo-store,140
1400200865,demo-store,291
1400301734,demo-store,388
1403790965,demo-store,256
1412772028,demo-store,550
1412759676,demo-store,694
1414301308,demo-store,409
1457982633,demo-store,794
1558908323,demo-store,190
156371616X,demo-store,682
1565857690,demo-store,828
1570199167,demo-store,166
1572671203,demo-store,617
1575672782,demo-store,837
1578002230,demo-store,387
1578750172,demo-store,119
1603113460,demo-store,327
1608613453,demo-store,829
1879187396,demo-store,351
1888522186,demo-store,689
1891129716,demo-store,450
189112966X,demo-store,252
1906987238,demo-store,304
1929099886,demo-store,264
1987958179,demo-store,121
322700075X,demo-store,979
3227001055,demo-store,355
0061985856,demo-store,990
0061997102,demo-store,169
0071423206,demo-store,732
0071436588,demo-store,639
0072222506,demo-store,191
0078800242,demo-store,757
013099166X,demo-store,606
0195129946,demo-store,260
0195317106,demo-store,346
0226769577,demo-store,764
024051579X,demo-store,391
0240814509,demo-store,920
0262693151,demo-store,926
0307279189,demo-store,490
030795207X,demo-store,704
031088974X,demo-store,513
0312207689,demo-store,314
0316041009,demo-store,822
0321268768,demo-store,816
0321775074,demo-store,524
0345524926,demo-store,673
037550771X,demo-store,433
037585746X,demo-store,544
0393061744,demo-store,268
0393242196,demo-store,693
0425169340,demo-store,502
0439492815,demo-store,493
0439499798,demo-store,536
0439492262,demo-store,285
043950998X,demo-store,216
0439509815,demo-store,134
0439559561,demo-store,515
0439654726,demo-store,562
0439697379,demo-store,493
0439731631,demo-store,656
0439733138,demo-store,666
0439824222,demo-store,826
043982429X,demo-store,428
0439824133,demo-store,521
043983869X,demo-store,263
0439872073,demo-store,917
0439909279,demo-store,658
0449222829,demo-store,873
0471032174,demo-store,850
0471178411,demo-store,453
0485175185,demo-store,164
0486211452,demo-store,275
0486457192,demo-store,831
0486475468,demo-store,865
0520235177,demo-store,941
0545020832,demo-store,686
0545119367,demo-store,393
0545196388,demo-store,471
0545196361,demo-store,116
0545196396,demo-store,869
054519640X,demo-store,864
0545196701,demo-store,367
0553575716,demo-store,174
0594152240,demo-store,280
0595270190,demo-store,608
0615313604,demo-store,249
0615444172,demo-store,150
0615512135,demo-store,120
0615656579,demo-store,383
061570042X,demo-store,584
0634061801,demo-store,271
0641782853,demo-store,929
0700716211,demo-store,117
0735309043,demo-store,164
0735202192,demo-store,599
0735320594,demo-store,500
073532056X,demo-store,182
0735335249,demo-store,588
0735335230,demo-store,660
073533773X,demo-store,275
0737604751,demo-store,986
0739003755,demo-store,535
0739100645,demo-store,620
0739484761,demo-store,791
074240028X,demo-store,523
074349282X,demo-store,721
0754605094,demo-store,962
0756659981,demo-store,249
0001393774,demo-store,432
0001526863,demo-store,504
0005123909,demo-store,469
0005134188,demo-store,821
0005419263,demo-store,319
0005441382,demo-store,672
0005059836,demo-store,585
0014072149,demo-store,947
0026197898,demo-store,219
0041291905,demo-store,798
0041913574,demo-store,972
0077479637,demo-store,897
0307141217,demo-store,634
0307142426,demo-store,541
030714139X,demo-store,828
0307141985,demo-store,534
0307141950,demo-store,411
0307142698,demo-store,272
0307141144,demo-store,798
030714335X,demo-store,302
030714318X,demo-store,314
0307141128,demo-store,130
0310250056,demo-store,447
0310250048,demo-store,277
0310261988,demo-store,271
0393102548,demo-store,654
0510599125,demo-store,641
0563494131,demo-store,623
0563494239,demo-store,869
0563494050,demo-store,878
0563494212,demo-store,927
0563494395,demo-store,210
0563494689,demo-store,156
0563494255,demo-store,844
0563494816,demo-store,269
0563494077,demo-store,524
0563494115,demo-store,223
0563530693,demo-store,950
0563528257,demo-store,723
0577088726,demo-store,589
0578077698,demo-store,101
0615205399,demo-store,498
0615299830,demo-store,893
0615318533,demo-store,996
0615677746,demo-store,114
0615720242,demo-store,795
0615877346,demo-store,522
063319428X,demo-store,435
0634029363,demo-store,324
0634029355,demo-store,612
0634029347,demo-store,959
0634050028,demo-store,299
0634055429,demo-store,885
0634055534,demo-store,834
0634061801,demo-store,707
0634065459,demo-store,856
0634069845,demo-store,514
0679884815,demo-store,993
0679884793,demo-store,683
0679887660,demo-store,259
0679892869,demo-store,666
0738921610,demo-store,333
0738920495,demo-store,470
0738919039,demo-store,274
0738900672,demo-store,504
0738920363,demo-store,495
0738920630,demo-store,597
0738920479,demo-store,976
0738920339,demo-store,306
0738921505,demo-store,997
0739003755,demo-store,453
0738920371,demo-store,736
0738921475,demo-store,273
0739032631,demo-store,740
0739037986,demo-store,166
0739040375,demo-store,705
0739040251,demo-store,920
0739040308,demo-store,800
0739042726,demo-store,763
0123456479,demo-store,228
0130350591,demo-store,343
0578060604,demo-store,964
0594006112,demo-store,702
0615391206,demo-store,387
0641929307,demo-store,228
0641965974,demo-store,623
064178614X,demo-store,632
0641967969,demo-store,539
064180556X,demo-store,507
0681795107,demo-store,216
0705342913,demo-store,752
0705356280,demo-store,909
0705394492,demo-store,700
0748185259,demo-store,759
0783433891,demo-store,169
0805471219,demo-store,468
0898216052,demo-store,718
0912696591,demo-store,834
0972187677,demo-store,652
097736271X,demo-store,190
097857141X,demo-store,279
0978736885,demo-store,475
0979755026,demo-store,747
0980183227,demo-store,976
098019282X,demo-store,746
0984493697,demo-store,857
0984493638,demo-store,322
0988315815,demo-store,772
1009245414,demo-store,284
1223070743,demo-store,255
1223071359,demo-store,633
1223069818,demo-store,616
1403779619,demo-store,393
1403783624,demo-store,169
1450823661,demo-store,131
1567120709,demo-store,407
1574890832,demo-store,855
1574890824,demo-store,747
1574891936,demo-store,371
1574898922,demo-store,666
1574898949,demo-store,494
1574898930,demo-store,526
159668027X,demo-store,806
1613261535,demo-store,134
1614549168,demo-store,439
1614547831,demo-store,490
1614547440,demo-store,712
161552231X,demo-store,831
161659120X,demo-store,980
161659232X,demo-store,954
1619920239,demo-store,370
1619920255,demo-store,296
1621522172,demo-store,646
1625684185,demo-store,578
1842104780,demo-store,966
1842104470,demo-store,982
1842104322,demo-store,106
1847503705,demo-store,543
184999949X,demo-store,748
1888861347,demo-store,417
1888861142,demo-store,400
1888861622,demo-store,938
1888861614,demo-store,454
1888861150,demo-store,951
1891747401,demo-store,448
1891747134,demo-store,998
1896639437,demo-store,400
1929780656,demo-store,251
1932289348,demo-store,498
1932648623,demo-store,933
1933244038,demo-store,416
1933506105,demo-store,180
0000031909,demo-store,846
0000031852,demo-store,232
0000191639,demo-store,876
0000031895,demo-store,116
0076561046,demo-store,568
0131358936,demo-store,225
0375829695,demo-store,876
037585746X,demo-store,986
0425066169,demo-store,249
0439028485,demo-store,748
0439400066,demo-store,854
0439651859,demo-store,182
0439652472,demo-store,911
0439710324,demo-store,993
0439845297,demo-store,674
0439838649,demo-store,371
0439843073,demo-store,880
0439855896,demo-store,217
0439893577,demo-store,190
0439927277,demo-store,241
0448447088,demo-store,567
0470182318,demo-store,295
0486430502,demo-store,291
048645195X,demo-store,650
054503180X,demo-store,314
0545020832,demo-store,102
0545016258,demo-store,705
0545056551,demo-store,405
0545090954,demo-store,264
0545102057,demo-store,410
0545302285,demo-store,473
0545302218,demo-store,678
0545302315,demo-store,678
0545325234,demo-store,797
0545346207,demo-store,563
0545419042,demo-store,168
0545449340,demo-store,437
0545459915,demo-store,199
0545477344,demo-store,365
0545530830,demo-store,726
0545496470,demo-store,343
0547422539,demo-store,477
0594019915,demo-store,684
0615227554,demo-store,401
0615269990,demo-store,451
0615313604,demo-store,796
0615343287,demo-store,112
0615374794,demo-store,134
0615394124,demo-store,482
0615405509,demo-store,707
0615444172,demo-store,406
0615500145,demo-store,803
0615637507,demo-store,108
0615638996,demo-store,341
0615641571,demo-store,622
0641551568,demo-store,763
0641518633,demo-store,159
0641061501,demo-store,838
064157388X,demo-store,513
0641565771,demo-store,327
0641737939,demo-store,184
0641699840,demo-store,396
0641843208,demo-store,769
0641928262,demo-store,945
0641801041,demo-store,633
0641835248,demo-store,142
0641699174,demo-store,260
0641843224,demo-store,829
0641801033,demo-store,903
0641811284,demo-store,802
0641843216,demo-store,780
0641841132,demo-store,839
0641843232,demo-store,287
0670010936,demo-store,278
0671040049,demo-store,837
067104009X,demo-store,868
0681001410,demo-store,364
0681108231,demo-store,848
0681459697,demo-store,668
0681542349,demo-store,995
0681520418,demo-store,623
0681358173,demo-store,867
0681768983,demo-store,570
0681843586,demo-store,977
0681561653,demo-store,473
0681952326,demo-store,741
0001048775,demo-store,931
0001048236,demo-store,974
0001057170,demo-store,844
0001053396,demo-store,467
0001072986,demo-store,850
0001053744,demo-store,858
0001055178,demo-store,799
0001042335,demo-store,520
000136118X,demo-store,446
0001360000,demo-store,599
0001018043,demo-store,644
000102521X,demo-store,747
0001056107,demo-store,376
0001056530,demo-store,435
0001006657,demo-store,982
000171287X,demo-store,896
000171130X,demo-store,751
000100039X,demo-store,544
0001473905,demo-store,357
0001714546,demo-store,723
0001839225,demo-store,623
0001384163,demo-store,270
0001837397,demo-store,192
0001714538,demo-store,906
0001857169,demo-store,518
0001711342,demo-store,835
0001714384,demo-store,499
0001845357,demo-store,615
0615553605,demo-store,168
0615583474,demo-store,772
0972585419,demo-store,390
0975412817,demo-store,142
0975412809,demo-store,757
0975412868,demo-store,922
0977264815,demo-store,751
0983794812,demo-store,337
0983794804,demo-store,131
1083812550,demo-store,299
1083813215,demo-store,443
1083813210,demo-store,776
1223000893,demo-store,195
1300347635,demo-store,803
1300451238,demo-store,652
1300450991,demo-store,292
1300451483,demo-store,948
1300451300,demo-store,792
130045136X,demo-store,315
1300451505,demo-store,155
1300451270,demo-store,298
1300451122,demo-store,321
1300451076,demo-store,592
1300451092,demo-store,408
1300451041,demo-store,292
1300451246,demo-store,555
1300451335,demo-store,842
1300451181,demo-store,741
1300451491,demo-store,578
1304797031,demo-store,117
1304797023,demo-store,296
1312018747,demo-store,942
1304793303,demo-store,589
1412717388,demo-store,666
1417084871,demo-store,589
1427313369,demo-store,631
1576102742,demo-store,887
1576104125,demo-store,355
1576102831,demo-store,413
1576102734,demo-store,381
1576102939,demo-store,169
1576102807,demo-store,333
1590150007,demo-store,994
1903499920,demo-store,398
1903492022,demo-store,411
1906492816,demo-store,125
1906492832,demo-store,623
1906492905,demo-store,328
1906492433,demo-store,203
1906492891,demo-store,318
1906492883,demo-store,741
1906492514,demo-store,696
1942007200,demo-store,389
2272800023,demo-store,868
2272800024,demo-store,775
2272800020,demo-store,910
2272800022,demo-store,919
2272800033,demo-store,395
2272800034,demo-store,793
2272800025,demo-store,178
2400370215,demo-store,630
2734888454,demo-store,594
3275610011,demo-store,861
4847651201,demo-store,424
4847676011,demo-store,689
6025002541,demo-store,144
6025002118,demo-store,189
6025002576,demo-store,927
6025002517,demo-store,397
6025002584,demo-store,273
6025002096,demo-store,659
602500255X,demo-store,970
6025002568,demo-store,357
6025002533,demo-store,776
602500207X,demo-store,511
6041026557,demo-store,677
6041026417,demo-store,454
6041026433,demo-store,780
6041026778,demo-store,949
6041026875,demo-store,985
6041026514,demo-store,695
6041023973,demo-store,794
6041026786,demo-store,147
6041026530,demo-store,647
6041023000,demo-store,152
6041026042,demo-store,281
6041026158,demo-store,225
6041026212,demo-store,538
6041027510,demo-store,376
6041027537,demo-store,186
7576580800,demo-store,874
8029311600,demo-store,183
8029318100,demo-store,751
8742238625,demo-store,297
9376674505,demo-store,837
0657745316,demo-store,174
0700026444,demo-store,705
1403796890,demo-store,904
141278509X,demo-store,105
1453060375,demo-store,234
1453060782,demo-store,682
1453060464,demo-store,869
1603112251,demo-store,862
1613170416,demo-store,431
1837994021,demo-store,570
3301261876,demo-store,377
3295000018,demo-store,963
3621813330,demo-store,176
5463213682,demo-store,861
5628754218,demo-store,581
6065555568,demo-store,874
6162362183,demo-store,193
616719923X,demo-store,199
6182055979,demo-store,544
7621000880,demo-store,541
7621915358,demo-store,193
7800648702,demo-store,754
7801411242,demo-store,969
9074600034,demo-store,779
917712183X,demo-store,408
9177121791,demo-store,393
9178894018,demo-store,110
9603971588,demo-store,998
9742356831,demo-store,612
9747503506,demo-store,186
9895514115,demo-store,430
AA42004001,demo-store,929
B00000AE9S,demo-store,938
B00000IRTW,demo-store,891
B00004S1C5,demo-store,916
B00004S1C6,demo-store,414
B00004SU1F,demo-store,938
B00004TBB0,demo-store,148
B00004Y5PN,demo-store,317
B000052Y74,demo-store,178
B000052YEH,demo-store,753
B0000531B7,demo-store,726
B0000532DJ,demo-store,465
B00005352Q,demo-store,690
B00005344V,demo-store,199
B0000536Y3,demo-store,475
B0000537KC,demo-store,409
B0000537AF,demo-store,114
B00005AS53,demo-store,915
B00005B12M,demo-store,488
B00005BPQ9,demo-store,889
B00005BPJO,demo-store,768
B00005C2M2,demo-store,267
B00005C2M5,demo-store,525
B00005C2ZW,demo-store,582
B00005C2JE,demo-store,968
B00005C2M3,demo-store,317
B00005IX98,demo-store,114
B00005IX97,demo-store,764
B00005IX96,demo-store,687
B00005MOY3,demo-store,646
B00005NTR2,demo-store,813
B00005REBJ,demo-store,118
B0000631X2,demo-store,916
B000063D0C,demo-store,400
B000063D0D,demo-store,557
B000068XME,demo-store,165
B000068XMG,demo-store,317
B000068XMF,demo-store,261
B0000691JF,demo-store,853
B000069J7H,demo-store,510
B000069KQW,demo-store,599
B00006FE1Y,demo-store,431
B00006G930,demo-store,643
B00006G92S,demo-store,433
B00006IDK2,demo-store,736
B00006IDK9,demo-store,807
B00006IDJR,demo-store,914
B00006IDJU,demo-store,510
B00006IDJZ,demo-store,385
B00006IUTN,demo-store,110
B00006JZTV,demo-store,381
B00006LHAU,demo-store,256
B000070PBU,demo-store,667
B000077W2E,demo-store,258
B000077W1Q,demo-store,874
B00008435O,demo-store,499
B000084E00,demo-store,705
B000084E9C,demo-store,955
B000084EEZ,demo-store,597
B000089D9T,demo-store,805
B00008CQRK,demo-store,731
B00008PC2B,demo-store,569
B00008RCM0,demo-store,957
0078764343,demo-store,448
043933702X,demo-store,400
0439339987,demo-store,825
0439342260,demo-store,617
0439339960,demo-store,277
0439374391,demo-store,654
0439394422,demo-store,403
043940133X,demo-store,109
0439573947,demo-store,298
0439591295,demo-store,315
0439591368,demo-store,211
0439591538,demo-store,258
0439671418,demo-store,610
0439715571,demo-store,387
0439773660,demo-store,311
0439862108,demo-store,207
0439900581,demo-store,528
0545076412,demo-store,945
0545112141,demo-store,829
0545115507,demo-store,172
0669524425,demo-store,1000
0669524115,demo-store,833
0671317091,demo-store,989
0700026649,demo-store,888
0700026657,demo-store,983
0700099867,demo-store,915
0700026355,demo-store,103
0758534531,demo-store,410
0970154097,demo-store,308
0974696153,demo-store,610
0977368521,demo-store,357
0977710432,demo-store,667
1414311583,demo-store,277
1418516805,demo-store,594
1557556741,demo-store,161
1558843477,demo-store,475
1572644516,demo-store,747
1574571931,demo-store,604
1594590133,demo-store,369
1597461156,demo-store,258
1597461261,demo-store,920
1597461105,demo-store,203
1613170785,demo-store,907
1616614765,demo-store,232
188650301X,demo-store,689
1886846790,demo-store,457
1886846774,demo-store,915
1886846782,demo-store,222
1886846758,demo-store,441
1886846766,demo-store,151
1888449543,demo-store,560
1894353226,demo-store,753
1894353099,demo-store,259
3815864844,demo-store,491
3828770193,demo-store,723
3866811659,demo-store,639
3898740579,demo-store,427
3937549064,demo-store,175
393731704X,demo-store,436
5293009893,demo-store,543
6050036071,demo-store,192
7100027950,demo-store,177
7108019833,demo-store,978
7115127026,demo-store,497
7108013096,demo-store,977
7293000928,demo-store,280
7293000936,demo-store,864
7306024310,demo-store,243
7505728083,demo-store,740
7532724301,demo-store,772
7537823413,demo-store,358
7539908920,demo-store,656
7543450933,demo-store,584
7542614444,demo-store,500
7540727705,demo-store,770
7561321074,demo-store,661
7800286169,demo-store,165
7800405761,demo-store,968
7900085653,demo-store,121
8176503290,demo-store,995
8565000168,demo-store,785
8990289440,demo-store,967
8990289432,demo-store,296
9056560190,demo-store,746
9078439122,demo-store,998
907843905X,demo-store,804
9081335219,demo-store,951
9573499126,demo-store,389
0000143561,demo-store,184
0000143529,demo-store,996
0000143502,demo-store,765
0000143588,demo-store,432
0001517791,demo-store,652
0001516035,demo-store,367
0001501348,demo-store,130
0000791156,demo-store,557
0001485423,demo-store,358
0001526863,demo-store,915
0005019222,demo-store,305
0005097258,demo-store,712
0005048524,demo-store,494
0005114349,demo-store,666
0005055121,demo-store,271
0005123909,demo-store,849
0005089549,demo-store,541
0005119367,demo-store,414
0005097231,demo-store,974
0005054885,demo-store,744
0005134188,demo-store,883
0005019281,demo-store,268
0005092663,demo-store,184
0005419263,demo-store,972
0005200288,demo-store,431
0005452287,demo-store,588
0005257891,demo-store,620
0005445825,demo-store,253
0005059836,demo-store,719
0006588204,demo-store,744
0006886558,demo-store,871
0011528230,demo-store,273
0012175447,demo-store,598
0073213071,demo-store,876
0073259152,demo-store,168
0073291404,demo-store,844
0073325570,demo-store,289
0073378208,demo-store,417
0077270444,demo-store,641
0077479637,demo-store,262
0078296757,demo-store,761
0078618886,demo-store,222
0101529376,demo-store,708
0126604258,demo-store,455
0130359742,demo-store,835
0130473456,demo-store,465
0130861383,demo-store,969
013091133X,demo-store,126
013115298X,demo-store,662
0131433172,demo-store,927
0131904388,demo-store,650
0132534894,demo-store,647
0132533669,demo-store,945
0133204162,demo-store,788
0135135044,demo-store,792
0194593711,demo-store,895
0251567516,demo-store,715
0307141217,demo-store,729
0307141225,demo-store,436
0307142426,demo-store,876
0307142701,demo-store,368
0307141071,demo-store,600
0307142469,demo-store,306
030714139X,demo-store,181
0307142620,demo-store,513
0307141985,demo-store,685
0307142485,demo-store,547
0307141950,demo-store,489
0307142493,demo-store,146
0307142817,demo-store,469
0307142698,demo-store,586
0307141144,demo-store,561
0307142477,demo-store,909
0307394530,demo-store,654
0307449440,demo-store,132
0307463826,demo-store,459
0307586758,demo-store,887
0307586588,demo-store,468
0307587142,demo-store,657
0307586901,demo-store,928
0385344945,demo-store,219
0385344570,demo-store,153
0449819906,demo-store,438
0470045558,demo-store,845
0470182318,demo-store,627
0470343834,demo-store,719
0470343842,demo-store,719
0470623209,demo-store,778
0470758570,demo-store,663
0471749915,demo-store,831
0486430502,demo-store,703
048645195X,demo-store,891
0486473082,demo-store,200
0486475468,demo-store,290
0545346207,demo-store,599
0545419042,demo-store,337
0545449332,demo-store,791
0545449340,demo-store,301
0545459915,demo-store,906
0545459923,demo-store,339
0545496470,demo-store,953
0615406416,demo-store,555
0615512135,demo-store,368
0700012494,demo-store,349
0700012656,demo-store,289
070001246X,demo-store,966
0700012370,demo-store,774
0700012532,demo-store,180
0700022031,demo-store,580
070002204X,demo-store,747
0700012346,demo-store,648
0700022333,demo-store,465
0700022252,demo-store,249
0700012702,demo-store,785
0700022228,demo-store,371
0705395022,demo-store,578
0705383024,demo-store,737
0737248289,demo-store,753
0737604751,demo-store,872
0740770756,demo-store,467
0756031184,demo-store,393
0756037727,demo-store,447
0760747059,demo-store,204
0765573296,demo-store,380
0765598671,demo-store,368
0767180178,demo-store,729
0767184270,demo-store,690
0767189361,demo-store,928
0767175832,demo-store,931
0767196767,demo-store,392
0767174607,demo-store,886
0767196813,demo-store,229
0767184289,demo-store,719
0767197178,demo-store,616
0770434096,demo-store,736
0804136807,demo-store,758
0823085511,demo-store,329
0823085945,demo-store,429
0823099032,demo-store,145
0823085678,demo-store,599
0871164388,demo-store,918
0871164213,demo-store,582
0871164949,demo-store,959
0871164809,demo-store,443
0871167700,demo-store,957
0887432271,demo-store,434
0887435378,demo-store,830
088743472X,demo-store,731
0887431399,demo-store,205
0891346686,demo-store,431
0916896390,demo-store,107
093527863X,demo-store,661
095470018X,demo-store,262
0973030437,demo-store,362
097736271X,demo-store,464
0979409098,demo-store,440
0979744172,demo-store,678
0980183227,demo-store,989
0980876729,demo-store,704
0981532454,demo-store,724
0982400578,demo-store,743
0983205906,demo-store,875
0985961406,demo-store,567
099155759X,demo-store,397
109485901X,demo-store,499
1105869555,demo-store,503
1304567559,demo-store,112
0123456479,demo-store,285
0130350591,demo-store,208
0578060604,demo-store,809
0594006112,demo-store,496
0615391206,demo-store,871
0641929307,demo-store,215
0641965974,demo-store,863
064178614X,demo-store,636
0641967969,demo-store,640
064180556X,demo-store,936
0681795107,demo-store,940
0705342913,demo-store,248
0705356280,demo-store,632
0705394492,demo-store,635
0748185259,demo-store,704
0783433891,demo-store,103
0805471219,demo-store,554
0898216052,demo-store,681
0912696591,demo-store,439
0972187677,demo-store,501
097736271X,demo-store,789
097857141X,demo-store,353
0978736885,demo-store,772
0979755026,demo-store,352
0980183227,demo-store,657
098019282X,demo-store,645
0984493697,demo-store,983
0984493638,demo-store,132
0988315815,demo-store,540
1009245414,demo-store,356
1223070743,demo-store,718
1223071359,demo-store,437
1223069818,demo-store,490
1403779619,demo-store,119
1403783624,demo-store,179
1450823661,demo-store,496
1567120709,demo-store,436
1574890832,demo-store,721
1574890824,demo-store,846
1574891936,demo-store,911
1574898922,demo-store,532
1574898949,demo-store,944
1574898930,demo-store,971
159668027X,demo-store,528
1613261535,demo-store,546
1614549168,demo-store,353
1614547831,demo-store,631
1614547440,demo-store,995
161552231X,demo-store,180
161659120X,demo-store,245
161659232X,demo-store,141
1619920239,demo-store,135
1619920255,demo-store,724
1621522172,demo-store,620
1625684185,demo-store,428
1842104780,demo-store,319
1842104470,demo-store,401
1842104322,demo-store,233
1847503705,demo-store,706
184999949X,demo-store,922
1888861347,demo-store,586
1888861142,demo-store,728
1888861622,demo-store,829
1888861614,demo-store,586
1888861150,demo-store,114
1891747401,demo-store,957
1891747134,demo-store,364
1896639437,demo-store,342
1929780656,demo-store,830
1932289348,demo-store,475
1932648623,demo-store,886
1933244038,demo-store,744
1933506105,demo-store,665
0130350591,demo-store,767
0307394530,demo-store,907
0439903491,demo-store,372
0578060604,demo-store,385
0587234792,demo-store,228
0587010584,demo-store,947
0587168978,demo-store,163
0587218959,demo-store,932
0587217189,demo-store,136
0594006112,demo-store,414
061533301X,demo-store,905
0615391206,demo-store,571
0618307354,demo-store,916
0641929307,demo-store,630
0641965974,demo-store,877
064178614X,demo-store,311
0641967969,demo-store,959
064180556X,demo-store,601
0681795107,demo-store,484
0689027818,demo-store,839
0705342913,demo-store,715
0705356280,demo-store,860
0705394492,demo-store,510
0740317024,demo-store,633
0740315129,demo-store,208
0740315048,demo-store,704
0740794019,demo-store,618
0740794108,demo-store,615
0740794248,demo-store,765
0740794078,demo-store,190
0740794124,demo-store,956
0740794167,demo-store,536
0740794183,demo-store,293
0740794140,demo-store,650
0748185259,demo-store,965
0749568275,demo-store,354
0756031184,demo-store,916
0756041244,demo-store,977
0756030242,demo-store,898
0756032318,demo-store,234
0783433891,demo-store,312
0789319942,demo-store,361
0805471219,demo-store,540
0823085511,demo-store,780
0898216052,demo-store,391
0912696591,demo-store,704
0922658536,demo-store,485
0939431556,demo-store,208
095650843X,demo-store,219
0956508421,demo-store,250
0972187677,demo-store,866
0974889172,demo-store,701
0975412817,demo-store,933
0977061604,demo-store,508
0977271609,demo-store,819
097736271X,demo-store,693
0978561023,demo-store,126
097857141X,demo-store,323
0978736885,demo-store,437
0980183227,demo-store,140
0982119712,demo-store,851
0984493697,demo-store,794
0988315815,demo-store,572
1059875837,demo-store,148
1009245414,demo-store,854
1223070743,demo-store,748
1223071359,demo-store,643
1223069818,demo-store,640
1403783624,demo-store,722
1412758181,demo-store,902
1438802552,demo-store,129
1438823029,demo-store,561
1439347069,demo-store,718
1450823661,demo-store,532
1554761727,demo-store,512
1559936819,demo-store,157
1567120709,demo-store,944
1574866893,demo-store,279
1574890832,demo-store,338
1574890824,demo-store,189
1574892398,demo-store,952
1574890220,demo-store,429
1574891936,demo-store,219
1574891898,demo-store,652
1574892193,demo-store,621
1574893343,demo-store,366
1574898922,demo-store,742
1574898949,demo-store,805
1574898930,demo-store,803
1574893122,demo-store,666
1574893335,demo-store,514
1574899864,demo-store,708
1586626310,demo-store,391
0618307354,demo-store,683
0981850006,demo-store,566
144072007X,demo-store,640
1554701503,demo-store,390
1579822932,demo-store,383
1754164498,demo-store,492
1880241064,demo-store,215
1885010753,demo-store,335
1887148914,demo-store,414
1938146824,demo-store,266
398501938X,demo-store,454
6035000045,demo-store,693
6035000037,demo-store,343
6035000029,demo-store,877
6303146775,demo-store,775
6304429150,demo-store,360
7106019410,demo-store,692
751180022X,demo-store,152
8386244453,demo-store,826
8393166616,demo-store,390
8390294540,demo-store,535
8802000034,demo-store,384
8802000026,demo-store,790
8805002682,demo-store,535
8805001058,demo-store,380
8805002585,demo-store,395
8805002577,demo-store,125
8805002690,demo-store,501
8805002720,demo-store,965
8805002631,demo-store,867
8805002666,demo-store,335
8805002704,demo-store,591
8805003263,demo-store,806
880500264X,demo-store,752
8805003549,demo-store,750
8805003255,demo-store,323
8805002593,demo-store,987
8805002674,demo-store,355
8805003573,demo-store,190
8805002615,demo-store,386
8805003603,demo-store,408
8805003298,demo-store,727
8805002607,demo-store,206
9539732360,demo-store,197
9800474382,demo-store,116
9822221274,demo-store,969
B0000001QY,demo-store,637
B000001ULX,demo-store,609
B000003GJ2,demo-store,113
B000005R78,demo-store,428
B000005XFE,demo-store,392
B0000071CF,demo-store,800
B00000GC69,demo-store,742
B00000JAJ8,demo-store,598
B00000K2MB,demo-store,314
B0000223JC,demo-store,949
B00002240Y,demo-store,337
B00002240X,demo-store,927
B0000224HT,demo-store,255
B0000224HU,demo-store,399
B0000224SB,demo-store,961
B0000224PU,demo-store,840
B0000224U2,demo-store,257
B0000224TZ,demo-store,303
B0000224VV,demo-store,349
B00002255X,demo-store,664
B0000225DC,demo-store,321
B0000225DB,demo-store,270
B0000225DD,demo-store,289
B0000225D6,demo-store,635
B0000225DA,demo-store,714
B0000224WX,demo-store,419
B0000225CS,demo-store,937
B0000225CT,demo-store,970
B0000225CU,demo-store,554
B00002265F,demo-store,177
B00002265H,demo-store,354
B00002265G,demo-store,382
B00002265E,demo-store,989
B00002265K,demo-store,922
B000024LGY,demo-store,200
B0000296SV,demo-store,263
B00002DE4X,demo-store,100
B00002N53T,demo-store,496
B00002N53V,demo-store,732
B00002N5FN,demo-store,916
B00002N5N8,demo-store,336
B00002N5VA,demo-store,852
B00002N5N7,demo-store,442
B00002N5VE,demo-store,387
B00002N65P,demo-store,322
B00002N5ZD,demo-store,139
B00002N65A,demo-store,222
B00002N67C,demo-store,364
B00002N66W,demo-store,275
B00002N67N,demo-store,179
0077614992,demo-store,928
0205616461,demo-store,366
0578085844,demo-store,365
0615208479,demo-store,927
0615269990,demo-store,117
0615406394,demo-store,593
0641710577,demo-store,984
0641864507,demo-store,840
0641691858,demo-store,892
0641678584,demo-store,683
068107289X,demo-store,806
0681504498,demo-store,584
0681796723,demo-store,588
0681861193,demo-store,356
0705394638,demo-store,917
0736789928,demo-store,226
076493211X,demo-store,957
0764945300,demo-store,696
0764954601,demo-store,463
0767196767,demo-store,930
0767196813,demo-store,597
0895640163,demo-store,500
0898004640,demo-store,449
0898004659,demo-store,205
0898004667,demo-store,216
0907785212,demo-store,171
0929619730,demo-store,710
093926322X,demo-store,146
0945523181,demo-store,897
0954751302,demo-store,459
0964967804,demo-store,985
0967930480,demo-store,504
0972433503,demo-store,826
0974593613,demo-store,882
097459363X,demo-store,871
0974959200,demo-store,826
0976202107,demo-store,548
0978559088,demo-store,573
0979679737,demo-store,795
097968191X,demo-store,832
0982614926,demo-store,986
0982828004,demo-store,773
098288446X,demo-store,387
0982884443,demo-store,447
0982884451,demo-store,281
0985013346,demo-store,820
1063010632,demo-store,158
1093486147,demo-store,580
1133442021,demo-store,387
1285114752,demo-store,651
1300451459,demo-store,115
1300451076,demo-store,762
1300451416,demo-store,163
1300451467,demo-store,792
1400638771,demo-store,426
142391550X,demo-store,650
1424333083,demo-store,779
1427600228,demo-store,565
1427742642,demo-store,774
1456605755,demo-store,105
1467553298,demo-store,744
1560622016,demo-store,835
1569375607,demo-store,285
1574891790,demo-store,735
1574892142,demo-store,711
1574890522,demo-store,463
157489112X,demo-store,466
1574890107,demo-store,342
1574890719,demo-store,318
1574892711,demo-store,503
1574890859,demo-store,564
1574891138,demo-store,439
1574890735,demo-store,535
157489093X,demo-store,824
1574894064,demo-store,643
1574892444,demo-store,315
1574895761,demo-store,154
1574895273,demo-store,359
1574896849,demo-store,480
1574892363,demo-store,976
1574895990,demo-store,918
1574894633,demo-store,433
1574894137,demo-store,999
157489577X,demo-store,439
1574896857,demo-store,771
1574898450,demo-store,254
1574896865,demo-store,881
1574897748,demo-store,573
1574898205,demo-store,381
0110400550,demo-store,478
011040047X,demo-store,979
0195866479,demo-store,505
0214514706,demo-store,129
0214714705,demo-store,597
0214614700,demo-store,106
0594033918,demo-store,179
0641554214,demo-store,746
0989890945,demo-store,404
1059375362,demo-store,291
1049830512,demo-store,289
1059130386,demo-store,813
103984068X,demo-store,728
1059236222,demo-store,545
1059983346,demo-store,823
1059947692,demo-store,585
1059661160,demo-store,239
1059949202,demo-store,571
1059274930,demo-store,684
1059844591,demo-store,229
1059824477,demo-store,387
1059766019,demo-store,255
1059370514,demo-store,471
103824174X,demo-store,623
1059641577,demo-store,170
1059777851,demo-store,422
1059359189,demo-store,554
1098409183,demo-store,277
1059598515,demo-store,713
1059556936,demo-store,394
1111306079,demo-store,314
1111305218,demo-store,756
111130114X,demo-store,929
1111306052,demo-store,555
1111301166,demo-store,893
118270882X,demo-store,465
1182707866,demo-store,643
1182702295,demo-store,561
1182701647,demo-store,888
1182701434,demo-store,891
1182701566,demo-store,415
1182701906,demo-store,200
1182700721,demo-store,548
1182701450,demo-store,646
1182701582,demo-store,208
1182702589,demo-store,392
1182701604,demo-store,908
1182702627,demo-store,477
120401308X,demo-store,220
1182707599,demo-store,569
1182710026,demo-store,195
120402040X,demo-store,689
1204036179,demo-store,247
1204012970,demo-store,939
1204040982,demo-store,314
120401387X,demo-store,835
1182701574,demo-store,760
120401325X,demo-store,975
1204037159,demo-store,865
1182701477,demo-store,998
1204013179,demo-store,368
1204037809,demo-store,828
1304747883,demo-store,636
1304958612,demo-store,909
134739740X,demo-store,180
1395871035,demo-store,747
1384095802,demo-store,937
1412789788,demo-store,489
1439618038,demo-store,908
1466736038,demo-store,494
1610121155,demo-store,704
1610121147,demo-store,861
1615527621,demo-store,657
1615600612,demo-store,826
1621520722,demo-store,954
1621911888,demo-store,457
1894736982,demo-store,626
1908510986,demo-store,681
1934790613,demo-store,882
1938759834,demo-store,414
1948701847,demo-store,787
1958103942,demo-store,578
2309458104,demo-store,330
2498604987,demo-store,111
2904809562,demo-store,712
2912010594,demo-store,994
3283005737,demo-store,495
399889988X,demo-store,901
3993854705,demo-store,508
3993854373,demo-store,951
3998899561,demo-store,502
3993854128,demo-store,100
0736513299,demo-store,278
074032859X,demo-store,749
074032957X,demo-store,374
0954751302,demo-store,122
0965484947,demo-store,348
1063010632,demo-store,822
1593807473,demo-store,951
1904369995,demo-store,517
1907061126,demo-store,484
1907544453,demo-store,505
193493139X,demo-store,442
1934931055,demo-store,948
4056051836,demo-store,900
7209037217,demo-store,948
750803855X,demo-store,560
8805002194,demo-store,930
8805002275,demo-store,395
8805002283,demo-store,436
8805002259,demo-store,521
9792219757,demo-store,492
9820940192,demo-store,790
9827012088,demo-store,592
9827052918,demo-store,411
9861011536,demo-store,603
994991812X,demo-store,532
B000001QB1,demo-store,294
B0000064YS,demo-store,424
B00000GBXA,demo-store,656
B00000J01Z,demo-store,444
B00000JFRR,demo-store,639
B00000JH56,demo-store,202
B0000222YU,demo-store,703
B00002239E,demo-store,173
B0000223B6,demo-store,706
B0000223BD,demo-store,601
B0000223BE,demo-store,846
B0000223J6,demo-store,974
B0000223K3,demo-store,206
B0000223T2,demo-store,412
B0000223T5,demo-store,799
B0000223X4,demo-store,693
B0000223XE,demo-store,121
B0000223UU,demo-store,219
B0000223T4,demo-store,230
B00002246K,demo-store,669
B0000224J1,demo-store,896
B0000224MP,demo-store,524
B0000224PZ,demo-store,705
B00002254H,demo-store,392
B00002254G,demo-store,838
B00002254I,demo-store,249
B00002252U,demo-store,995
B0000225J5,demo-store,998
B0000225PR,demo-store,637
B00002260M,demo-store,118
B00002N52H,demo-store,756
B00002N5EY,demo-store,536
B00002N5JZ,demo-store,119
B00002N5FK,demo-store,451
B00002N5JT,demo-store,883
B00002N5ME,demo-store,564
B00002N5K3,demo-store,760
B00002N5M5,demo-store,570
B00002N5M6,demo-store,145
B00002N5OI,demo-store,700
B00002N60O,demo-store,957
B00002N62M,demo-store,485
B00002N60G,demo-store,923
B00002N62T,demo-store,734
B00002N631,demo-store,721
B00002N68M,demo-store,524
B00002N6K8,demo-store,961
B00002N6HD,demo-store,460
B00002N6K7,demo-store,278
B00002N6FB,demo-store,681
B00002N6RZ,demo-store,296
B00002N6RY,demo-store,220
B00002N6RV,demo-store,388
B00002N6Y8,demo-store,757
B00002N6RU,demo-store,673
B00002N74D,demo-store,615
B00002N78A,demo-store,542
B00002N73U,demo-store,789
B00002N77G,demo-store,949
B00002N7IY,demo-store,937
B00002N78W,demo-store,217
B00002N6SO,demo-store,535
B00002N7RN,demo-store,298
B00002N7RJ,demo-store,810
B00002N8A9,demo-store,621
B00002N7RK,demo-store,909
B00002N8AA,demo-store,463
B00002N8AI,demo-store,472
B00002N7VZ,demo-store,176
B00002N8DH,demo-store,240
0000031909,demo-store,369
0000031852,demo-store,122
0000031895,demo-store,115
0071423206,demo-store,845
0188477284,demo-store,767
030795207X,demo-store,961
0345524926,demo-store,685
0393061744,demo-store,989
0393242196,demo-store,423
0486211452,demo-store,557
0486457192,demo-store,890
0531904822,demo-store,714
060791548X,demo-store,498
0607968699,demo-store,474
0615302939,demo-store,287
0615329020,demo-store,234
0615375790,demo-store,276
0615532209,demo-store,536
0641869169,demo-store,460
0736060332,demo-store,676
0743273575,demo-store,643
0743608658,demo-store,805
074360962X,demo-store,372
074360900X,demo-store,116
0743608984,demo-store,895
074361058X,demo-store,971
0743609972,demo-store,259
0756659981,demo-store,650
0762440643,demo-store,789
0762727004,demo-store,407
0762746793,demo-store,543
0762763833,demo-store,561
0762769858,demo-store,152
0762769998,demo-store,463
076277911X,demo-store,598
0762779101,demo-store,632
0762790202,demo-store,809
078341384X,demo-store,875
0811733068,demo-store,826
0892724323,demo-store,457
0898866006,demo-store,349
0898866588,demo-store,371
0898867568,demo-store,297
0898868904,demo-store,614
0898868092,demo-store,357
089886769X,demo-store,869
0898868653,demo-store,764
0899334113,demo-store,536
0930559029,demo-store,651
0934641730,demo-store,129
0960169814,demo-store,964
0963235982,demo-store,817
0963993208,demo-store,112
0965042138,demo-store,902
0965976823,demo-store,997
0970704615,demo-store,892
0971100764,demo-store,201
0971968128,demo-store,802
0973259361,demo-store,680
0974593613,demo-store,706
097459363X,demo-store,292
0974632058,demo-store,282
0974696153,demo-store,651
0975780743,demo-store,394
0976778408,demo-store,782
0977416607,demo-store,610
0977943550,demo-store,618
0977943518,demo-store,771
0977943593,demo-store,208
0977943585,demo-store,607
0977943577,demo-store,836
0978890981,demo-store,330
0978890930,demo-store,779
0978890957,demo-store,194
0979264413,demo-store,900
0979413281,demo-store,822
0979585007,demo-store,256
0979625505,demo-store,143
0981899382,demo-store,687
0981963501,demo-store,630
0982123248,demo-store,620
0983318638,demo-store,608
0984445161,demo-store,404
0987779605,demo-store,927
0989065502,demo-store,607
0989450805,demo-store,495
1080961844,demo-store,879
1105869555,demo-store,159
1118306767,demo-store,273
1300354372,demo-store,432
1300310065,demo-store,351
130082753X,demo-store,779
1300827300,demo-store,267
0000143561,demo-store,598
0000031909,demo-store,798
0001048775,demo-store,117
0000031852,demo-store,913
0001048236,demo-store,625
0001057170,demo-store,383
0001053396,demo-store,648
0001072986,demo-store,886
0001053744,demo-store,962
0001055178,demo-store,363
0001042335,demo-store,454
000136118X,demo-store,587
0001360000,demo-store,477
0001018043,demo-store,388
0000143529,demo-store,174
000102521X,demo-store,109
0000031887,demo-store,434
0000143502,demo-store,318
0000191639,demo-store,445
0000031895,demo-store,387
0001056107,demo-store,349
0000143588,demo-store,447
0001517791,demo-store,536
0001056530,demo-store,264
0001006657,demo-store,396
000171287X,demo-store,387
000171130X,demo-store,894
000100039X,demo-store,216
0001473905,demo-store,555
0001714546,demo-store,509
0001516035,demo-store,848
0001839225,demo-store,927
0001501348,demo-store,590
0001384163,demo-store,722
0001837397,demo-store,869
0000791156,demo-store,686
0001714538,demo-store,801
0001857169,demo-store,664
0001711342,demo-store,459
0001393774,demo-store,994
0001714384,demo-store,552
0001845357,demo-store,820
0001981315,demo-store,120
0001384155,demo-store,608
0001857029,demo-store,760
0001950541,demo-store,846
000198327X,demo-store,326
0001984020,demo-store,410
0001939777,demo-store,528
0001983261,demo-store,801
0001983415,demo-store,654
000198392X,demo-store,594
0001983393,demo-store,782
0001473123,demo-store,864
0001983938,demo-store,991
0002000547,demo-store,467
0001981692,demo-store,487
0001983857,demo-store,655
0001713256,demo-store,719
0001956264,demo-store,654
0001839233,demo-store,486
0002008483,demo-store,158
000211268X,demo-store,788
0001485423,demo-store,951
0002113570,demo-store,962
0002007649,demo-store,627
0001712772,demo-store,399
0001526863,demo-store,384
0001856871,demo-store,830
0002153238,demo-store,641
0002154781,demo-store,381
0002111306,demo-store,846
0001983660,demo-store,585
0002153246,demo-store,273
000014357X,demo-store,776
0001983806,demo-store,314
0002114186,demo-store,400
0002158183,demo-store,351
0002153432,demo-store,213
0002007681,demo-store,257
0002154129,demo-store,459
0002157330,demo-store,830
000215949X,demo-store,382
0002154579,demo-store,148
0002153211,demo-store,205
0002158442,demo-store,868
000215854X,demo-store,136
0002155435,demo-store,229
0002176203,demo-store,146
0002159317,demo-store,155
0002157292,demo-store,565
0002159643,demo-store,919
000216194X,demo-store,189
0002179741,demo-store,855
0002159627,demo-store,493
0002199181,demo-store,373
0002187027,demo-store,941
0001713108,demo-store,814
0001711296,demo-store,411
000217989X,demo-store,840
0002167425,demo-store,220
0002173808,demo-store,876
0002179911,demo-store,434
0002175983,demo-store,488
0002198940,demo-store,405
000218494X,demo-store,933
0002159511,demo-store,897
0002197790,demo-store,209
0002175800,demo-store,861
0002185385,demo-store,242
000215725X,demo-store,318
0002189615,demo-store,922
000219984X,demo-store,595
0002178559,demo-store,466
0002210495,demo-store,248
0002199963,demo-store,568
0002191369,demo-store,154
0002154838,demo-store,561
0002188384,demo-store,338
0002154463,demo-store,799
0002199645,demo-store,220
0002117088,demo-store,736
0002212129,demo-store,278
0002218321,demo-store,795
0002210967,demo-store,705
000221735X,demo-store,357
0002202123,demo-store,518
0002179679,demo-store,197
0002202158,demo-store,565
0002197782,demo-store,739
0002192888,demo-store,888
0002219417,demo-store,891
0002214709,demo-store,672
0002213311,demo-store,278
0002189607,demo-store,617
0002219492,demo-store,752
0002215357,demo-store,307
0002199823,demo-store,135
0002200120,demo-store,935
0002237245,demo-store,882
0002231832,demo-store,602
0002226901,demo-store,452
0002236761,demo-store,684
000225073X,demo-store,243
0002231026,demo-store,470
0002228645,demo-store,166
0002250667,demo-store,867
0002250713,demo-store,357
0002251183,demo-store,163
0002251965,demo-store,597
0002251043,demo-store,180
0002252104,demo-store,531
000225218X,demo-store,790
0002251337,demo-store,930
0002243741,demo-store,750
000222383X,demo-store,497
0002252015,demo-store,928
0002250462,demo-store,979
0002254182,demo-store,472
000225686X,demo-store,499
0002250748,demo-store,351
0002226618,demo-store,479
000223677X,demo-store,597
0002251507,demo-store,841
0002254816,demo-store,741
0002258579,demo-store,796
0002253968,demo-store,898
0002254565,demo-store,481
0002259192,demo-store,969
0002251833,demo-store,935
000225705X,demo-store,831
0002243768,demo-store,466
0002250381,demo-store,582
0002250519,demo-store,208
0002254123,demo-store,493
0002250616,demo-store,214
0002221020,demo-store,977
0002250535,demo-store,339
0002312263,demo-store,427
0002222590,demo-store,586
0002221365,demo-store,122
0002315963,demo-store,377
0002261200,demo-store,480
0002250756,demo-store,102
0002202085,demo-store,846
0002235013,demo-store,624
0002251981,demo-store,627
0002326698,demo-store,229
0002251205,demo-store,210
0002251213,demo-store,226
0002226049,demo-store,961
0002326876,demo-store,129
0002311240,demo-store,720
0002314282,demo-store,582
0002218844,demo-store,336
0002550865,demo-store,246
0002551152,demo-store,640
0002254131,demo-store,177
0002239221,demo-store,794
0002310899,demo-store,532
0002550296,demo-store,562
0002237814,demo-store,804
0002551489,demo-store,662
0002251884,demo-store,411
0002552264,demo-store,596
0002255553,demo-store,342
0002327031,demo-store,839
0002214407,demo-store,548
0002552256,demo-store,532
0002553430,demo-store,788
0002552574,demo-store,992
0002311216,demo-store,309
0002553341,demo-store,222
0002553449,demo-store,180
000255223X,demo-store,159
0002554216,demo-store,711
0002553473,demo-store,937
0002229781,demo-store,506
0002554364,demo-store,364
0002251930,demo-store,536
000255397X,demo-store,918
0002550857,demo-store,880
0002255731,demo-store,445
0002239418,demo-store,748
0002553481,demo-store,918
0002318075,demo-store,564
0002253305,demo-store,630
0002554755,demo-store,738
0002553708,demo-store,396
0002553732,demo-store,938
000225977X,demo-store,974
0002553457,demo-store,506
0002553295,demo-store,628
0002556642,demo-store,640
0002554534,demo-store,974
0002554593,demo-store,815
0002551470,demo-store,415
000255738X,demo-store,943
0002554798,demo-store,954
0002552531,demo-store,955
000255383X,demo-store,848
0002554909,demo-store,571
0002557681,demo-store,478
0002551659,demo-store,686
0002554194,demo-store,367
0002550326,demo-store,933
0002551667,demo-store,663
0002554526,demo-store,328
0002557231,demo-store,839
0002558637,demo-store,415
0002556723,demo-store,524
0002551195,demo-store,371
000255898X,demo-store,795
0002252082,demo-store,930
0002554771,demo-store,895
0002558572,demo-store,326
0002554577,demo-store,161
0002558319,demo-store,834
0002554518,demo-store,815
0002550938,demo-store,761
0002554623,demo-store,659
0002553988,demo-store,417
0002570874,demo-store,278
0002570033,demo-store,550
0002571382,demo-store,383
0002570319,demo-store,196
0002554860,demo-store,595
0002558033,demo-store,484
000255934X,demo-store,756
0002625032,demo-store,689
0002571153,demo-store,886
0002559064,demo-store,511
0002571714,demo-store,983
0002570130,demo-store,549
0002713454,demo-store,295
0002558793,demo-store,591
0002571404,demo-store,602
000255710X,demo-store,682
0002554763,demo-store,993
000257196X,demo-store,680
0002713357,demo-store,722
0002570963,demo-store,453
0002719053,demo-store,844
0002570327,demo-store,134
0002551543,demo-store,769
0002712199,demo-store,247
0002556324,demo-store,876
000255870X,demo-store,860
0002572192,demo-store,592
0002712091,demo-store,626
0002571560,demo-store,281
0002614510,demo-store,520
000255450X,demo-store,808
0002555875,demo-store,297
0002713756,demo-store,315
0002710188,demo-store,511
0002558173,demo-store,811
0002614529,demo-store,982
0002571943,demo-store,766
0002713624,demo-store,856
0002570890,demo-store,841
0002730057,demo-store,818
0003222977,demo-store,696
0002726874,demo-store,706
0002740427,demo-store,186
0002571293,demo-store,295
0002740303,demo-store,316
0003278344,demo-store,891
0002559099,demo-store,207
0002740168,demo-store,577
0002740737,demo-store,798
0002571471,demo-store,744
0002740753,demo-store,811
0002712709,demo-store,257
0002713241,demo-store,524
0004127056,demo-store,460
0002720728,demo-store,592
0004120205,demo-store,596
0002318652,demo-store,292
0002570831,demo-store,693
0002558718,demo-store,281
0004126815,demo-store,897
0004133307,demo-store,722
0004133285,demo-store,876
0002727463,demo-store,813
0003708861,demo-store,474
0004126505,demo-store,416
0004133382,demo-store,626
0004140850,demo-store,823
0003271323,demo-store,385
0004140966,demo-store,159
0004133463,demo-store,631
0004140052,demo-store,957
0004133595,demo-store,325
000274094X,demo-store,784
0002713810,demo-store,659
0004133587,demo-store,780
0004134125,demo-store,800
0002551519,demo-store,942
0004134109,demo-store,355
0002572168,demo-store,235
0004133897,demo-store,305
0004140494,demo-store,724
0004133900,demo-store,689
0004145372,demo-store,822
0004133935,demo-store,579
0002555026,demo-store,359
0004589769,demo-store,177
0002555921,demo-store,919
0004489438,demo-store,603
0003300781,demo-store,139
0004140648,demo-store,449
0004334051,demo-store,854
0004343476,demo-store,288
0004586441,demo-store,610
0004140338,demo-store,379
0004133862,demo-store,228
0004586654,demo-store,579
0004486110,demo-store,966
0004133536,demo-store,823
0003222357,demo-store,724
0004126483,demo-store,505
0004125231,demo-store,631
0004489098,demo-store,921
0004488938,demo-store,463
0004700090,demo-store,433
0004708490,demo-store,482
0004709977,demo-store,666
0004140958,demo-store,125
0004710258,demo-store,412
0004710010,demo-store,232
0004585488,demo-store,221
0004489004,demo-store,641
0004721098,demo-store,902
0004589580,demo-store,438
0004708229,demo-store,541
0004700481,demo-store,572
0004722205,demo-store,882
0004721357,demo-store,217
0004720776,demo-store,484
0004704991,demo-store,181
0004708261,demo-store,683
0004707532,demo-store,981
0004707664,demo-store,808
0004722698,demo-store,406
0004707508,demo-store,756
0004722116,demo-store,103
000470763X,demo-store,770
0004702743,demo-store,247
000470746X,demo-store,436
0004723821,demo-store,937
0004720652,demo-store,559
000472254X,demo-store,779
0004722213,demo-store,771
0004724097,demo-store,565
000472500X,demo-store,562
0004721470,demo-store,903
0004708466,demo-store,788
0004724143,demo-store,101
0004708237,demo-store,704
0004721446,demo-store,829
0004586522,demo-store,453
0005019222,demo-store,753
0004722639,demo-store,683
0004588029,demo-store,555
0005048729,demo-store,522
0004724119,demo-store,131
0004724542,demo-store,427
0004724038,demo-store,598
0004720091,demo-store,650
0004722590,demo-store,332
0004724526,demo-store,500
0005097258,demo-store,825
0005048524,demo-store,251
0004724747,demo-store,233
0005114349,demo-store,440
0004725042,demo-store,602
0005055121,demo-store,370
0005123909,demo-store,975
0005089549,demo-store,231
0004990218,demo-store,920
0005119367,demo-store,884
0005097231,demo-store,659
0004722957,demo-store,508
0005054885,demo-store,408
0004708482,demo-store,124
0005134188,demo-store,535
0005019281,demo-store,760
0005092663,demo-store,113
0004724763,demo-store,373
0004724534,demo-store,191
0004723724,demo-store,655
0005419263,demo-store,113
0005200288,demo-store,427
000599134X,demo-store,313
0005465281,demo-store,817
0005476216,demo-store,598
0005235774,demo-store,322
0004723996,demo-store,787
0005452287,demo-store,785
0005993814,demo-store,823
0005257891,demo-store,928
0005991897,demo-store,216
0005441382,demo-store,229
0005992095,demo-store,661
000612609X,demo-store,611
0005997925,demo-store,513
0005991978,demo-store,141
0006140882,demo-store,324
000612321X,demo-store,681
0005445825,demo-store,339
0005990602,demo-store,754
0006137741,demo-store,122
0005991315,demo-store,268
0006161413,demo-store,759
000614408X,demo-store,659
0006158056,demo-store,141
0005991293,demo-store,168
0006135129,demo-store,530
0006158048,demo-store,913
0006170749,demo-store,301
0006165699,demo-store,235
0006176607,demo-store,151
0006163351,demo-store,621
0006172164,demo-store,837
000617471X,demo-store,438
0006177484,demo-store,429
0005059836,demo-store,718
0006170110,demo-store,945
000617499X,demo-store,990
0006129005,demo-store,139
000617681X,demo-store,264
0006176755,demo-store,926
000616174X,demo-store,602
0006173527,demo-store,698
0006276199,demo-store,574
0006179983,demo-store,831
0006176909,demo-store,701
0006176550,demo-store,991
0006279457,demo-store,643
0006255450,demo-store,329
0006279295,demo-store,504
0006172466,demo-store,192
0006280080,demo-store,267
0006280536,demo-store,653
0006279554,demo-store,101
0006280374,demo-store,755
0006280366,demo-store,840
0006172504,demo-store,843
0006278558,demo-store,226
0006279872,demo-store,546
0006278582,demo-store,389
0006281435,demo-store,219
0006281605,demo-store,590
0006278159,demo-store,445
0006175015,demo-store,728
0006245668,demo-store,779
0006279244,demo-store,860
0006281036,demo-store,765
0006281052,demo-store,124
0006281621,demo-store,204
0006274765,demo-store,226
0006281575,demo-store,116
000628101X,demo-store,779
0006275192,demo-store,669
0006280447,demo-store,584
0006162592,demo-store,696
0006365582,demo-store,368
0006341616,demo-store,855
0006281443,demo-store,273
0006370004,demo-store,859
0006281354,demo-store,631
0006281745,demo-store,247
0006280862,demo-store,851
000636540X,demo-store,371
0006240682,demo-store,549
0006278736,demo-store,767
0006375316,demo-store,717
0006266363,demo-store,893
0006380387,demo-store,987
0006279597,demo-store,393
0006280684,demo-store,175
0006371930,demo-store,721
0006371949,demo-store,681
0006382878,demo-store,555
0006380905,demo-store,943
0006382568,demo-store,639
0006382991,demo-store,514
0006383548,demo-store,411
0006281125,demo-store,762
0006380433,demo-store,264
0006372643,demo-store,500
0006374085,demo-store,546
0006353282,demo-store,768
0006374301,demo-store,924
0006384218,demo-store,103
0006385419,demo-store,506
0006375669,demo-store,779
0006383475,demo-store,154
0006387500,demo-store,759
0006383378,demo-store,933
0006380840,demo-store,219
0006379737,demo-store,282
0006383718,demo-store,504
0006384595,demo-store,880
0006388183,demo-store,555
0006373429,demo-store,734
0006388671,demo-store,522
0006380727,demo-store,917
0006388256,demo-store,552
0006380832,demo-store,521
0006387640,demo-store,956
0006380298,demo-store,316
0006385141,demo-store,719
000638837X,demo-store,454
0006387306,demo-store,271
0006391869,demo-store,353
0006386733,demo-store,924
0006384226,demo-store,616
0006378560,demo-store,662
0006472648,demo-store,934
0006387578,demo-store,344
0006470688,demo-store,869
0006476201,demo-store,921
0006387403,demo-store,556
0006470238,demo-store,278
000647019X,demo-store,933
0006388515,demo-store,855
0006479677,demo-store,875
0006470181,demo-store,694
000647859X,demo-store,950
0006477100,demo-store,990
0006479650,demo-store,628
0006479359,demo-store,643
0006386245,demo-store,792
0006476058,demo-store,458
0006473296,demo-store,861
0006476457,demo-store,543
000648025X,demo-store,511
0006482147,demo-store,954
0006483968,demo-store,317
0006481434,demo-store,474
0006473334,demo-store,592
0006475043,demo-store,104
0006482007,demo-store,360
000648381X,demo-store,329
0006483712,demo-store,481
0006479014,demo-store,879
0006491006,demo-store,831
0006479901,demo-store,959
0006486223,demo-store,328
0006482430,demo-store,151
0006482015,demo-store,778
000647618X,demo-store,886
0006471641,demo-store,812
0006491790,demo-store,595
0006476155,demo-store,535
000648302X,demo-store,256
0006491944,demo-store,532
0006490603,demo-store,946
0006486096,demo-store,747
0006475973,demo-store,617
0006480160,demo-store,231
0006490271,demo-store,599
0006492347,demo-store,799
0006491545,demo-store,218
0006483844,demo-store,930
0006481353,demo-store,936
0006497128,demo-store,831
0006496423,demo-store,260
0006477097,demo-store,831
0006498892,demo-store,464
0006491367,demo-store,614
0006498140,demo-store,324
0006498027,demo-store,140
0006497802,demo-store,279
0006385567,demo-store,107
0006491243,demo-store,993
000649692X,demo-store,899
0006482155,demo-store,893
0006498051,demo-store,366
0006499465,demo-store,581
0006490522,demo-store,125
0006498930,demo-store,378
0006498310,demo-store,931
0006499376,demo-store,552
0006499031,demo-store,748
0006496415,demo-store,496
0006498000,demo-store,932
0006498019,demo-store,798
0006491898,demo-store,1000
0006499457,demo-store,516
0006482724,demo-store,628
0006510701,demo-store,588
0006492126,demo-store,687
0006498698,demo-store,397
0006499473,demo-store,569
0006511821,demo-store,787
0006499503,demo-store,418
0006510515,demo-store,441
0006510744,demo-store,271
0006483933,demo-store,743
0006512046,demo-store,953
0006513743,demo-store,460
0006511856,demo-store,181
000649885X,demo-store,153
0006499937,demo-store,241
0006510450,demo-store,726
0006496911,demo-store,285
0006510094,demo-store,306
0006499600,demo-store,107
0006499570,demo-store,946
0006513379,demo-store,777
0006485081,demo-store,759
000651233X,demo-store,662
0006513778,demo-store,507
0006514383,demo-store,375
0006513492,demo-store,677
0006512070,demo-store,438
0006510655,demo-store,265
0006476325,demo-store,576
0006513514,demo-store,262
0006514650,demo-store,802
0006510507,demo-store,392
0006512666,demo-store,618
0006514251,demo-store,127
0006514219,demo-store,518
0006512275,demo-store,520
0006530907,demo-store,295
0006512623,demo-store,633
0006530710,demo-store,524
0006531911,demo-store,710
0006531024,demo-store,503
0006492444,demo-store,136
0006479286,demo-store,207
0006510663,demo-store,981
0006531172,demo-store,383
0006514006,demo-store,374
0006499481,demo-store,387
0006531636,demo-store,998
0006530702,demo-store,874
0006531997,demo-store,680
0006531644,demo-store,572
0006514642,demo-store,352
0006499317,demo-store,130
000653113X,demo-store,661
0006532381,demo-store,118
0006541216,demo-store,772
0006530850,demo-store,167
0006530699,demo-store,394
0006512941,demo-store,374
0006480829,demo-store,240
0006531563,demo-store,943
0006514685,demo-store,989
0006511775,demo-store,756
0006511570,demo-store,895
0006531113,demo-store,419
0006543413,demo-store,136
0006492460,demo-store,517
0006510078,demo-store,138
0006481809,demo-store,447
0006531520,demo-store,411
0006542247,demo-store,137
0006514359,demo-store,1000
0006547192,demo-store,597
0006544150,demo-store,656
0006547133,demo-store,868
0006532217,demo-store,841
000655010X,demo-store,455
0006547184,demo-store,621
0006498418,demo-store,319
0006544584,demo-store,781
0006545777,demo-store,367
0006547699,demo-store,386
0006513433,demo-store,568
0006532160,demo-store,820
0006550339,demo-store,913
0006531237,demo-store,347
0006550401,demo-store,926
0006532306,demo-store,328
0006513174,demo-store,885
0006482791,demo-store,539
0006551688,demo-store,412
0006551513,demo-store,695
0006550274,demo-store,282
0006511252,demo-store,318
0006514774,demo-store,914
0006510221,demo-store,987
0006551009,demo-store,414
0006550452,demo-store,566
0006547745,demo-store,515
0006550657,demo-store,158
0006551912,demo-store,373
0006545459,demo-store,817
000651216X,demo-store,316
0006546846,demo-store,145
0006550878,demo-store,913
0006552307,demo-store,435
0006552188,demo-store,600
000651183X,demo-store,526
0006552021,demo-store,145
000662748X,demo-store,545
0006550282,demo-store,956
0006548350,demo-store,533
0006551068,demo-store,992
0006544754,demo-store,532
0006532004,demo-store,546
0006551386,demo-store,594
0006513441,demo-store,902
0006547265,demo-store,370
0006548423,demo-store,849
0006640338,demo-store,417
0006646387,demo-store,725
0006545467,demo-store,410
0006551807,demo-store,780
0006547680,demo-store,280
0006531547,demo-store,834
0006645178,demo-store,847
0006550479,demo-store,684
0006725813,demo-store,319
0006636829,demo-store,494
0006647782,demo-store,314
000655198X,demo-store,366
0006552129,demo-store,167
0006530818,demo-store,562
0006719627,demo-store,214
0006512828,demo-store,434
0006638554,demo-store,555
0006737447,demo-store,833
0006647359,demo-store,703
0006736815,demo-store,531
000655069X,demo-store,397
0006749526,demo-store,740
0006552439,demo-store,283
0006544894,demo-store,871
000664502X,demo-store,140
0006754538,demo-store,472
0006755313,demo-store,593
0006550223,demo-store,388
0006753981,demo-store,403
0006733271,demo-store,428
0006645194,demo-store,532
0006751970,demo-store,134
0006551971,demo-store,658
0006647448,demo-store,949
0006754708,demo-store,565
0006862268,demo-store,974
0006755283,demo-store,188
0006646271,demo-store,946
0006753450,demo-store,833
0006552358,demo-store,102
0006755216,demo-store,724
0006861733,demo-store,618
0006641288,demo-store,776
0006644074,demo-store,436
0006753639,demo-store,798
0006861792,demo-store,420
0006863434,demo-store,906
0006640648,demo-store,230
0006646468,demo-store,206
0006917801,demo-store,570
0006915612,demo-store,677
0006754589,demo-store,888
0006588204,demo-store,764
0006945562,demo-store,903
0006754287,demo-store,797
0006923992,demo-store,320
0006498841,demo-store,102
0006861962,demo-store,472
0006932045,demo-store,493
0007100345,demo-store,207
0007100108,demo-store,411
0006861415,demo-store,855
0006863817,demo-store,697
0007101295,demo-store,440
0007102313,demo-store,824
0007100450,demo-store,349
0007100787,demo-store,592
0007102593,demo-store,476
0006752586,demo-store,791
0006886558,demo-store,396
0007102216,demo-store,256
0007101309,demo-store,466
0007101880,demo-store,186
0007100957,demo-store,214
0006931863,demo-store,250
0006499945,demo-store,602
0007103107,demo-store,418
0007101902,demo-store,826
0006930131,demo-store,100
0007103174,demo-store,347
0007103360,demo-store,682
000710331X,demo-store,170
0007100973,demo-store,944
0007105150,demo-store,794
0007101082,demo-store,616
0007103417,demo-store,290
0007104065,demo-store,956
0007100140,demo-store,486
0006751032,demo-store,930
0007102658,demo-store,965
0006924581,demo-store,677
0007106335,demo-store,277
000710555X,demo-store,657
0007107234,demo-store,340
0007106971,demo-store,475
0007104367,demo-store,801
0007107188,demo-store,352
0007101112,demo-store,782
0007105363,demo-store,958
0006550436,demo-store,662
0007105762,demo-store,318
0007103980,demo-store,733
0007100035,demo-store,769
0007100019,demo-store,803
0007107110,demo-store,198
0007101244,demo-store,593
0007102186,demo-store,424
0007103867,demo-store,290
0007101910,demo-store,263
0007108001,demo-store,225
0006925170,demo-store,635
0007102704,demo-store,407
0007103077,demo-store,725
0007109075,demo-store,684
0007105428,demo-store,192
0007109989,demo-store,584
0007107722,demo-store,746
0007107293,demo-store,861
0007106823,demo-store,815
0007110200,demo-store,287
000710202X,demo-store,622
0007104405,demo-store,716
0007110332,demo-store,322
0007102011,demo-store,945
0007111177,demo-store,987
0007109490,demo-store,902
0007109261,demo-store,805
0007107978,demo-store,559
0007108656,demo-store,278
0007103387,demo-store,414
000710734X,demo-store,896
0007103530,demo-store,985
0007110162,demo-store,109
0007103328,demo-store,328
0007100965,demo-store,972
0007113137,demo-store,251
0007107927,demo-store,635
0007110359,demo-store,262
0007104022,demo-store,433
0007102305,demo-store,341
0007110219,demo-store,256
0007111193,demo-store,534
000710717X,demo-store,233
0007101147,demo-store,480
0007111584,demo-store,692
0007108419,demo-store,591
0007112793,demo-store,281
0007110731,demo-store,402
0007110367,demo-store,429
0007104847,demo-store,345
000710894X,demo-store,145
0007113234,demo-store,413
0007112580,demo-store,141
0007108176,demo-store,353
0007108168,demo-store,882
0007111517,demo-store,451
0007114222,demo-store,804
0007109601,demo-store,723
0007108435,demo-store,432
0007111347,demo-store,807
0007110375,demo-store,756
0007112645,demo-store,677
0007104839,demo-store,928
0007110227,demo-store,694
0007114710,demo-store,706
0007115938,demo-store,726
0007110014,demo-store,232
0007116543,demo-store,207
0007107005,demo-store,424
0007109245,demo-store,283
0007105088,demo-store,188
0007112998,demo-store,912
0007101929,demo-store,406
0007116330,demo-store,574
0007106211,demo-store,969
0007111266,demo-store,644
0007112521,demo-store,289
000711530X,demo-store,516
0007115369,demo-store,858
0007111134,demo-store,793
0007111290,demo-store,969
0007116454,demo-store,742
0007117868,demo-store,565
0007107951,demo-store,246
0007116195,demo-store,966
0007108885,demo-store,620
0007115024,demo-store,990
0007115466,demo-store,626
0007116233,demo-store,174
0007117930,demo-store,167
0007106246,demo-store,558
0007115768,demo-store,486
0007116772,demo-store,898
0007107919,demo-store,309
0007113978,demo-store,868
0007113587,demo-store,977
0007112637,demo-store,859
0007110642,demo-store,228
0007113080,demo-store,397
0007113323,demo-store,416
0007114494,demo-store,145
0007114478,demo-store,385
000710958X,demo-store,722
0007115865,demo-store,975
0007117043,demo-store,706
0007107900,demo-store,210
0007103999,demo-store,900
0007118473,demo-store,263
0007118651,demo-store,750
000711883X,demo-store,782
0007122500,demo-store,684
0007121822,demo-store,808
0007121172,demo-store,921
0007120214,demo-store,640
0007111541,demo-store,236
0007118449,demo-store,989
0007117094,demo-store,882
0007118937,demo-store,985
0007119860,demo-store,377
0007117078,demo-store,668
000712032X,demo-store,844
0007119739,demo-store,517
0007111681,demo-store,603
0007112785,demo-store,777
0007122993,demo-store,601
0007118481,demo-store,261
0007122462,demo-store,403
0007117019,demo-store,465
0007119151,demo-store,587
0007121334,demo-store,207
0007123078,demo-store,808
0007123132,demo-store,885
0007121512,demo-store,879
0007115008,demo-store,337
0007113218,demo-store,691
0007115040,demo-store,774
0007122772,demo-store,417
0007120621,demo-store,922
0007126239,demo-store,601
0007120257,demo-store,359
0007123477,demo-store,145
0007123868,demo-store,420
0007121687,demo-store,874
0007119801,demo-store,818
0007122764,demo-store,696
0007119267,demo-store,402
0007127065,demo-store,342
0007123469,demo-store,616
0007118775,demo-store,622
0007122241,demo-store,357
0007121121,demo-store,701
0007119070,demo-store,109
0007126913,demo-store,426
0007123744,demo-store,908
0007122314,demo-store,185
0007122756,demo-store,739
000712113X,demo-store,552
0007121164,demo-store,246
0007126255,demo-store,701
0007111509,demo-store,224
0007116993,demo-store,783
0007128177,demo-store,953
000712760X,demo-store,942
0007124120,demo-store,573
0007124015,demo-store,973
0007127359,demo-store,616
0007129505,demo-store,192
0007116055,demo-store,246
0007127960,demo-store,745
0007122802,demo-store,123
0007122039,demo-store,774
0007127251,demo-store,417
0007129564,demo-store,792
0007130872,demo-store,958
0007119674,demo-store,108
000712774X,demo-store,770
0007107668,demo-store,800
0007113633,demo-store,469
0007129882,demo-store,278
0007126867,demo-store,413
0007120699,demo-store,447
0007119240,demo-store,941
0007129653,demo-store,751
0007122071,demo-store,305
0007128231,demo-store,823
0007130465,demo-store,255
0007126409,demo-store,946
0007126190,demo-store,196
0007120303,demo-store,504
0007131119,demo-store,794
0007122934,demo-store,368
0007130902,demo-store,453
0007123000,demo-store,770
0007120192,demo-store,107
0007127375,demo-store,339
0007131526,demo-store,181
0007111444,demo-store,235
0007126468,demo-store,277
0007129491,demo-store,316
000712998X,demo-store,571
0007130511,demo-store,339
0007131968,demo-store,530
0007128088,demo-store,362
0007121814,demo-store,207
0007129572,demo-store,414
0007131674,demo-store,369
0007129602,demo-store,868
0007106904,demo-store,846
000712029X,demo-store,296
0007131852,demo-store,182
0007132824,demo-store,865
0007132875,demo-store,453
0007130988,demo-store,323
0007131240,demo-store,187
000712693X,demo-store,554
0007121768,demo-store,997
0007133235,demo-store,119
0007122497,demo-store,359
0007133189,demo-store,818
0007133359,demo-store,215
0007133383,demo-store,296
0007133243,demo-store,138
0007127871,demo-store,832
0007133103,demo-store,508
0007128576,demo-store,949
0007129742,demo-store,612
0007132417,demo-store,304
0007136102,demo-store,694
000713603X,demo-store,619
0007133227,demo-store,831
0007131828,demo-store,501
0007134282,demo-store,342
0007127820,demo-store,724
0007133839,demo-store,722
0007131518,demo-store,419
0007138024,demo-store,457
0007133138,demo-store,370
0007134444,demo-store,742
000712287X,demo-store,342
0007139756,demo-store,908
0007138520,demo-store,710
0007131143,demo-store,124
0007138121,demo-store,462
0007118899,demo-store,969
0007106912,demo-store,591
0007136447,demo-store,728
0007135653,demo-store,704
0007130996,demo-store,489
0007137540,demo-store,260
0007136951,demo-store,119
0007130856,demo-store,579
0007133073,demo-store,443
0007137508,demo-store,653
0007133715,demo-store,455
0007127952,demo-store,537
0007136412,demo-store,630
0007142161,demo-store,723
0007137435,demo-store,633
0007129610,demo-store,204
0007132328,demo-store,196
0007141491,demo-store,423
0007141335,demo-store,983
000713021X,demo-store,649
0007111762,demo-store,433
0007138873,demo-store,588
0007142528,demo-store,165
0007142978,demo-store,891
0007136838,demo-store,109
0007142552,demo-store,265
0007131747,demo-store,426
0007143478,demo-store,691
0007143346,demo-store,655
0007137605,demo-store,745
000713326X,demo-store,334
0007131380,demo-store,359
0007142579,demo-store,479
0007136110,demo-store,861
000713309X,demo-store,998
0007140436,demo-store,926
0007131844,demo-store,494
0007140495,demo-store,726
0007139810,demo-store,100
0007137516,demo-store,463
0007131631,demo-store,973
0007136536,demo-store,320
000714119X,demo-store,996
0007145454,demo-store,269
0007143486,demo-store,555
0007139837,demo-store,228
0007137885,demo-store,947
0007142730,demo-store,897
0007145373,demo-store,308
0007145438,demo-store,494
0007131658,demo-store,756
0007145160,demo-store,519
0007143818,demo-store,622
0007143761,demo-store,298
0007145012,demo-store,847
000714346X,demo-store,141
0007145543,demo-store,690
0007143745,demo-store,334
0007145411,demo-store,241
0007146434,demo-store,788
0007145683,demo-store,811
0007142285,demo-store,572
0007143885,demo-store,611
0007145187,demo-store,992
0007139365,demo-store,142
0007141785,demo-store,446
000714573X,demo-store,360
0007146841,demo-store,208
000713472X,demo-store,310
0007141521,demo-store,378
0007142935,demo-store,204
0007141750,demo-store,742
0007136552,demo-store,264
0007143753,demo-store,508
0007147406,demo-store,960
0007138059,demo-store,237
0007146671,demo-store,594
0007146116,demo-store,849
0007149395,demo-store,717
0007149034,demo-store,255
0007146620,demo-store,566
0007146663,demo-store,473
0007145381,demo-store,170
0007140444,demo-store,200
0007136048,demo-store,748
0007147686,demo-store,746
0007133855,demo-store,580
0007136129,demo-store,252
0007147139,demo-store,230
0007143001,demo-store,444
0007146299,demo-store,970
0007148089,demo-store,629
0007139489,demo-store,469
0007150660,demo-store,142
0007139543,demo-store,805
0007150431,demo-store,510
0007145705,demo-store,375
0007148224,demo-store,475
0007146639,demo-store,267
0007137699,demo-store,306
0007137222,demo-store,778
0007153716,demo-store,728
0007153554,demo-store,651
0007152647,demo-store,776
0007150342,demo-store,561
0007147430,demo-store,298
0007143974,demo-store,821
000715366X,demo-store,130
0007131895,demo-store,908
0007153996,demo-store,141
0007153988,demo-store,366
0007143443,demo-store,501
0007147422,demo-store,374
0007149468,demo-store,512
000714668X,demo-store,729
0007134495,demo-store,359
0007150911,demo-store,448
0007150253,demo-store,376
0007149174,demo-store,978
0007151225,demo-store,495
0007151241,demo-store,272
0007148747,demo-store,690
0007148976,demo-store,122
0007145896,demo-store,869
000715173X,demo-store,639
0007154100,demo-store,628
0007145918,demo-store,264
0007149689,demo-store,167
0007152817,demo-store,583
0007155034,demo-store,478
000715514X,demo-store,708
0007155689,demo-store,165
0007156073,demo-store,637
0007137788,demo-store,969
0007151047,demo-store,867
0007152531,demo-store,560
0007142951,demo-store,755
0007153937,demo-store,938
0007149832,demo-store,546
0007155387,demo-store,207
0007155263,demo-store,575
0007145462,demo-store,310
0007152566,demo-store,311
0007146736,demo-store,179
0007129955,demo-store,982
0007154518,demo-store,349
0007156588,demo-store,370
0007156804,demo-store,384
0007155018,demo-store,767
0007157797,demo-store,606
000714685X,demo-store,229
0007155417,demo-store,779
0007149824,demo-store,318
0007151691,demo-store,569
0007156189,demo-store,835
0007159013,demo-store,967
0007157738,demo-store,536
000715741X,demo-store,490
000715772X,demo-store,140
0007149654,demo-store,670
0007156634,demo-store,468
0007156618,demo-store,828
0007155182,demo-store,333
0007155670,demo-store,577
0007147201,demo-store,105
0007154526,demo-store,501
0007156960,demo-store,379
0007157959,demo-store,182
000714587X,demo-store,581
0007154607,demo-store,515
0007156995,demo-store,178
0007155395,demo-store,639
0007114893,demo-store,761
0007160011,demo-store,804
000715500X,demo-store,717
0007160631,demo-store,793
000716114X,demo-store,357
0007114370,demo-store,794
0007155093,demo-store,305
0007156650,demo-store,161
0007156545,demo-store,373
0007161263,demo-store,808
0007154615,demo-store,299
0007146914,demo-store,267
0007149158,demo-store,657
0007161492,demo-store,921
0007156871,demo-store,723
000715612X,demo-store,290
0007149166,demo-store,211
0007155166,demo-store,360
0007158505,demo-store,807
0007154496,demo-store,932
0007161484,demo-store,342
000715626X,demo-store,704
0007150636,demo-store,148
0007159862,demo-store,135
0007149425,demo-store,722
0007161328,demo-store,218
0007162863,demo-store,515
0007161778,demo-store,680
0007163053,demo-store,284
0007163231,demo-store,429
0007163703,demo-store,111
0007161360,demo-store,229
0007163916,demo-store,452
000716307X,demo-store,726
0007157169,demo-store,131
0007163665,demo-store,402
0007155441,demo-store,888
0007163584,demo-store,454
0007163851,demo-store,264
0007157932,demo-store,721
0007160054,demo-store,644
0007164653,demo-store,385
0007163169,demo-store,521
0007163908,demo-store,498
0007156200,demo-store,465
0007164009,demo-store,775
0007159021,demo-store,255
0007161786,demo-store,685
0007156944,demo-store,110
0007164971,demo-store,386
0007165307,demo-store,178
0007163061,demo-store,575
000716386X,demo-store,902
0007163223,demo-store,342
0007164793,demo-store,224
000716372X,demo-store,525
0007166672,demo-store,731
000716212X,demo-store,807
0007166435,demo-store,782
0007164866,demo-store,576
0007154623,demo-store,178
0007165854,demo-store,819
0007166079,demo-store,868
0007166427,demo-store,447
0007156642,demo-store,845
0007156081,demo-store,152
0007162219,demo-store,571
0007163835,demo-store,702
000716369X,demo-store,660
0007158041,demo-store,488
0007163541,demo-store,319
0007157339,demo-store,582
0007165048,demo-store,520
000716968X,demo-store,743
0007166699,demo-store,144
0007165021,demo-store,106
0007163843,demo-store,215
0007169574,demo-store,269
0007160003,demo-store,952
0007163894,demo-store,597
0007163649,demo-store,228
0007147295,demo-store,197
0007157177,demo-store,598
0007171161,demo-store,622
0007158084,demo-store,757
0007170602,demo-store,394
0007163932,demo-store,871
000716565X,demo-store,110
0007172230,demo-store,354
0007169914,demo-store,926
0007171285,demo-store,127
0007171382,demo-store,844
0007170343,demo-store,280
0007166796,demo-store,991
0007167040,demo-store,638
0007171331,demo-store,982
0007166419,demo-store,569
0007172982,demo-store,451
0007157398,demo-store,603
000716467X,demo-store,814
0007173075,demo-store,281
0007155468,demo-store,164
0007165714,demo-store,150
0007165641,demo-store,493
0007163681,demo-store,413
0007171684,demo-store,665
0007170580,demo-store,461
0007173172,demo-store,798
0007166753,demo-store,563
000716677X,demo-store,579
0007167016,demo-store,813
0007174551,demo-store,557
0007165110,demo-store,522
0007165773,demo-store,255
0007175604,demo-store,271
000716324X,demo-store,853
0007154135,demo-store,640
0007157150,demo-store,340
0007169248,demo-store,210
0007170572,demo-store,700
0007145489,demo-store,938
0007175590,demo-store,348
0007165137,demo-store,635
0007166664,demo-store,210
0007175566,demo-store,249
0007176287,demo-store,757
0007172354,demo-store,600
0007169639,demo-store,305
0007167059,demo-store,734
0007176953,demo-store,114
0007170858,demo-store,340
0007163959,demo-store,221
0007151330,demo-store,545
000717604X,demo-store,996
0007169205,demo-store,384
0007172850,demo-store,132
0007161026,demo-store,544
0007162111,demo-store,379
0007166761,demo-store,372
0007171854,demo-store,631
0007165102,demo-store,963
000717117X,demo-store,137
0007177968,demo-store,106
0007175418,demo-store,790
0007175264,demo-store,313
0007163886,demo-store,281
000717859X,demo-store,767
0007176937,demo-store,144
0007176961,demo-store,760
0007165498,demo-store,104
0007178026,demo-store,835
0007178271,demo-store,526
0007175779,demo-store,416
0007181345,demo-store,994
0007166443,demo-store,563
0007178565,demo-store,851
0007174500,demo-store,587
000717487X,demo-store,121
0007175299,demo-store,117
000716680X,demo-store,844
0007176872,demo-store,310
000718025X,demo-store,614
0007164246,demo-store,667
0007178921,demo-store,378
0007164742,demo-store,609
0007181655,demo-store,464
0007179758,demo-store,684
0007176996,demo-store,881
0007178662,demo-store,570
000718235X,demo-store,263
0007178700,demo-store,508
0007178735,demo-store,536
0007182260,demo-store,260
0007177844,demo-store,693
000717828X,demo-store,319
0007178999,demo-store,728
0007173520,demo-store,279
0007178751,demo-store,724
0007177445,demo-store,712
0007149107,demo-store,369
0007179731,demo-store,285
0007176171,demo-store,792
0007182171,demo-store,634
0007175337,demo-store,218
0007182554,demo-store,482
0007183291,demo-store,409
0007182791,demo-store,832
0007127669,demo-store,779
0007179995,demo-store,351
0007171153,demo-store,415
0007171366,demo-store,242
0007181221,demo-store,944
0007179286,demo-store,783
0007182937,demo-store,709
0007179316,demo-store,739
0007185944,demo-store,288
0007183453,demo-store,918
0007184093,demo-store,215
0007182805,demo-store,125
0007163630,demo-store,415
0007179898,demo-store,157
0007183267,demo-store,932
000718381X,demo-store,179
0007183283,demo-store,478
0007177208,demo-store,400
0007175582,demo-store,767
0007173687,demo-store,409
0007183488,demo-store,494
0007179030,demo-store,776
0007184182,demo-store,958
0007186819,demo-store,446
0007183062,demo-store,399
0007183860,demo-store,830
0007173415,demo-store,568
0007169507,demo-store,456
0007183070,demo-store,999
0007181639,demo-store,569
0007178778,demo-store,440
0007181817,demo-store,834
0007188900,demo-store,433
0007189559,demo-store,642
0007190360,demo-store,750
0007183240,demo-store,773
0007183313,demo-store,146
0007190107,demo-store,327
0007191308,demo-store,825
0007182449,demo-store,579
0007183054,demo-store,108
0007177003,demo-store,812
0007184018,demo-store,417
0007181647,demo-store,602
0007189842,demo-store,957
0007181868,demo-store,156
0007190816,demo-store,230
0007183917,demo-store,923
0007193025,demo-store,533
0007189850,demo-store,402
0007175175,demo-store,435
0007181175,demo-store,250
0007189915,demo-store,192
0007176848,demo-store,398
0007179642,demo-store,362
0007178522,demo-store,720
0007189486,demo-store,124
0007193327,demo-store,970
0007191170,demo-store,174
0007191928,demo-store,247
0007182473,demo-store,917
0007182147,demo-store,744
000718039X,demo-store,925
0007189532,demo-store,129
0007193513,demo-store,665
0007192428,demo-store,908
0007185189,demo-store,389
0007193084,demo-store,882
000719417X,demo-store,530
0007186061,demo-store,681
0007189540,demo-store,791
0007181787,demo-store,533
0007192576,demo-store,846
0007168209,demo-store,811
0007183038,demo-store,619
0007193440,demo-store,252
0007189958,demo-store,158
0007183259,demo-store,207
0007193645,demo-store,359
0007190042,demo-store,947
0007194161,demo-store,552
0007189885,demo-store,607
000719319X,demo-store,368
0007180209,demo-store,120
0007193181,demo-store,467
0007185839,demo-store,385
0007191103,demo-store,525
0007194609,demo-store,458
0007197829,demo-store,670
0007190824,demo-store,369
0007178336,demo-store,461
0007183003,demo-store,584
0007182325,demo-store,268
0007189923,demo-store,957
0007198051,demo-store,411
000718364X,demo-store,578
0007198248,demo-store,248
0007195109,demo-store,124
0007192665,demo-store,261
000719918X,demo-store,506
0007182422,demo-store,942
0007193416,demo-store,798
0007197748,demo-store,661
0007175531,demo-store,608
0007190646,demo-store,320
0007197063,demo-store,578
0007198299,demo-store,280
0007190743,demo-store,682
0007193998,demo-store,552
000719420X,demo-store,596
0007198132,demo-store,390
0007201060,demo-store,364
0007192177,demo-store,795
0007198949,demo-store,452
0007199058,demo-store,348
0007190611,demo-store,815
0007201710,demo-store,463
0007198760,demo-store,273
0007195974,demo-store,386
0007200943,demo-store,145
000719210X,demo-store,598
0007194420,demo-store,983
0007201680,demo-store,446
0007194463,demo-store,737
0007192827,demo-store,101
0007191839,demo-store,864
0007205430,demo-store,791
0007202091,demo-store,284
0007201958,demo-store,166
0007201249,demo-store,899
0007177658,demo-store,160
0007202156,demo-store,951
0007199740,demo-store,757
0007201044,demo-store,684
0007194226,demo-store,578
0007195710,demo-store,423
0007201486,demo-store,422
0007198876,demo-store,506
0007205503,demo-store,332
0007195613,demo-store,239
0007207719,demo-store,734
0007207093,demo-store,777
0007198272,demo-store,143
0007203276,demo-store,854
0007193467,demo-store,322
0007202474,demo-store,443
0007193785,demo-store,294
0007203500,demo-store,476
0007203772,demo-store,980
0007205155,demo-store,780
0007197772,demo-store,222
0007202334,demo-store,444
0007204396,demo-store,838
000720700X,demo-store,437
000719773X,demo-store,774
0007207077,demo-store,518
0007208693,demo-store,295
000720874X,demo-store,547
0007199090,demo-store,648
000719739X,demo-store,355
0007206976,demo-store,836
0007209967,demo-store,479
0007203624,demo-store,523
0007201001,demo-store,526
0007210698,demo-store,833
0007212046,demo-store,432
0007205988,demo-store,737
0007196091,demo-store,599
0007198922,demo-store,279
0007192932,demo-store,630
0007203373,demo-store,931
0007201451,demo-store,751
0007206615,demo-store,523
0007212224,demo-store,181
0007203004,demo-store,154
0007179812,demo-store,826
0007204108,demo-store,587
0007213859,demo-store,781
000720762X,demo-store,673
0007207603,demo-store,320
0007196822,demo-store,929
0007211376,demo-store,471
0007198140,demo-store,829
0007212666,demo-store,776
0007212119,demo-store,489
0007212801,demo-store,251
0007202725,demo-store,286
0007199074,demo-store,287
0007210361,demo-store,378
0007212798,demo-store,147
0007208316,demo-store,542
0007210132,demo-store,810
0007216734,demo-store,346
0007216718,demo-store,239
0007209657,demo-store,892
0007200854,demo-store,844
000722088X,demo-store,221
0007219040,demo-store,460
0007193602,demo-store,577
0007217811,demo-store,423
0007223633,demo-store,159
0007209053,demo-store,402
000720728X,demo-store,495
0007208081,demo-store,430
0007210825,demo-store,775
0007218664,demo-store,498
0007220871,demo-store,680
0007212089,demo-store,674
0007212712,demo-store,654
0007225768,demo-store,403
0007199082,demo-store,691
000721376X,demo-store,336
0007222017,demo-store,506
0007225237,demo-store,524
0007217838,demo-store,923
0007214723,demo-store,725
0007225644,demo-store,158
0007211503,demo-store,915
0007216521,demo-store,605
0007225032,demo-store,915
0007215991,demo-store,798
0007228198,demo-store,252
0007204477,demo-store,458
0007223773,demo-store,199
0007220677,demo-store,873
0007225172,demo-store,940
0007225784,demo-store,179
0007213514,demo-store,482
0007223749,demo-store,708
0007223706,demo-store,241
0007227418,demo-store,676
0007224451,demo-store,100
0007214782,demo-store,413
000721460X,demo-store,357
0007209665,demo-store,405
0007210949,demo-store,239
0007223722,demo-store,979
0007230591,demo-store,372
0007220928,demo-store,752
0007231482,demo-store,505
0007232144,demo-store,969
0007229690,demo-store,307
0007226454,demo-store,234
000723404X,demo-store,401
0007225520,demo-store,332
0007228627,demo-store,323
0007231814,demo-store,134
0007224125,demo-store,856
0007234708,demo-store,275
0007217196,demo-store,322
0007232861,demo-store,259
000720969X,demo-store,181
0007214839,demo-store,528
0007233108,demo-store,609
0007232292,demo-store,342
0007228554,demo-store,560
0007205996,demo-store,524
0007230397,demo-store,393
0007236832,demo-store,163
0007234031,demo-store,509
0007233221,demo-store,678
0007229321,demo-store,406
0007233450,demo-store,405
0007233485,demo-store,103
0007232853,demo-store,572
0007228953,demo-store,281
0007232071,demo-store,128
0007230583,demo-store,104
0007229453,demo-store,722
0007231989,demo-store,323
0007235631,demo-store,416
0007229038,demo-store,247
0007241127,demo-store,979
0007236069,demo-store,380
0007230206,demo-store,992
0007228104,demo-store,387
0007233884,demo-store,607
0007233094,demo-store,105
0007229348,demo-store,511
0007241526,demo-store,487
0007242344,demo-store,618
0007232616,demo-store,649
0007241070,demo-store,792
0007219083,demo-store,850
0007237596,demo-store,472
0007232896,demo-store,820
0007243677,demo-store,982
0007241100,demo-store,329
0007245653,demo-store,137
000724164X,demo-store,597
0007244355,demo-store,603
0007231784,demo-store,474
0007232101,demo-store,395
0007216149,demo-store,623
0007236379,demo-store,375
0007232349,demo-store,846
0007236360,demo-store,530
0007214634,demo-store,678
0007247850,demo-store,863
0007229542,demo-store,139
0007247818,demo-store,263
0007245750,demo-store,179
000724214X,demo-store,131
0007243502,demo-store,857
0007247362,demo-store,556
0007246498,demo-store,992
0007245742,demo-store,459
0007243561,demo-store,303
0007247400,demo-store,269
0007246250,demo-store,727
0007247729,demo-store,177
0007250320,demo-store,485
0007214863,demo-store,628
0007248008,demo-store,912
000724939X,demo-store,948
0007230087,demo-store,711
000724794X,demo-store,902
0007251947,demo-store,168
0007244339,demo-store,118
0007248199,demo-store,811
0007245815,demo-store,456
0007244576,demo-store,680
0007237677,demo-store,181
0007247397,demo-store,967
0007253990,demo-store,299
0007248075,demo-store,975
0007242638,demo-store,529
0007245955,demo-store,220
0007253567,demo-store,523
0007247958,demo-store,861
0007247664,demo-store,444
0007241887,demo-store,718
0007247613,demo-store,540
0007251858,demo-store,412
0007245629,demo-store,915
0007249594,demo-store,411
0007254008,demo-store,322
0007229496,demo-store,646
0007248490,demo-store,184
0007255357,demo-store,512
0007241658,demo-store,840
0007243324,demo-store,375
0007248156,demo-store,219
0007251203,demo-store,468
0007250355,demo-store,777
0007257945,demo-store,935
0007256817,demo-store,103
000725539X,demo-store,380
0007249578,demo-store,297
0007251157,demo-store,903
0007247508,demo-store,205
0007247826,demo-store,927
0007256302,demo-store,702
0007255470,demo-store,504
000725041X,demo-store,480
0007244002,demo-store,468
0007230028,demo-store,258
0007248121,demo-store,799
000725881X,demo-store,992
000725198X,demo-store,106
0007254474,demo-store,586
0007259441,demo-store,640
0007260806,demo-store,593
0007256035,demo-store,686
0007255438,demo-store,918
0007261152,demo-store,856
000725721X,demo-store,693
0007256965,demo-store,614
0007259735,demo-store,790
0007263538,demo-store,598
0007248946,demo-store,911
0007263759,demo-store,138
0007261136,demo-store,494
000725637X,demo-store,713
0007259387,demo-store,397
0007255365,demo-store,818
000725931X,demo-store,481
0007242212,demo-store,753
0007259247,demo-store,609
0007240279,demo-store,106
0007261489,demo-store,588
0007264488,demo-store,726
0007258801,demo-store,584
0007264925,demo-store,638
0007259883,demo-store,438
0007235801,demo-store,774
0007266588,demo-store,662
0007265050,demo-store,475
0007262000,demo-store,432
0007244665,demo-store,394
0007256620,demo-store,392
0007259336,demo-store,308
000726528X,demo-store,148
0007267010,demo-store,795
0007268998,demo-store,504
0007263783,demo-store,452
0007263937,demo-store,745
0007266944,demo-store,315
0007261497,demo-store,422
0007262833,demo-store,248
0007269099,demo-store,398
0007259743,demo-store,135
0007264941,demo-store,246
0007263945,demo-store,527
0007261055,demo-store,940
0007261098,demo-store,717
0007270682,demo-store,247
0007233264,demo-store,174
0007263694,demo-store,693
0007268858,demo-store,143
0007267444,demo-store,647
0007270755,demo-store,702
0007262043,demo-store,383
0007268777,demo-store,245
0007267045,demo-store,299
000727324X,demo-store,499
0007259700,demo-store,715
0007268807,demo-store,661
0007266766,demo-store,521
000726500X,demo-store,836
0007269218,demo-store,427
000726531X,demo-store,207
0007271328,demo-store,550
0007267371,demo-store,759
0007265905,demo-store,498
0007251971,demo-store,543
0007261667,demo-store,895
0007263570,demo-store,329
0007270089,demo-store,538
0007267274,demo-store,579
0007264712,demo-store,335
0007273282,demo-store,270
0007267770,demo-store,805
000726741X,demo-store,813
0007270984,demo-store,635
0007272588,demo-store,348
0007274645,demo-store,293
0007270828,demo-store,256
0007267142,demo-store,336
0007270968,demo-store,328
0007278799,demo-store,708
000727128X,demo-store,509
0007254970,demo-store,538
0007277016,demo-store,672
0007274068,demo-store,675
0007276141,demo-store,202
0007270720,demo-store,757
0007256493,demo-store,970
0007266642,demo-store,133
0007277849,demo-store,921
0007277946,demo-store,775
0007259174,demo-store,881
0007275943,demo-store,674
0007276095,demo-store,211
0007273436,demo-store,407
0007274947,demo-store,786
000727565X,demo-store,221
0007278233,demo-store,633
0007270267,demo-store,852
0007260989,demo-store,459
0007271751,demo-store,279
0007281951,demo-store,645
000727405X,demo-store,390
0007284896,demo-store,468
0007284225,demo-store,614
0007277512,demo-store,287
0007276915,demo-store,983
0007266782,demo-store,981
0007279043,demo-store,846
0007268505,demo-store,600
0007271247,demo-store,234
0007269706,demo-store,702
0007285248,demo-store,223
0007278845,demo-store,556
0007270348,demo-store,941
0007280998,demo-store,732
0007267053,demo-store,124
0007281080,demo-store,506
0007278853,demo-store,240
0007286287,demo-store,781
0007286163,demo-store,607
0007288107,demo-store,197
0007268939,demo-store,477
000728814X,demo-store,829
0007270194,demo-store,882
0007285973,demo-store,480
0007274688,demo-store,320
0007280858,demo-store,871
000725976X,demo-store,202
0007284926,demo-store,877
0007270909,demo-store,181
0007262639,demo-store,378
0007286325,demo-store,195
0007289537,demo-store,810
0007289944,demo-store,701
0007299044,demo-store,262
0007288409,demo-store,785
000728019X,demo-store,120
0007269854,demo-store,733
0007278675,demo-store,803
0007271166,demo-store,619
0007296878,demo-store,434
0007298455,demo-store,686
0007296819,demo-store,805
0007299060,demo-store,943
0007281463,demo-store,500
0007284772,demo-store,621
0007298811,demo-store,520
0007287968,demo-store,646
000727579X,demo-store,642
0007288727,demo-store,698
0007278470,demo-store,674
0007287380,demo-store,796
0007280807,demo-store,293
0007294727,demo-store,111
0007287984,demo-store,259
0007299052,demo-store,274
0007287941,demo-store,474
0007275927,demo-store,271
000729879X,demo-store,153
0007301286,demo-store,456
0007278314,demo-store,656
0007288859,demo-store,937
0007299109,demo-store,709
0007299281,demo-store,409
0007302185,demo-store,908
0007300395,demo-store,924
0007303602,demo-store,907
0007302177,demo-store,718
0007300441,demo-store,211
0007292570,demo-store,358
000730112X,demo-store,811
000730045X,demo-store,341
0007304498,demo-store,887
000730031X,demo-store,958
0007289820,demo-store,129
0007301294,demo-store,817
0007301170,demo-store,213
0007289545,demo-store,992
0007304781,demo-store,795
0007301987,demo-store,242
0007304005,demo-store,854
0007291604,demo-store,655
0007286120,demo-store,261
0007300727,demo-store,440
0007302304,demo-store,537
0007289030,demo-store,872
000730904X,demo-store,653
0007303106,demo-store,946
0007302282,demo-store,439
0007286023,demo-store,657
0007298552,demo-store,263
0007303017,demo-store,184
0007290454,demo-store,514
0007309473,demo-store,970
0007309015,demo-store,352
0007293704,demo-store,411
0007302622,demo-store,562
0007299273,demo-store,650
0007287321,demo-store,332
0007311354,demo-store,879
0007298560,demo-store,898
0007312520,demo-store,664
0007310544,demo-store,388
0007306199,demo-store,119
0007281471,demo-store,639
0007286171,demo-store,457
0007306121,demo-store,245
000729932X,demo-store,560
0007298951,demo-store,265
0007312547,demo-store,798
0007309058,demo-store,901
0007308906,demo-store,270
0007306202,demo-store,795
0007313969,demo-store,469
0007281048,demo-store,335
0007312679,demo-store,568
0007309031,demo-store,299
0007315651,demo-store,379
0007310498,demo-store,906
0007313535,demo-store,117
0007308922,demo-store,639
0007310765,demo-store,558
0007305850,demo-store,635
0007298706,demo-store,621
0007304749,demo-store,511
0007312164,demo-store,155
0007315120,demo-store,444
0007326394,demo-store,232
0007318979,demo-store,359
0007319274,demo-store,183
0007316089,demo-store,740
0007323174,demo-store,942
0007320817,demo-store,479
0007305885,demo-store,740
0007319150,demo-store,335
0007320671,demo-store,896
0007321600,demo-store,747
0007320183,demo-store,255
0007319290,demo-store,139
000732717X,demo-store,228
0007310722,demo-store,658
0007321198,demo-store,308
0007326602,demo-store,893
000731888X,demo-store,473
0007323182,demo-store,736
000729896X,demo-store,234
0007298498,demo-store,302
0007324723,demo-store,348
000731504X,demo-store,555
0007315732,demo-store,210
000731275X,demo-store,379
0007321112,demo-store,398
0007315694,demo-store,554
0007326033,demo-store,485
0007324510,demo-store,224
0007311907,demo-store,476
0007313659,demo-store,686
0007312741,demo-store,120
0007326017,demo-store,921
0007317735,demo-store,916
0007329237,demo-store,284
0007307381,demo-store,183
0007312792,demo-store,722
0007322054,demo-store,894
0007324154,demo-store,527
0007315155,demo-store,102
0007311672,demo-store,791
0007331533,demo-store,897
0007328680,demo-store,407
0007325169,demo-store,168
0007333846,demo-store,780
0007318537,demo-store,795
0007333463,demo-store,245
0007315686,demo-store,351
000731969X,demo-store,328
0007324936,demo-store,114
0007315147,demo-store,323
0007326661,demo-store,138
0007328419,demo-store,791
0007327234,demo-store,990
0007326637,demo-store,369
000732331X,demo-store,401
000733916X,demo-store,202
000731521X,demo-store,616
0007318154,demo-store,686
0007327692,demo-store,588
0007322429,demo-store,462
0007331681,demo-store,863
0007327978,demo-store,761
0007320736,demo-store,798
0007331991,demo-store,645
0007341423,demo-store,372
0007323867,demo-store,287
0007320094,demo-store,428
0007319231,demo-store,937
0007313780,demo-store,583
000733155X,demo-store,449
0007317514,demo-store,399
0007342055,demo-store,376
0007339259,demo-store,604
0007337361,demo-store,519
000733236X,demo-store,785
0007343310,demo-store,911
0007340931,demo-store,579
0007322615,demo-store,881
0007341539,demo-store,116
000733088X,demo-store,522
0007337906,demo-store,989
0007349505,demo-store,548
000733933X,demo-store,848
0007321643,demo-store,398
0007351593,demo-store,176
0007342446,demo-store,944
000731566X,demo-store,278
0007344074,demo-store,704
0007345623,demo-store,497
0007319673,demo-store,302
0007336977,demo-store,999
0007351445,demo-store,824
0007340648,demo-store,172
0007347081,demo-store,661
0007320744,demo-store,576
0007324839,demo-store,729
0007333994,demo-store,342
000734421X,demo-store,153
000735018X,demo-store,427
0007296541,demo-store,766
0007328877,demo-store,387
0007340516,demo-store,323
0007348037,demo-store,571
0007339615,demo-store,153
0007354096,demo-store,138
0007347073,demo-store,855
0007346549,demo-store,637
0007351577,demo-store,424
0007354282,demo-store,975
0007339836,demo-store,327
0007351747,demo-store,224
0007354312,demo-store,443
0007334524,demo-store,155
000735424X,demo-store,188
0007344260,demo-store,521
0007341857,demo-store,951
0007335571,demo-store,750
0007320779,demo-store,915
0007358660,demo-store,735
0007360606,demo-store,318
0007361572,demo-store,817
0007361556,demo-store,872
000735942X,demo-store,674
0007369751,demo-store,988
0007364547,demo-store,930
0007356366,demo-store,607
0007363958,demo-store,287
0007364539,demo-store,315
0007362579,demo-store,703
0007365241,demo-store,444
0007368194,demo-store,606
0007374674,demo-store,439
000733396X,demo-store,530
000736296X,demo-store,116
0007364520,demo-store,952
0007374720,demo-store,885
0007356374,demo-store,500
0007371667,demo-store,536
0007364784,demo-store,336
0007379005,demo-store,198
0007332211,demo-store,813
0007351119,demo-store,119
0007337914,demo-store,605
0007345305,demo-store,428
0007371411,demo-store,486
0007367880,demo-store,464
0007384343,demo-store,928
0007362188,demo-store,908
0007378912,demo-store,642
0007362544,demo-store,876
0007364717,demo-store,882
0007346832,demo-store,348
0007393563,demo-store,617
0007371462,demo-store,884
0007271069,demo-store,190
0007383029,demo-store,845
0007344201,demo-store,678
0007374755,demo-store,684
000737139X,demo-store,430
0007363974,demo-store,532
0007360770,demo-store,685
0007387148,demo-store,706
0007382995,demo-store,688
000738422X,demo-store,951
0007391382,demo-store,465
000738274X,demo-store,206
0007395442,demo-store,203
0007379048,demo-store,505
0007355475,demo-store,863
0007382332,demo-store,974
0007373619,demo-store,170
0007367872,demo-store,833
0007355165,demo-store,654
000736265X,demo-store,364
0007389868,demo-store,921
0007396767,demo-store,999
0007345631,demo-store,852
0007382197,demo-store,924
0007362129,demo-store,617
0007375220,demo-store,679
0007348703,demo-store,973
0007413491,demo-store,328
0007376103,demo-store,259
0007374798,demo-store,577
0007412479,demo-store,245
0007388128,demo-store,154
0007383169,demo-store,338
0007398433,demo-store,277
0007419139,demo-store,232
0007419023,demo-store,245
0007384505,demo-store,429
0007415508,demo-store,573
000741904X,demo-store,495
0007413629,demo-store,491
000742017X,demo-store,747
0007362706,demo-store,800
0007342098,demo-store,956
0007391595,demo-store,505
0007388160,demo-store,278
0007419449,demo-store,718
0007338155,demo-store,843
0007334877,demo-store,283
0007411820,demo-store,175
0007395906,demo-store,750
0007419813,demo-store,105
0007421508,demo-store,983
0007415915,demo-store,118
000742695X,demo-store,686
0007424604,demo-store,868
0007423810,demo-store,182
0007423241,demo-store,236
0007427956,demo-store,273
0007389736,demo-store,141
0007423276,demo-store,340
0007368534,demo-store,889
0007424981,demo-store,894
0007367759,demo-store,961
0007411537,demo-store,415
0007419155,demo-store,927
0007394764,demo-store,758
0007434766,demo-store,856
0007419511,demo-store,695
0007425201,demo-store,264
0007414900,demo-store,792
0007371861,demo-store,486
0007393571,demo-store,947
0007419171,demo-store,639
0007429479,demo-store,850
0007367929,demo-store,423
000741949X,demo-store,516
0007398549,demo-store,543
0007425031,demo-store,843
0007435614,demo-store,528
0007425635,demo-store,481
0007368518,demo-store,165
0007432003,demo-store,853
0007432305,demo-store,401
0007431007,demo-store,418
000743796X,demo-store,542
0007429088,demo-store,571
0007412622,demo-store,222
0007427964,demo-store,473
0007440650,demo-store,993
0007437927,demo-store,315
0007436475,demo-store,922
0007440677,demo-store,956
0007411952,demo-store,547
0007435991,demo-store,245
000743488X,demo-store,486
0007433085,demo-store,937
0007425597,demo-store,521
0007423632,demo-store,152
0007395280,demo-store,845
0007382855,demo-store,589
000739358X,demo-store,114
0007442416,demo-store,811
0007395116,demo-store,777
0007436408,demo-store,183
0007432062,demo-store,234
000743202X,demo-store,205
0007436629,demo-store,798
0007419457,demo-store,879
000736816X,demo-store,384
000744091X,demo-store,470
0007434855,demo-store,550
0007437315,demo-store,106
000739523X,demo-store,769
0007438664,demo-store,550
000741577X,demo-store,565
0007441290,demo-store,582
0007426224,demo-store,617
0007443277,demo-store,495
000743880X,demo-store,730
0007436106,demo-store,159
0007371047,demo-store,434
0007438494,demo-store,222
0007437862,demo-store,255
0007442432,demo-store,932
0007436564,demo-store,883
0007438885,demo-store,955
0007431090,demo-store,662
0007447868,demo-store,852
000744270X,demo-store,971
0007434758,demo-store,122
0007442920,demo-store,694
0007449135,demo-store,858
0007431902,demo-store,197
0007448260,demo-store,275
0007438516,demo-store,598
0007442440,demo-store,545
0007445326,demo-store,363
000744785X,demo-store,119
000744592X,demo-store,812
0007443331,demo-store,987
000745113X,demo-store,292
0007447329,demo-store,408
000744527X,demo-store,183
0007371365,demo-store,331
0007452942,demo-store,770
000744849X,demo-store,426
0007452624,demo-store,618
0007442637,demo-store,399
0007437986,demo-store,148
0007452411,demo-store,563
0007455208,demo-store,743
0007445210,demo-store,522
0007435851,demo-store,324
000745421X,demo-store,345
0007432852,demo-store,923
000745256X,demo-store,765
0007449100,demo-store,270
0007446128,demo-store,288
0007453477,demo-store,977
0007452969,demo-store,540
0007453566,demo-store,651
0007447094,demo-store,841
0007442890,demo-store,856
0007455216,demo-store,903
0007449232,demo-store,268
0007450559,demo-store,602
000743670X,demo-store,954
0007453418,demo-store,992
0007410956,demo-store,906
0007436416,demo-store,470
0007413785,demo-store,642
0007445466,demo-store,227
000745435X,demo-store,507
0007457065,demo-store,914
0007452594,demo-store,665
0007446306,demo-store,669
0007453000,demo-store,792
0007455410,demo-store,908
0007458878,demo-store,529
0007446977,demo-store,312
0007448082,demo-store,879
0007452667,demo-store,954
0007452454,demo-store,618
0007457707,demo-store,911
0007453531,demo-store,919
0007462271,demo-store,514
000746486X,demo-store,252
0007460554,demo-store,670
0007455755,demo-store,897
0007457146,demo-store,885
0007456107,demo-store,991
0007445881,demo-store,768
0007442513,demo-store,399
0007456743,demo-store,161
000746441X,demo-store,874
0007458290,demo-store,584
0007462581,demo-store,478
0007464533,demo-store,275
0007442629,demo-store,892
0007460740,demo-store,323
0007456395,demo-store,979
0007455666,demo-store,107
0007465173,demo-store,527
0007462255,demo-store,894
0007461526,demo-store,618
0007462700,demo-store,914
0007436653,demo-store,679
0007450168,demo-store,346
000746262X,demo-store,679
0007458541,demo-store,165
0007485638,demo-store,485
0007478798,demo-store,870
0007455585,demo-store,976
0007481012,demo-store,526
0007466013,demo-store,962
0007448473,demo-store,100
0007481438,demo-store,275
000746861X,demo-store,575
0007460716,demo-store,635
0007468660,demo-store,774
0007456018,demo-store,897
0007460708,demo-store,903
0007465955,demo-store,143
0007450133,demo-store,369
0007464665,demo-store,649
0007485883,demo-store,661
000745337X,demo-store,356
0007462190,demo-store,725
0007485875,demo-store,201
000746519X,demo-store,361
0007481136,demo-store,627
0007479085,demo-store,977
000747959X,demo-store,936
0007472269,demo-store,420
0007463243,demo-store,497
0007490518,demo-store,881
0007454856,demo-store,538
0007485514,demo-store,671
0007485913,demo-store,825
0007487800,demo-store,262
0007488238,demo-store,168
0007473214,demo-store,996
0007486839,demo-store,807
0007485905,demo-store,297
0007465157,demo-store,248
0007485697,demo-store,983
0007468598,demo-store,322
0007449186,demo-store,144
0007459173,demo-store,223
0007491298,demo-store,817
0007478992,demo-store,909
0007486774,demo-store,937
0007479557,demo-store,855
0007466064,demo-store,849
0007459114,demo-store,256
0007458851,demo-store,475
000748142X,demo-store,262
0007461100,demo-store,154
0007460902,demo-store,396
0007492510,demo-store,529
0007478968,demo-store,424
0007456816,demo-store,720
0007481446,demo-store,542
000748805X,demo-store,392
0007497091,demo-store,697
0007453124,demo-store,151
0007493827,demo-store,523
0007488173,demo-store,982
0007491220,demo-store,198
0007482795,demo-store,888
0007489730,demo-store,325
0007497105,demo-store,876
0007487347,demo-store,328
0007436122,demo-store,112
0007492316,demo-store,903
0007497121,demo-store,859
0007467915,demo-store,402
000748626X,demo-store,252
0007501447,demo-store,423
0007493134,demo-store,119
0007505418,demo-store,126
0007497148,demo-store,736
0007488785,demo-store,810
0007503156,demo-store,742
0007491271,demo-store,979
0007453191,demo-store,845
0007500955,demo-store,344
0007491093,demo-store,266
0007498217,demo-store,356
0007489617,demo-store,578
0007481055,demo-store,735
0007516924,demo-store,839
0007485867,demo-store,587
0007492286,demo-store,181
0007497075,demo-store,643
0007513305,demo-store,916
0007497989,demo-store,440
0007431201,demo-store,108
0007488939,demo-store,117
0007508530,demo-store,870
0007491697,demo-store,250
0007514263,demo-store,746
0007525621,demo-store,940
0007522207,demo-store,595
0007497482,demo-store,924
0007510837,demo-store,950
0007493010,demo-store,446
0007504306,demo-store,902
000750621X,demo-store,203
0007493053,demo-store,856
0007448023,demo-store,802
0007479573,demo-store,555
0007524137,demo-store,303
000748593X,demo-store,567
0007450451,demo-store,209
0007491921,demo-store,316
0007506236,demo-store,205
000749310X,demo-store,492
0007530226,demo-store,331
000752563X,demo-store,706
0007533322,demo-store,242
0007500157,demo-store,989
0007500262,demo-store,554
0007541295,demo-store,670
0007491336,demo-store,250
0007518137,demo-store,611
0007514913,demo-store,427
0007519532,demo-store,131
0007551797,demo-store,562
0007541317,demo-store,198
0007506619,demo-store,780
0007501501,demo-store,1000
0007530919,demo-store,242
0007496761,demo-store,178
000752417X,demo-store,479
0007540302,demo-store,928
0007522029,demo-store,842
000749131X,demo-store,206
0007532830,demo-store,163
0007534779,demo-store,550
0007546971,demo-store,172
0007509782,demo-store,383
0007553234,demo-store,636
0007525796,demo-store,949
0007559585,demo-store,848
0007575505,demo-store,682
0007497083,demo-store,268
0007454767,demo-store,944
0007513232,demo-store,674
0007553390,demo-store,125
000761263X,demo-store,126
0007514948,demo-store,910
0007518633,demo-store,614
0007497415,demo-store,183
000766141X,demo-store,761
0007523580,demo-store,531
0007559461,demo-store,200
0007550790,demo-store,177
000755947X,demo-store,408
0007493991,demo-store,672
000767998X,demo-store,189
000755589X,demo-store,953
0007524951,demo-store,490
0007490526,demo-store,180
0007542216,demo-store,476
0007559712,demo-store,705
000764485X,demo-store,728
000766236X,demo-store,820
000765202X,demo-store,793
0007650957,demo-store,679
0007547862,demo-store,736
0007828780,demo-store,317
0007921268,demo-store,408
0007544596,demo-store,516
0011888210,demo-store,246
0007778694,demo-store,575
0007653735,demo-store,942
0007921276,demo-store,674
0007929803,demo-store,884
0007680007,demo-store,974
0007662394,demo-store,425
0007491263,demo-store,577
0007937636,demo-store,591
0007559569,demo-store,928
0011528230,demo-store,617
0010004653,demo-store,609
0014072149,demo-store,586
0014024853,demo-store,286
0012299057,demo-store,962
0020063105,demo-store,858
0007921284,demo-store,200
0007829698,demo-store,415
0007851375,demo-store,793
0020026501,demo-store,528
0020093616,demo-store,208
0020083157,demo-store,258
0020072406,demo-store,211
0007902301,demo-store,781
0020098014,demo-store,984
0007929080,demo-store,635
0007488254,demo-store,346
0020100604,demo-store,552
0020016700,demo-store,841
0007937644,demo-store,295
0020119208,demo-store,471
0020065302,demo-store,602
0012175447,demo-store,556
0020117604,demo-store,855
0007612605,demo-store,572
0020103700,demo-store,573
0020088221,demo-store,287
0020166001,demo-store,129
0020126204,demo-store,818
0020007205,demo-store,673
0020091303,demo-store,104
0020218052,demo-store,352
0020130406,demo-store,733
0020136803,demo-store,375
0020165560,demo-store,905
0020160305,demo-store,678
0020196806,demo-store,233
0020163908,demo-store,330
0014092077,demo-store,128
0020136900,demo-store,328
0020199856,demo-store,890
0020283008,demo-store,342
0020257600,demo-store,514
0020080956,demo-store,918
0020192002,demo-store,510
0020133405,demo-store,922
0020259700,demo-store,205
0020094701,demo-store,434
0020136609,demo-store,641
0020236107,demo-store,205
0020285604,demo-store,783
0020259905,demo-store,592
0020091850,demo-store,500
0020126123,demo-store,768
0020165811,demo-store,411
0020034717,demo-store,748
0020226500,demo-store,812
0020295456,demo-store,754
0020256108,demo-store,143
002028361X,demo-store,728
0020198507,demo-store,706
0020291922,demo-store,544
0020307306,demo-store,921
0020303106,demo-store,765
0020287011,demo-store,952
0020165803,demo-store,412
0020285612,demo-store,168
0020223439,demo-store,245
002030465X,demo-store,995
0020306652,demo-store,366
002032782X,demo-store,943
0020311605,demo-store,598
0020339909,demo-store,721
0020329954,demo-store,134
0020298110,demo-store,305
0020310218,demo-store,518
0020331053,demo-store,141
0020315910,demo-store,480
0020189257,demo-store,583
0020298153,demo-store,736
0020343906,demo-store,551
0020316607,demo-store,261
0020360355,demo-store,864
0020248504,demo-store,477
0020327854,demo-store,983
0020345208,demo-store,999
0020302800,demo-store,452
0020322305,demo-store,593
0020281455,demo-store,526
0020359551,demo-store,719
0020368550,demo-store,369
0020360509,demo-store,926
0020408919,demo-store,537
0020209851,demo-store,116
0020130805,demo-store,245
0020345305,demo-store,293
0020360754,demo-store,999
0020383142,demo-store,645
0020361602,demo-store,336
0020419201,demo-store,551
0020381301,demo-store,951
0020423810,demo-store,536
002038260X,demo-store,484
0020299311,demo-store,268
0020420102,demo-store,872
0020418205,demo-store,654
0020345542,demo-store,551
0020418108,demo-store,438
0020408811,demo-store,994
0020292651,demo-store,169
0020303955,demo-store,455
0020421907,demo-store,505
0020415133,demo-store,190
0020420307,demo-store,267
0020301758,demo-store,243
002040915X,demo-store,820
0020363702,demo-store,194
0020232810,demo-store,365
0020425740,demo-store,955
002042681X,demo-store,397
0020418302,demo-store,117
0020404808,demo-store,728
0020427115,demo-store,696
0020420404,demo-store,459
0020427859,demo-store,734
0020427212,demo-store,603
0020425732,demo-store,594
0020425651,demo-store,128
0020421508,demo-store,439
002044995X,demo-store,262
0020421303,demo-store,984
0020345151,demo-store,449
0020353804,demo-store,810
0020449313,demo-store,505
0020529627,demo-store,477
002035441X,demo-store,907
0020381026,demo-store,720
0020527519,demo-store,504
0020435401,demo-store,342
0020419309,demo-store,248
0020444648,demo-store,257
002049131X,demo-store,747
0020425759,demo-store,666
0020426917,demo-store,792
0020452705,demo-store,767
0020436203,demo-store,902
0020389655,demo-store,640
0020449380,demo-store,140
0020432356,demo-store,226
0020513402,demo-store,173
0020446500,demo-store,579
0020446519,demo-store,988
0020427018,demo-store,674
0020641400,demo-store,792
0020437501,demo-store,875
0020641303,demo-store,497
0020692919,demo-store,859
0020794304,demo-store,857
0020464703,demo-store,506
0020659105,demo-store,235
0020519109,demo-store,178
0020664303,demo-store,446
0020427255,demo-store,753
0020556004,demo-store,581
0020537700,demo-store,497
0020715501,demo-store,510
0020519001,demo-store,166
002069847X,demo-store,217
002062140X,demo-store,218
0020748000,demo-store,909
0020421206,demo-store,183
0020340656,demo-store,842
0020522932,demo-store,177
0020794207,demo-store,123
0020321503,demo-store,188
0020698445,demo-store,211
0020777507,demo-store,323
0020583516,demo-store,236
0020746903,demo-store,506
0020820445,demo-store,993
0020554508,demo-store,156
0020300654,demo-store,358
0020654413,demo-store,663
0020842201,demo-store,251
0020758901,demo-store,868
0020826621,demo-store,938
0020698453,demo-store,394
0020792611,demo-store,662
0020836201,demo-store,240
0020896409,demo-store,372
0020636601,demo-store,685
0020421702,demo-store,182
0021040028,demo-store,334
0020794401,demo-store,520
0021001251,demo-store,733
0021040036,demo-store,614
002104001X,demo-store,641
0020443412,demo-store,335
0021057265,demo-store,445
0021079536,demo-store,759
002107299X,demo-store,179
0021072949,demo-store,506
0021072922,demo-store,779
0021079684,demo-store,817
0021072981,demo-store,526
0021073058,demo-store,493
0021072892,demo-store,916
0020842708,demo-store,254
0021073023,demo-store,353
0021072957,demo-store,477
0020877501,demo-store,982
0021079714,demo-store,512
0021072930,demo-store,449
0021072965,demo-store,865
0020870906,demo-store,341
0021513473,demo-store,102
0021517371,demo-store,100
002149262X,demo-store,500
0021523967,demo-store,256
0021523983,demo-store,369
0021073015,demo-store,351
002151738X,demo-store,754
0021079668,demo-store,210
0021523975,demo-store,467
002190894X,demo-store,357
0021513457,demo-store,862
0021492689,demo-store,139
0021513481,demo-store,190
0021523991,demo-store,564
0021922802,demo-store,268
0021524041,demo-store,366
0021988048,demo-store,489
0021988080,demo-store,241
0021988153,demo-store,114
0021988099,demo-store,120
0021988137,demo-store,833
0021940509,demo-store,732
0021794839,demo-store,423
0022545409,demo-store,597
0021988110,demo-store,810
0021988129,demo-store,696
0021988145,demo-store,347
0023078839,demo-store,165
0023077506,demo-store,392
0023042125,demo-store,604
0023078251,demo-store,547
0023039248,demo-store,377
0023030852,demo-store,886
0023012641,demo-store,693
0023074906,demo-store,910
0023052503,demo-store,556
0023096608,demo-store,556
0023099658,demo-store,808
0023205822,demo-store,171
0023076607,demo-store,638
0023180315,demo-store,840
0023112506,demo-store,180
0023150424,demo-store,895
0023100702,demo-store,930
0023224215,demo-store,208
002318342X,demo-store,564
002322410X,demo-store,363
0023078219,demo-store,402
0023150203,demo-store,470
0023219513,demo-store,544
0023035641,demo-store,412
0023130202,demo-store,458
0023080302,demo-store,176
0023193301,demo-store,248
0023133716,demo-store,841
0023250925,demo-store,193
0023207000,demo-store,217
0023174005,demo-store,372
0023051620,demo-store,744
002307860X,demo-store,711
0023060557,demo-store,859
0023251603,demo-store,629
0023296100,demo-store,937
0023249803,demo-store,663
0023296712,demo-store,176
0023182857,demo-store,142
0023142472,demo-store,603
0023250984,demo-store,897
0023107421,demo-store,834
0023200928,demo-store,381
0023153105,demo-store,994
0023098317,demo-store,983
0023232005,demo-store,690
0023156716,demo-store,342
0023329017,demo-store,640
0023364505,demo-store,927
0023396415,demo-store,608
0023327537,demo-store,836
002329891X,demo-store,682
0023285214,demo-store,361
002317529X,demo-store,737
0023309709,demo-store,411
0023252863,demo-store,718
0023454024,demo-store,143
0023395702,demo-store,948
0023050357,demo-store,765
0023375701,demo-store,653
0023287640,demo-store,196
0023493356,demo-store,649
0023462469,demo-store,556
0023417927,demo-store,576
0023393505,demo-store,121
0023313501,demo-store,133
0023229926,demo-store,159
0023033800,demo-store,898
0023271418,demo-store,377
0023393599,demo-store,818
0023545534,demo-store,643
0023502517,demo-store,752
0023456108,demo-store,368
0023548568,demo-store,954
0023295244,demo-store,752
0023589418,demo-store,984
0023397632,demo-store,686
0023466022,demo-store,132
0023513209,demo-store,166
0023611332,demo-store,889
0023582901,demo-store,444
0023233001,demo-store,496
0023300116,demo-store,558
0023611316,demo-store,111
0023472537,demo-store,189
0023628421,demo-store,397
002329180X,demo-store,813
0023629894,demo-store,403
0023619384,demo-store,756
0023490209,demo-store,510
0023619333,demo-store,440
0023547618,demo-store,174
0023437421,demo-store,115
0023269006,demo-store,502
002361191X,demo-store,992
0023430516,demo-store,158
0023661704,demo-store,587
0023611413,demo-store,563
0023412003,demo-store,240
0023241217,demo-store,451
0023606924,demo-store,451
0023285192,demo-store,134
0023714239,demo-store,523
0023575018,demo-store,158
0023631457,demo-store,171
0023619422,demo-store,676
0023736607,demo-store,357
0023658118,demo-store,765
0023681217,demo-store,533
0023905611,demo-store,569
0023672501,demo-store,164
0023767758,demo-store,287
0023784717,demo-store,745
0023698748,demo-store,917
0023124318,demo-store,849
0023674121,demo-store,122
0023838418,demo-store,922
0023932120,demo-store,512
0023812613,demo-store,494
0023606827,demo-store,584
0023428104,demo-store,935
0023952814,demo-store,720
0023895306,demo-store,570
0023749210,demo-store,286
0023720905,demo-store,133
0023953306,demo-store,170
0023705507,demo-store,776
002394501X,demo-store,213
0023925000,demo-store,864
0023993456,demo-store,512
0023801417,demo-store,435
0024059307,demo-store,438
0023745452,demo-store,682
0023955554,demo-store,968
0024036218,demo-store,922
0023669128,demo-store,590
002390691X,demo-store,249
0024073709,demo-store,250
0023797606,demo-store,108
0024005819,demo-store,534
0023887419,demo-store,106
0023611367,demo-store,775
0024049913,demo-store,526
0024049808,demo-store,864
0024076902,demo-store,332
002340681X,demo-store,659
002391341X,demo-store,407
0023971916,demo-store,155
0024025003,demo-store,722
0024103411,demo-store,240
0023811927,demo-store,660
002412141X,demo-store,320
002381831X,demo-store,671
0024137510,demo-store,143
0024155136,demo-store,755
0024154938,demo-store,701
0023370017,demo-store,347
0023623012,demo-store,899
0024097616,demo-store,803
0024181900,demo-store,117
0024146706,demo-store,765
0024089400,demo-store,567
002415556X,demo-store,552
0023887311,demo-store,186
0024106224,demo-store,479
0024101915,demo-store,555
002420806X,demo-store,488
0023984155,demo-store,148
002415654X,demo-store,105
0024125113,demo-store,113
0023805811,demo-store,943
0024041513,demo-store,520
0024272213,demo-store,474
0024276405,demo-store,947
0023887257,demo-store,810
002411510X,demo-store,952
0024104418,demo-store,478
0023885815,demo-store,913
0023529504,demo-store,753
0023969415,demo-store,454
0024277800,demo-store,652
0024208701,demo-store,317
0024202401,demo-store,781
0024316237,demo-store,533
0024316202,demo-store,252
0025003402,demo-store,734
0025074059,demo-store,259
0024288608,demo-store,374
0025002813,demo-store,302
0024972002,demo-store,826
0024242012,demo-store,477
0025005715,demo-store,903
0024031216,demo-store,774
0024248649,demo-store,399
002500574X,demo-store,277
0025054708,demo-store,544
0025005405,demo-store,258
0025107747,demo-store,859
0025005707,demo-store,766
002427691X,demo-store,505
0023557133,demo-store,997
0024288101,demo-store,184
0025022512,demo-store,436
002500350X,demo-store,303
0025076752,demo-store,624
0024189316,demo-store,565
0024105643,demo-store,736
0025068407,demo-store,566
0024180505,demo-store,111
0025202529,demo-store,229
0025006053,demo-store,373
0024039608,demo-store,204
0025179500,demo-store,784
0025225405,demo-store,552
0025221000,demo-store,826
0025005731,demo-store,977
0025254308,demo-store,592
0025281607,demo-store,611
0025229109,demo-store,539
0025258001,demo-store,683
0025174215,demo-store,646
0025174304,demo-store,720
0025104500,demo-store,239
0025322613,demo-store,664
0025226509,demo-store,642
0025257501,demo-store,574
0025294458,demo-store,804
002520260X,demo-store,786
0025236903,demo-store,186
0025226207,demo-store,573
0025334409,demo-store,442
0025076701,demo-store,443
002531310X,demo-store,659
0025209159,demo-store,607
0025363107,demo-store,436
0025225804,demo-store,725
0025418505,demo-store,124
0025361929,demo-store,669
0025229303,demo-store,330
0025236601,demo-store,169
0025226606,demo-store,633
0025350501,demo-store,116
0025439472,demo-store,369
0025434152,demo-store,303
0025180304,demo-store,226
0025375008,demo-store,546
002517410X,demo-store,839
002534904X,demo-store,454
0025407759,demo-store,585
0025481851,demo-store,395
0025143700,demo-store,669
0025297007,demo-store,297
0025473905,demo-store,955
0025474804,demo-store,927
0025482610,demo-store,838
0025245104,demo-store,505
0025349201,demo-store,545
0025451707,demo-store,480
0025475401,demo-store,341
0025485318,demo-store,181
0025292404,demo-store,914
0025457950,demo-store,421
002544011X,demo-store,716
0025518259,demo-store,400
0025427458,demo-store,264
0025463306,demo-store,790
0025293508,demo-store,331
0025377604,demo-store,554
0025484206,demo-store,880
0025429655,demo-store,716
0025550802,demo-store,554
002542730X,demo-store,163
0025485016,demo-store,808
0025519204,demo-store,843
0025454404,demo-store,705
0025483358,demo-store,831
002558250X,demo-store,716
0025518305,demo-store,579
0025595601,demo-store,271
0025384813,demo-store,505
0025678302,demo-store,845
0025495259,demo-store,681
0025668706,demo-store,767
0025483307,demo-store,166
0025653202,demo-store,610
0025321501,demo-store,806
0025650106,demo-store,848
0025740415,demo-store,532
0025582151,demo-store,387
0025539507,demo-store,502
0025752006,demo-store,461
0025623052,demo-store,178
0025729853,demo-store,438
0025836757,demo-store,202
0025755803,demo-store,475
0025758713,demo-store,278
0025579207,demo-store,868
0025781154,demo-store,480
0025671804,demo-store,523
0025831313,demo-store,165
0025676806,demo-store,827
002578000X,demo-store,825
0025801910,demo-store,130
0025831119,demo-store,400
0025850504,demo-store,288
0025807609,demo-store,897
0025668609,demo-store,686
0025876007,demo-store,824
0025831259,demo-store,903
0025853503,demo-store,175
0025174606,demo-store,872
002588591X,demo-store,409
0025828207,demo-store,253
0025656708,demo-store,222
0025908308,demo-store,105
0025853554,demo-store,764
002577350X,demo-store,554
0025631403,demo-store,467
0025843753,demo-store,486
0025959107,demo-store,519
0025947311,demo-store,568
0025943006,demo-store,181
0025845616,demo-store,668
0025947052,demo-store,138
0026045117,demo-store,326
0025882708,demo-store,552
0025882104,demo-store,891
002606670X,demo-store,317
0025951602,demo-store,904
0025881515,demo-store,741
0025780352,demo-store,246
0026045702,demo-store,462
0025994611,demo-store,417
0025874950,demo-store,973
0025959158,demo-store,389
0025837311,demo-store,811
002603641X,demo-store,249
0025849751,demo-store,125
0025994700,demo-store,866
0026100401,demo-store,352
0026119706,demo-store,893
0025893300,demo-store,157
0026070510,demo-store,575
0026119307,demo-store,300
0025861905,demo-store,729
0026009102,demo-store,486
0026090805,demo-store,424
0025879103,demo-store,648
0025474502,demo-store,606
0026124157,demo-store,192
0026057808,demo-store,713
0026051400,demo-store,724
0025611690,demo-store,117
0026019302,demo-store,854
0026035316,demo-store,574
0025949802,demo-store,650
0026025000,demo-store,685
0026168707,demo-store,205
0026125706,demo-store,497
0026113309,demo-store,516
0026132117,demo-store,351
0025839802,demo-store,579
0026100606,demo-store,211
0026122901,demo-store,840
0026151901,demo-store,923
0026151804,demo-store,971
0026128101,demo-store,175
0026151200,demo-store,643
0026192004,demo-store,615
0026154900,demo-store,748
0026308517,demo-store,770
0026071312,demo-store,789
0026217503,demo-store,201
0026217457,demo-store,580
0026299550,demo-store,286
0026155109,demo-store,220
002615000X,demo-store,760
0026301202,demo-store,671
0026320703,demo-store,373
0026166208,demo-store,502
0026282003,demo-store,296
0026197898,demo-store,367
0026186004,demo-store,416
0026257904,demo-store,637
0026154609,demo-store,832
0026301628,demo-store,670
0026325802,demo-store,907
0026327031,demo-store,932
0026309106,demo-store,170
0026327023,demo-store,314
0026290618,demo-store,672
0026215802,demo-store,626
0026329859,demo-store,738
0026049317,demo-store,824
0026301253,demo-store,914
0026415461,demo-store,181
0026316005,demo-store,755
0026408678,demo-store,492
0026412624,demo-store,262
0026128004,demo-store,795
0026441918,demo-store,205
0026409135,demo-store,367
0026336405,demo-store,730
0026370670,demo-store,947
002646120X,demo-store,673
002652600X,demo-store,215
002621590X,demo-store,593
0026439883,demo-store,907
0026315637,demo-store,935
0026460009,demo-store,960
0026354349,demo-store,111
0026641186,demo-store,265
0026412616,demo-store,226
0026656809,demo-store,583
0026624087,demo-store,109
0026313901,demo-store,106
0026428784,demo-store,901
0026533839,demo-store,259
0026679582,demo-store,124
002643976X,demo-store,227
0026302403,demo-store,884
0026624346,demo-store,602
0026684500,demo-store,846
0026834278,demo-store,962
0026685892,demo-store,318
0026771233,demo-store,426
0026623595,demo-store,996
0026515628,demo-store,334
0026442221,demo-store,495
0026641739,demo-store,590
0027002527,demo-store,471
002705845X,demo-store,144
002705859X,demo-store,322
0027004023,demo-store,935
0027058514,demo-store,512
0027003914,demo-store,452
0026887541,demo-store,281
0026894165,demo-store,153
0026890224,demo-store,251
0026766515,demo-store,826
0027097358,demo-store,205
0027085414,demo-store,479
0027058573,demo-store,687
0027076105,demo-store,509
0027109917,demo-store,621
0027058441,demo-store,640
0027083314,demo-store,424
0027173801,demo-store,528
0027143414,demo-store,342
0027083829,demo-store,351
0027143503,demo-store,576
0027000311,demo-store,182
0027136701,demo-store,568
0027173607,demo-store,402
0027182215,demo-store,702
0027173518,demo-store,234
0027179753,demo-store,346
0027183157,demo-store,148
002708325X,demo-store,273
0027183181,demo-store,794
0027172759,demo-store,594
0027088308,demo-store,266
0027083268,demo-store,317
0027143457,demo-store,855
0027190544,demo-store,732
0027123227,demo-store,387
0027242455,demo-store,185
0027253716,demo-store,968
0027183122,demo-store,537
002718465X,demo-store,274
0027184250,demo-store,638
0027247600,demo-store,534
0027284670,demo-store,775
002728686X,demo-store,454
0027002519,demo-store,941
002718305X,demo-store,937
0027172805,demo-store,947
002729210X,demo-store,732
0027182223,demo-store,770
0027263347,demo-store,332
0027116905,demo-store,532
0027264556,demo-store,872
0027180905,demo-store,198
0027006409,demo-store,202
0027004104,demo-store,402
0027334627,demo-store,735
0027109402,demo-store,277
0027255506,demo-store,466
0026406012,demo-store,205
0027190412,demo-store,173
0027299376,demo-store,751
0027058557,demo-store,286
0027003930,demo-store,897
0027284662,demo-store,552
0027110400,demo-store,224
0027171108,demo-store,333
0027353656,demo-store,385
0027286819,demo-store,620
0027255816,demo-store,126
0027286878,demo-store,843
0027331954,demo-store,147
0027190420,demo-store,500
0027172856,demo-store,846
0027291812,demo-store,182
0027354105,demo-store,995
0027363511,demo-store,270
0027353753,demo-store,554
0027356752,demo-store,306
0027331555,demo-store,513
002717350X,demo-store,671
0027358127,demo-store,505
0027253708,demo-store,280
0027328619,demo-store,787
0027332055,demo-store,184
002733564X,demo-store,483
0027254208,demo-store,911
0027334643,demo-store,510
0027292002,demo-store,889
0027363554,demo-store,411
0027381501,demo-store,520
0027358259,demo-store,752
0027156508,demo-store,295
0027434109,demo-store,989
0027179508,demo-store,812
0027085422,demo-store,792
0027331229,demo-store,205
0027419819,demo-store,488
0027359956,demo-store,461
0027335631,demo-store,351
0027369161,demo-store,832
0027435474,demo-store,188
0027348407,demo-store,734
002742040X,demo-store,318
0027448401,demo-store,245
0027255123,demo-store,769
002743785X,demo-store,124
0027448002,demo-store,729
0027378306,demo-store,719
0027443558,demo-store,908
0027379108,demo-store,402
0027352382,demo-store,439
0027426556,demo-store,598
002743821X,demo-store,781
0027353958,demo-store,225
0027334406,demo-store,332
0027434516,demo-store,564
0027508714,demo-store,440
0027436225,demo-store,461
0027439658,demo-store,538
0027508439,demo-store,601
0027375005,demo-store,234
0027444325,demo-store,234
0027375862,demo-store,572
0027439313,demo-store,396
0027476405,demo-store,745
0027375854,demo-store,603
0027497100,demo-store,956
0027335658,demo-store,338
0027359948,demo-store,785
0027101126,demo-store,450
0027517004,demo-store,335
0027457702,demo-store,384
0027496309,demo-store,350
0027651800,demo-store,868
0027443507,demo-store,708
0027436284,demo-store,585
0027545105,demo-store,546
0027623149,demo-store,925
0027615200,demo-store,917
0027377253,demo-store,788
0027478467,demo-store,250
0027448452,demo-store,620
0027657051,demo-store,978
002761560X,demo-store,504
0027624455,demo-store,506
0027509451,demo-store,634
0027624250,demo-store,777
0027426416,demo-store,661
0027190501,demo-store,862
002765415X,demo-store,445
0027677532,demo-store,714
0027477053,demo-store,283
0027654605,demo-store,961
0027682404,demo-store,304
0027701700,demo-store,289
0027659054,demo-store,784
0027516709,demo-store,647
0027676307,demo-store,203
0027623629,demo-store,610
0027435156,demo-store,583
0027651207,demo-store,309
0027700259,demo-store,558
0027617319,demo-store,744
0027652858,demo-store,965
0027545210,demo-store,835
0027681416,demo-store,413
0027590550,demo-store,472
0027623122,demo-store,132
0027681440,demo-store,363
0027747409,demo-store,563
0027682307,demo-store,943
0027672506,demo-store,845
0027445410,demo-store,316
0027476723,demo-store,469
0027573834,demo-store,174
0027701506,demo-store,373
0027744116,demo-store,996
0027749010,demo-store,754
0027367800,demo-store,980
0027684601,demo-store,410
0027669157,demo-store,706
0027478416,demo-store,847
0027436292,demo-store,243
0027651908,demo-store,561
0027624404,demo-store,936
0027613909,demo-store,903
0027815005,demo-store,840
0027778835,demo-store,681
0027781372,demo-store,115
002777452X,demo-store,319
0027746437,demo-store,494
0027781216,demo-store,315
0027779556,demo-store,405
002777273X,demo-store,335
0027369315,demo-store,940
0027761452,demo-store,102
0027828700,demo-store,795
0027457818,demo-store,913
0027779173,demo-store,956
0027818322,demo-store,483
0027773019,demo-store,662
0027777952,demo-store,538
0027829154,demo-store,384
0027754510,demo-store,945
0027862704,demo-store,479
0027812979,demo-store,187
0027264521,demo-store,909
0027780260,demo-store,614
0027731006,demo-store,793
0027828816,demo-store,513
0027746615,demo-store,253
0027891208,demo-store,161
0027782107,demo-store,773
0027781348,demo-store,279
0027772705,demo-store,884
0027746429,demo-store,299
0027922952,demo-store,229
0027780104,demo-store,278
0027895106,demo-store,926
0027709035,demo-store,951
0027446212,demo-store,416
0027861317,demo-store,669
0027824551,demo-store,948
002777886X,demo-store,334
002782683X,demo-store,201
0027777820,demo-store,505
0027778851,demo-store,574
0027897001,demo-store,701
0027888460,demo-store,879
0027925250,demo-store,245
0027826325,demo-store,544
0027887251,demo-store,919
0027888401,demo-store,335
0027780066,demo-store,580
0027930750,demo-store,156
002782926X,demo-store,594
0027651304,demo-store,836
0027927598,demo-store,728
0027927105,demo-store,532
0028000110,demo-store,611
002793750X,demo-store,526
0027888304,demo-store,410
0027868001,demo-store,725
0027888452,demo-store,457
002793599X,demo-store,597
0027746356,demo-store,470
0027779513,demo-store,757
0027892816,demo-store,180
0027863514,demo-store,337
0027893650,demo-store,914
002774633X,demo-store,286
0027923711,demo-store,976
0027773051,demo-store,829
0028028139,demo-store,235
0028021584,demo-store,710
0027772713,demo-store,914
0028034635,demo-store,313
0028043952,demo-store,186
0027936910,demo-store,880
0028025008,demo-store,830
0028230485,demo-store,541
0028181484,demo-store,544
0028218728,demo-store,617
0028043383,demo-store,237
0028172442,demo-store,534
0028230418,demo-store,734
002815004X,demo-store,345
0027893553,demo-store,613
0027937313,demo-store,758
0028232917,demo-store,206
0028226135,demo-store,491
0027858405,demo-store,644
0028251784,demo-store,116
0028181492,demo-store,270
0028183037,demo-store,236
0028182944,demo-store,795
0028341759,demo-store,288
0028283783,demo-store,948
0028253264,demo-store,429
0028600428,demo-store,655
0028475003,demo-store,520
002860377X,demo-store,684
0028603508,demo-store,804
0028604199,demo-store,403
0028603796,demo-store,445
0028604032,demo-store,535
0028603540,demo-store,265
0028516508,demo-store,250
0028603869,demo-store,873
0028604261,demo-store,946
0028603850,demo-store,922
0028492706,demo-store,241
0028606957,demo-store,357
0028603818,demo-store,213
0028604016,demo-store,730
0028604156,demo-store,381
0028604350,demo-store,684
0028604318,demo-store,884
0028604466,demo-store,769
0028608151,demo-store,743
0028603605,demo-store,861
0028604369,demo-store,886
0028608518,demo-store,532
0028603575,demo-store,600
0028603842,demo-store,910
0028609891,demo-store,628
002860573X,demo-store,188
0028605772,demo-store,216
0028608208,demo-store,259
0028605608,demo-store,787
0028608437,demo-store,280
002860847X,demo-store,994
0028608135,demo-store,825
0028609980,demo-store,114
0028610105,demo-store,533
0028609972,demo-store,824
0028608380,demo-store,658
0028609883,demo-store,737
0028608399,demo-store,219
0028604008,demo-store,954
0028611608,demo-store,892
0028611934,demo-store,763
0028609905,demo-store,542
0028609956,demo-store,553
0028604172,demo-store,817
0028610067,demo-store,859
0028608593,demo-store,565
0028603788,demo-store,196
0028603613,demo-store,568
0028611829,demo-store,930
0028609948,demo-store,262
0028611152,demo-store,521
0028613090,demo-store,285
0028610148,demo-store,179
0028612590,demo-store,929
0028608461,demo-store,235
0028612337,demo-store,626
0028613244,demo-store,332
0028603958,demo-store,435
0028613279,demo-store,741
0028612558,demo-store,894
0028612566,demo-store,581
0028611756,demo-store,750
0028612345,demo-store,401
0028614348,demo-store,489
0028612698,demo-store,420
0028614453,demo-store,313
0028608291,demo-store,325
0028615115,demo-store,117
0028611136,demo-store,188
002861500X,demo-store,670
0028610954,demo-store,220
0028614461,demo-store,766
0028613406,demo-store,952
0028608321,demo-store,277
0028612574,demo-store,592
0028614526,demo-store,827
0028613988,demo-store,891
0028612914,demo-store,506
0028613198,demo-store,651
0028616669,demo-store,503
0028613376,demo-store,392
0028612124,demo-store,572
0028617231,demo-store,187
0028615972,demo-store,475
0028616839,demo-store,573
0028615948,demo-store,787
0028614577,demo-store,875
0028616804,demo-store,212
0028617207,demo-store,742
0028618351,demo-store,549
0028612663,demo-store,289
0028616782,demo-store,301
0028617347,demo-store,188
0028615107,demo-store,983
0028616340,demo-store,301
0028615883,demo-store,327
0028615727,demo-store,869
0028618521,demo-store,312
0028617258,demo-store,753
0028618831,demo-store,979
0028618483,demo-store,211
0028616812,demo-store,646
0028617606,demo-store,860
0028617533,demo-store,676
0028615506,demo-store,773
0028612922,demo-store,460
0028618416,demo-store,375
0028617266,demo-store,909
002861349X,demo-store,445
002861514X,demo-store,183
0028616626,demo-store,295
0028617401,demo-store,529
0028618785,demo-store,431
002861996X,demo-store,248
0028617320,demo-store,917
0028619757,demo-store,568
0028617819,demo-store,593
0028615891,demo-store,225
0028618327,demo-store,268
0028620585,demo-store,790
0028617355,demo-store,399
0028619889,demo-store,846
0028617800,demo-store,393
002861724X,demo-store,997
0028620895,demo-store,498
0028620852,demo-store,472
0028618823,demo-store,983
0028620887,demo-store,599
0028619838,demo-store,543
0028621263,demo-store,717
0028620445,demo-store,620
0028620577,demo-store,123
0028619870,demo-store,132
0028618475,demo-store,377
0028616820,demo-store,912
0028619471,demo-store,301
0028621565,demo-store,553
0028618904,demo-store,320
002862002X,demo-store,722
0028620917,demo-store,717
0028620720,demo-store,998
0028620550,demo-store,999
0028621328,demo-store,651
0028619560,demo-store,349
0028621492,demo-store,351
0028621573,demo-store,803
0028623320,demo-store,789
0028620054,demo-store,166
0028622480,demo-store,599
0028622839,demo-store,935
0028621085,demo-store,524
0028622529,demo-store,604
0028620135,demo-store,346
0028623754,demo-store,196
0028622812,demo-store,600
0028623339,demo-store,991
0028621506,demo-store,960
0028622405,demo-store,105
0028616308,demo-store,590
0028623983,demo-store,593
0028624548,demo-store,662
0028623150,demo-store,466
0028624475,demo-store,184
0028621425,demo-store,842
0028622863,demo-store,452
0028622367,demo-store,325
0028621697,demo-store,611
0028622472,demo-store,541
0028621700,demo-store,233
0028623940,demo-store,702
0028616650,demo-store,957
0028624076,demo-store,739
0028620283,demo-store,612
0028622073,demo-store,556
0028623355,demo-store,462
0028622235,demo-store,261
0028624556,demo-store,454
0028619641,demo-store,377
002862386X,demo-store,719
0028624505,demo-store,735
0028622618,demo-store,862
0028624610,demo-store,651
0028623363,demo-store,668
0028624432,demo-store,526
0028626400,demo-store,927
0028624521,demo-store,373
0028624599,demo-store,435
0028623819,demo-store,584
0028625684,demo-store,334
002861917X,demo-store,983
0028623886,demo-store,724
0028625803,demo-store,924
0028624513,demo-store,561
0028625129,demo-store,874
0028626222,demo-store,830
0028623371,demo-store,515
0028626958,demo-store,797
0028624572,demo-store,628
0028625676,demo-store,159
0028627385,demo-store,241
002862646X,demo-store,813
0028626303,demo-store,738
0028625846,demo-store,116
0028627350,demo-store,907
0028627474,demo-store,184
0028621654,demo-store,685
0028627520,demo-store,112
0028626753,demo-store,596
0028626451,demo-store,706
0028623274,demo-store,462
0028623851,demo-store,375
0028627393,demo-store,313
002862761X,demo-store,920
0028627113,demo-store,756
0028622855,demo-store,309
0028626192,demo-store,964
0028625102,demo-store,720
0028627253,demo-store,500
0028627687,demo-store,631
0028629604,demo-store,909
0028629248,demo-store,120
0028627202,demo-store,540
0028629868,demo-store,666
0028626036,demo-store,538
0028630181,demo-store,204
0028629302,demo-store,938
0028626427,demo-store,202
0028629515,demo-store,132
0028620666,demo-store,999
0028628268,demo-store,175
0028627415,demo-store,261
0028629957,demo-store,685
0028626796,demo-store,570
0028626494,demo-store,706
0028624440,demo-store,891
002863036X,demo-store,257
0028621441,demo-store,964
0028630645,demo-store,790
0028630351,demo-store,144
0028628829,demo-store,839
0028628918,demo-store,905
0028629493,demo-store,201
0028629035,demo-store,827
0028629450,demo-store,230
0028627717,demo-store,898
0028628217,demo-store,910
0028627598,demo-store,592
0028629000,demo-store,716
0028631471,demo-store,165
0028627245,demo-store,323
0028630904,demo-store,572
0028628691,demo-store,986
0028630599,demo-store,908
0028631536,demo-store,747
002862985X,demo-store,394
0028631188,demo-store,274
0028630734,demo-store,718
0028631870,demo-store,756
0028629612,demo-store,172
0028629175,demo-store,493
0028631412,demo-store,137
0028627199,demo-store,256
0028629361,demo-store,724
0028630823,demo-store,865
0028630890,demo-store,342
0028632338,demo-store,484
0028629043,demo-store,788
0028629841,demo-store,177
0028630653,demo-store,524
0028631897,demo-store,578
0028630963,demo-store,334
0028631552,demo-store,359
0028631528,demo-store,778
0028632761,demo-store,601
0028633563,demo-store,403
0028632028,demo-store,920
0028624149,demo-store,857
0028631889,demo-store,253
0028631234,demo-store,358
0028627431,demo-store,362
0028633725,demo-store,745
002863201X,demo-store,752
0028633504,demo-store,829
0028634047,demo-store,325
0028627504,demo-store,421
0028631994,demo-store,728
0028628896,demo-store,724
0028634160,demo-store,377
0028632362,demo-store,722
0028634497,demo-store,455
0028634500,demo-store,945
0028633873,demo-store,557
0028635094,demo-store,684
0028633083,demo-store,265
0028634691,demo-store,514
0028633857,demo-store,481
0028632346,demo-store,260
0028633377,demo-store,682
0028631919,demo-store,948
0028635299,demo-store,317
0028631757,demo-store,898
0028635086,demo-store,849
002863599X,demo-store,604
0028627660,demo-store,913
0028634764,demo-store,799
0028630378,demo-store,901
0028635426,demo-store,350
0028630238,demo-store,403
0028636376,demo-store,462
0028632796,demo-store,141
0028633946,demo-store,903
0028636449,demo-store,249
0028635868,demo-store,858
0028637011,demo-store,965
0028630459,demo-store,569
0028636562,demo-store,695
0028631161,demo-store,485
0028636007,demo-store,916
0028633784,demo-store,721
0028636341,demo-store,996
0028634063,demo-store,379
0028637461,demo-store,409
0028633792,demo-store,159
002863750X,demo-store,366
0028633830,demo-store,249
0028635892,demo-store,336
0028636392,demo-store,752
0028635949,demo-store,593
0028634934,demo-store,627
0028631978,demo-store,578
0028636589,demo-store,200
0028632370,demo-store,679
0028637909,demo-store,228
0028637380,demo-store,852
0028636848,demo-store,812
0028637178,demo-store,115
0028634748,demo-store,246
002863831X,demo-store,911
0028634659,demo-store,256
0028631277,demo-store,678
0028637933,demo-store,388
0028632753,demo-store,936
0028636716,demo-store,273
0028637232,demo-store,354
0028636678,demo-store,896
0028636961,demo-store,150
0028637879,demo-store,481
0028638468,demo-store,505
0028638212,demo-store,419
0028636864,demo-store,205
0028636988,demo-store,826
0028636600,demo-store,671
0028635396,demo-store,571
0028638158,demo-store,822
0028638425,demo-store,258
0028638735,demo-store,483
0028635264,demo-store,618
0028638859,demo-store,673
0028636384,demo-store,890
0028637925,demo-store,233
0028637526,demo-store,808
0028635302,demo-store,674
0028637496,demo-store,355
0028638352,demo-store,186
0028638344,demo-store,602
0028634942,demo-store,141
0028637046,demo-store,685
0028639073,demo-store,618
0028636686,demo-store,219
0028636619,demo-store,669
0028638174,demo-store,301
0028635256,demo-store,509
0028638204,demo-store,514
0028638948,demo-store,776
0028639243,demo-store,679
0028636538,demo-store,521
0028639294,demo-store,193
0028636945,demo-store,722
0028638395,demo-store,987
0028638840,demo-store,383
0028636732,demo-store,637
0028639251,demo-store,311
002863862X,demo-store,901
0028637623,demo-store,464
0028636651,demo-store,120
002863828X,demo-store,317
0028639502,demo-store,923
0028638263,demo-store,815
0028638905,demo-store,580
0028639405,demo-store,417
002863893X,demo-store,941
0028638255,demo-store,444
002863926X,demo-store,315
0028638611,demo-store,720
0028639391,demo-store,955
0028637453,demo-store,409
0028638433,demo-store,796
0028637895,demo-store,732
002863635X,demo-store,151
0028639383,demo-store,771
0028639189,demo-store,363
0028639375,demo-store,757
0028639022,demo-store,704
0028639456,demo-store,130
0028638980,demo-store,623
0028639324,demo-store,973
0028639758,demo-store,335
0028639596,demo-store,750
002863988X,demo-store,463
0028638662,demo-store,310
0028639669,demo-store,575
0028639871,demo-store,534
0028639804,demo-store,351
0028639162,demo-store,301
0028636023,demo-store,227
0028639855,demo-store,697
0028639766,demo-store,191
0028640098,demo-store,441
002863814X,demo-store,686
0028640012,demo-store,738
0028638328,demo-store,954
0028638964,demo-store,217
0028632001,demo-store,797
0028639332,demo-store,834
0028638913,demo-store,551
0028639421,demo-store,824
0028638921,demo-store,267
0028639944,demo-store,518
0028639480,demo-store,518
0028640683,demo-store,912
0028639928,demo-store,285
0028640055,demo-store,632
0028641418,demo-store,210
0028639367,demo-store,661
0028640004,demo-store,730
0028640322,demo-store,488
002863196X,demo-store,264
0028639286,demo-store,530
0028639197,demo-store,879
0028639448,demo-store,871
0028641396,demo-store,693
0028641728,demo-store,732
0028639898,demo-store,377
0028639014,demo-store,767
0028641515,demo-store,471
0028639510,demo-store,746
0028634853,demo-store,373
0028632605,demo-store,579
0028639634,demo-store,181
0028639359,demo-store,518
0028636597,demo-store,274
0028642074,demo-store,416
0028642023,demo-store,623
002863943X,demo-store,175
0028641752,demo-store,709
0028641949,demo-store,465
0028638891,demo-store,789
0028639499,demo-store,873
0028639537,demo-store,170
0028639588,demo-store,503
0028641639,demo-store,116
002863974X,demo-store,547
0028641558,demo-store,455
0028642082,demo-store,668
0028641531,demo-store,586
0028639235,demo-store,943
0028641477,demo-store,884
0028640063,demo-store,554
0028639952,demo-store,222
0028641809,demo-store,659
0028641663,demo-store,731
0028641701,demo-store,645
0028640128,demo-store,700
0028642406,demo-store,438
0028642112,demo-store,273
0028641469,demo-store,426
0028639812,demo-store,983
0028639413,demo-store,709
0028642368,demo-store,966
0028642139,demo-store,809
0028642201,demo-store,419
002864168X,demo-store,928
0028639820,demo-store,963
0028640705,demo-store,451
0028642651,demo-store,211
0028638492,demo-store,764
0028642384,demo-store,570
0028640071,demo-store,243
0028642236,demo-store,691
0028638638,demo-store,664
0028638190,demo-store,612
0028641981,demo-store,475
0028642740,demo-store,356
0028642376,demo-store,702
0028642333,demo-store,646
002864171X,demo-store,166
0028638301,demo-store,507
0028642414,demo-store,309
0028637275,demo-store,508
0028642341,demo-store,617
0028642589,demo-store,884
0028642422,demo-store,576
002864154X,demo-store,674
0028642317,demo-store,949
0028642694,demo-store,444
002864218X,demo-store,761
0028642678,demo-store,1000
0028641582,demo-store,735
0028641736,demo-store,900
0028639545,demo-store,807
0028639790,demo-store,967
0028642872,demo-store,765
0028642430,demo-store,617
0028642783,demo-store,276
0028643194,demo-store,387
0028642635,demo-store,448
0028640039,demo-store,743
0028642716,demo-store,507
0028639839,demo-store,675
0028642732,demo-store,776
0028642252,demo-store,141
0028638670,demo-store,478
0028642643,demo-store,792
002864266X,demo-store,500
0028641698,demo-store,814
0028639979,demo-store,706
0028641825,demo-store,594
0028641671,demo-store,671
002864302X,demo-store,827
0028641779,demo-store,484
0028642058,demo-store,747
0028642570,demo-store,934
0028642163,demo-store,431
0028642627,demo-store,685
0028642821,demo-store,765
0028643461,demo-store,900
0028642171,demo-store,156
0028642767,demo-store,711
0028642260,demo-store,151
0028643259,demo-store,563
0028643224,demo-store,494
0028643534,demo-store,947
0028642775,demo-store,685
0028642449,demo-store,559
0028643550,demo-store,410
0028641817,demo-store,245
0028643305,demo-store,292
0028643100,demo-store,798
0028643178,demo-store,518
0028643518,demo-store,730
0028642104,demo-store,462
002864283X,demo-store,817
002864350X,demo-store,533
0028639340,demo-store,505
0028643879,demo-store,718
0028643399,demo-store,525
0028643992,demo-store,345
0028643526,demo-store,814
0028642279,demo-store,674
0028644239,demo-store,396
0028643933,demo-store,928
002864364X,demo-store,126
0028644182,demo-store,186
0028644212,demo-store,536
0028641442,demo-store,540
0028643828,demo-store,138
0028643607,demo-store,347
0028643119,demo-store,157
002864316X,demo-store,336
0028643658,demo-store,402
0028639936,demo-store,242
0028644336,demo-store,831
002864459X,demo-store,323
0028644018,demo-store,766
0028642902,demo-store,555
0028643089,demo-store,720
002864431X,demo-store,445
0028644867,demo-store,199
0028644174,demo-store,427
0028643712,demo-store,657
0028644840,demo-store,392
0028644506,demo-store,799
0028644565,demo-store,988
0028644379,demo-store,225
0028644654,demo-store,534
0028645200,demo-store,639
0028644859,demo-store,164
0028644700,demo-store,286
0028644786,demo-store,334
0028645693,demo-store,617
0028644069,demo-store,303
0028644638,demo-store,130
0028646142,demo-store,574
0028644417,demo-store,560
0028644662,demo-store,694
0028645073,demo-store,443
0028644670,demo-store,890
0028640020,demo-store,233
0028644492,demo-store,604
0028643747,demo-store,667
0028645715,demo-store,878
0028644972,demo-store,401
0028647319,demo-store,584
0028647432,demo-store,678
0028644603,demo-store,566
0028645960,demo-store,458
0028647912,demo-store,100
0028643453,demo-store,965
0028647394,demo-store,500
0028649656,demo-store,321
0028648625,demo-store,424
0028647165,demo-store,494
002864462X,demo-store,414
0028644247,demo-store,101
0028646673,demo-store,796
0028647424,demo-store,862
0028647297,demo-store,444
0028645952,demo-store,861
0028646827,demo-store,427
0028646126,demo-store,427
0028647378,demo-store,888
002864610X,demo-store,969
0028647521,demo-store,667
0028646851,demo-store,987
0028648730,demo-store,428
0028650654,demo-store,974
0028642686,demo-store,520
0028646835,demo-store,135
0028650085,demo-store,888
0028648153,demo-store,762
0028649664,demo-store,310
0028655419,demo-store,943
0028649192,demo-store,879
0028644913,demo-store,562
0028647882,demo-store,857
0028650301,demo-store,218
0028657802,demo-store,618
0028658310,demo-store,310
0028644166,demo-store,568
002865370X,demo-store,830
0028642899,demo-store,966
0028656776,demo-store,923
0028704711,demo-store,382
0028708458,demo-store,993
0028653300,demo-store,450
002866020X,demo-store,787
0028708326,demo-store,339
0028705521,demo-store,617
0028656067,demo-store,851
0028706838,demo-store,173
0028657330,demo-store,692
0028704843,demo-store,531
0028647351,demo-store,773
0028653491,demo-store,440
0028644530,demo-store,596
0028701658,demo-store,708
002864719X,demo-store,803
0028700112,demo-store,750
0028644921,demo-store,429
0028657187,demo-store,158
002870133X,demo-store,592
0028649257,demo-store,264
0028707907,demo-store,683
002865806X,demo-store,448
0028703111,demo-store,349
0028707648,demo-store,619
0028659287,demo-store,125
0028711009,demo-store,524
0028656032,demo-store,518
0028657047,demo-store,816
0028654838,demo-store,196
0028647491,demo-store,967
002870620X,demo-store,330
0028719158,demo-store,350
0028712714,demo-store,586
0028647505,demo-store,424
0028713591,demo-store,348
0028724186,demo-store,986
0028658477,demo-store,854
0028706501,demo-store,976
002871394X,demo-store,640
0028713567,demo-store,761
0028722809,demo-store,990
002870665X,demo-store,235
0028722752,demo-store,509
0028712218,demo-store,824
0028718852,demo-store,336
0028715306,demo-store,334
0028740106,demo-store,264
0028732901,demo-store,263
0028723929,demo-store,263
002870763X,demo-store,321
0028740092,demo-store,725
0028740475,demo-store,765
0028740173,demo-store,294
0028740912,demo-store,239
0028721454,demo-store,436
0028648641,demo-store,443
0028740858,demo-store,510
0028810759,demo-store,880
0028717953,demo-store,461
0028659775,demo-store,296
0028740483,demo-store,478
0028730127,demo-store,849
0028810074,demo-store,375
0028810732,demo-store,714
0028707656,demo-store,530
0028644948,demo-store,183
0028740181,demo-store,882
002872612X,demo-store,583
0028810570,demo-store,636
0028970853,demo-store,946
0028728513,demo-store,142
0028810872,demo-store,418
0028740610,demo-store,456
0028810813,demo-store,965
0028741129,demo-store,125
0028811232,demo-store,684
0029007658,demo-store,438
0028740122,demo-store,394
0028713435,demo-store,950
0028972252,demo-store,459
0028810309,demo-store,687
0028811100,demo-store,597
0029014557,demo-store,700
0028740238,demo-store,651
0028810694,demo-store,953
0028811259,demo-store,187
0028722213,demo-store,620
0028811046,demo-store,730
0028973038,demo-store,811
0028740866,demo-store,189
0028733150,demo-store,966
0028724151,demo-store,439
0029003105,demo-store,995
0029017815,demo-store,952
0028811127,demo-store,128
0028810120,demo-store,857
0028810864,demo-store,287
0029030129,demo-store,473
0029012813,demo-store,148
0029004756,demo-store,731
0029001455,demo-store,197
0029035503,demo-store,324
002900151X,demo-store,692
0028740637,demo-store,591
0029023513,demo-store,713
0029044308,demo-store,457
0029023521,demo-store,635
0028971094,demo-store,790
0029017602,demo-store,914
0029038812,demo-store,311
0029050758,demo-store,568
0028811135,demo-store,227
0029059100,demo-store,832
0029001013,demo-store,559
002901915X,demo-store,827
0029015006,demo-store,494
0028810376,demo-store,246
0029042003,demo-store,624
0029019869,demo-store,289
002905477X,demo-store,846
0029023807,demo-store,393
0029079403,demo-store,619
0029037018,demo-store,195
0029072115,demo-store,136
0028810252,demo-store,482
0029063566,demo-store,627
0028810082,demo-store,273
0029004314,demo-store,236
0029078830,demo-store,492
0029088801,demo-store,676
0029060400,demo-store,146
002903079X,demo-store,886
0029089255,demo-store,770
002901851X,demo-store,363
0029018625,demo-store,978
0029043417,demo-store,179
002907990X,demo-store,762
002905950X,demo-store,253
0029004950,demo-store,358
0029055156,demo-store,323
0029109752,demo-store,773
0029096200,demo-store,920
0029047226,demo-store,340
0029109108,demo-store,401
0028740009,demo-store,617
0028810473,demo-store,147
0029115752,demo-store,716
002911702X,demo-store,121
0029077354,demo-store,321
0029081025,demo-store,530
0029116112,demo-store,939
0029102766,demo-store,453
0029094801,demo-store,456
0029117062,demo-store,356
0029118239,demo-store,752
0029138639,demo-store,905
0029110459,demo-store,214
0029137055,demo-store,260
0029059801,demo-store,723
0029089263,demo-store,873
0029113121,demo-store,929
0029142113,demo-store,713
0029164222,demo-store,172
0029069386,demo-store,580
0029123992,demo-store,937
0029123801,demo-store,976
0029120640,demo-store,484
0029153352,demo-store,922
0029116023,demo-store,819
0029124824,demo-store,992
0029160014,demo-store,857
0029138655,demo-store,859
0029131715,demo-store,295
0029131723,demo-store,896
0029166357,demo-store,296
0029155010,demo-store,587
002912977X,demo-store,368
0029150205,demo-store,362
0029076102,demo-store,738
0029079373,demo-store,231
0029115744,demo-store,929
0029141656,demo-store,522
0029103126,demo-store,967
0029184304,demo-store,819
0029187109,demo-store,960
0029152917,demo-store,508
0029170451,demo-store,645
0029119405,demo-store,573
0029066832,demo-store,935
0029173078,demo-store,182
002911781X,demo-store,122
002914180X,demo-store,454
0029184673,demo-store,842
0029183413,demo-store,800
0029126614,demo-store,465
0029123704,demo-store,824
0029182301,demo-store,725
0029146739,demo-store,424
0029166764,demo-store,780
0029119154,demo-store,680
0029195632,demo-store,855
0029195616,demo-store,308
0029166837,demo-store,638
0029134714,demo-store,492
0029194415,demo-store,956
0029187303,demo-store,980
0029161614,demo-store,453
0029183308,demo-store,369
0029199808,demo-store,480
0029105501,demo-store,473
0029177766,demo-store,621
0029197821,demo-store,365
0029212871,demo-store,793
0029059909,demo-store,329
0029212650,demo-store,506
0029197856,demo-store,733
0029216052,demo-store,936
0029183316,demo-store,542
002919055X,demo-store,150
0029175860,demo-store,436
0029236797,demo-store,129
002915670X,demo-store,825
0029228956,demo-store,691
002923235X,demo-store,818
0029231302,demo-store,741
0029052351,demo-store,199
0029215005,demo-store,997
0029227968,demo-store,222
0029215978,demo-store,369
0029211816,demo-store,709
002920528X,demo-store,185
002921291X,demo-store,366
0029175410,demo-store,510
0029213711,demo-store,364
0029250951,demo-store,663
0029195160,demo-store,572
0029184703,demo-store,196
0029195179,demo-store,143
0029184657,demo-store,224
0029250617,demo-store,437
0029236851,demo-store,616
0029236827,demo-store,325
0029176425,demo-store,304
0029187702,demo-store,209
0029174317,demo-store,832
0029238374,demo-store,759
0029252121,demo-store,755
0029190908,demo-store,492
0029175852,demo-store,259
0029253411,demo-store,682
0029186064,demo-store,947
0029268915,demo-store,718
0029283752,demo-store,218
0029255805,demo-store,819
0029250552,demo-store,115
0029134609,demo-store,430
0029266718,demo-store,742
0029206707,demo-store,375
0029263875,demo-store,999
0029291003,demo-store,550
0029197619,demo-store,471
0029250420,demo-store,630
0029256151,demo-store,679
0029258219,demo-store,834
0029281059,demo-store,706
0029287316,demo-store,894
0029275962,demo-store,699
0029273757,demo-store,888
0029277558,demo-store,246
0029279526,demo-store,185
0029303605,demo-store,375
0029327253,demo-store,755
002929231X,demo-store,712
0029317150,demo-store,304
0029303303,demo-store,924
0029276519,demo-store,302
0029340012,demo-store,728
0029286662,demo-store,958
0029331552,demo-store,576
0029321808,demo-store,164
0029330009,demo-store,974
0029285828,demo-store,999
0029344654,demo-store,420
0029332001,demo-store,709
0029297559,demo-store,561
0029292700,demo-store,942
0029314755,demo-store,676
0029298652,demo-store,103
0029265959,demo-store,584
0029257506,demo-store,476
0029338018,demo-store,583
0029041600,demo-store,163
0029289386,demo-store,325
0029317169,demo-store,413
0029347157,demo-store,602
0029295203,demo-store,349
0029116015,demo-store,463
0029346800,demo-store,274
0029160154,demo-store,341
002934655X,demo-store,962
0029258502,demo-store,827
0029347106,demo-store,346
0029324610,demo-store,348
0029286506,demo-store,385
0029334357,demo-store,254
0029271401,demo-store,826
0029357012,demo-store,100
0029331536,demo-store,855
0029236789,demo-store,724
0029344204,demo-store,387
0029320402,demo-store,813
0029259657,demo-store,898
002933795X,demo-store,966
0029266254,demo-store,607
0030000726,demo-store,689
0030015472,demo-store,267
0030007380,demo-store,776
0030025540,demo-store,614
003004068X,demo-store,631
0029291534,demo-store,823
0030024641,demo-store,638
0030014069,demo-store,697
0030020786,demo-store,833
0030040590,demo-store,1000
0029286670,demo-store,967
0030037727,demo-store,828
0030050138,demo-store,634
0030021227,demo-store,485
0029339960,demo-store,964
0030043646,demo-store,378
0029353653,demo-store,967
003005849X,demo-store,640
0030056241,demo-store,619
0030062225,demo-store,223
0030028523,demo-store,342
0030056268,demo-store,922
0030032946,demo-store,138
0030044634,demo-store,394
0030069394,demo-store,712
0029340217,demo-store,254
002964500X,demo-store,244
0029356032,demo-store,938
0030060133,demo-store,482
0030060494,demo-store,668
0030049598,demo-store,784
0030011124,demo-store,255
0029356717,demo-store,901
0030074428,demo-store,939
0030020387,demo-store,278
0030060028,demo-store,431
0030103525,demo-store,522
003004037X,demo-store,394
003009559X,demo-store,309
0030073243,demo-store,802
0030008972,demo-store,244
0030058899,demo-store,209
0030062284,demo-store,999
0030029945,demo-store,360
0030131642,demo-store,720
0030086272,demo-store,744
0030060222,demo-store,958
0030015979,demo-store,943
0030103479,demo-store,664
0030095980,demo-store,938
0030145899,demo-store,179
0030108063,demo-store,865
0030097827,demo-store,460
003008508X,demo-store,261
003016253X,demo-store,355
0030167418,demo-store,698
0030163145,demo-store,377
0030105676,demo-store,202
0030133386,demo-store,257
0030134897,demo-store,483
0029324440,demo-store,620
0030177189,demo-store,722
0030105595,demo-store,951
0030186129,demo-store,900
0030184762,demo-store,643
0030180775,demo-store,355
0030193370,demo-store,730
0030200881,demo-store,217
0030184614,demo-store,619
0030202868,demo-store,500
0030206936,demo-store,925
0030207916,demo-store,852
0030211263,demo-store,321
0030210399,demo-store,931
0030217865,demo-store,872
003019234X,demo-store,939
0030210178,demo-store,388
0030223695,demo-store,335
0030209064,demo-store,698
0030223776,demo-store,676
0030172330,demo-store,398
0030237971,demo-store,323
0030226546,demo-store,251
003022909X,demo-store,830
0030212839,demo-store,167
0030224179,demo-store,892
0030205085,demo-store,419
0030225280,demo-store,234
003020951X,demo-store,706
0030237629,demo-store,469
0030250331,demo-store,533
0030245192,demo-store,524
0030225582,demo-store,455
003025034X,demo-store,774
0030255473,demo-store,247
0030243483,demo-store,493
0030225078,demo-store,849
0030270030,demo-store,139
0030243475,demo-store,400
0030238110,demo-store,789
0030258723,demo-store,950
0030259827,demo-store,166
003024627X,demo-store,454
003024482X,demo-store,647
0030225086,demo-store,167
0030270189,demo-store,577
0030294010,demo-store,203
0030254566,demo-store,355
0030266408,demo-store,477
0030259835,demo-store,791
0030291917,demo-store,679
0030225175,demo-store,713
0030212146,demo-store,924
0030305047,demo-store,516
0030237734,demo-store,200
0030270170,demo-store,344
0030315336,demo-store,554
0030268583,demo-store,351
0030313783,demo-store,530
0030264715,demo-store,540
0030262577,demo-store,121
003026961X,demo-store,976
0030289319,demo-store,721
0030295815,demo-store,400
0030312345,demo-store,439
0030319625,demo-store,861
003022294X,demo-store,555
0030213347,demo-store,837
0030329442,demo-store,362
003033604X,demo-store,140
0030341337,demo-store,211
0030327164,demo-store,605
0030333547,demo-store,872
0030311063,demo-store,240
0030345030,demo-store,933
0030347572,demo-store,465
0030265665,demo-store,595
0030337267,demo-store,420
0030318238,demo-store,634
0030335647,demo-store,597
0030350840,demo-store,610
0030259517,demo-store,187
0030335930,demo-store,976
0030341795,demo-store,612
0030355230,demo-store,667
003032159X,demo-store,163
0030339588,demo-store,813
0030354579,demo-store,816
0030315670,demo-store,146
0030329337,demo-store,394
0030310954,demo-store,447
0030334748,demo-store,900
0030318343,demo-store,933
0030355532,demo-store,363
0030351383,demo-store,253
0030348064,demo-store,231
0030339316,demo-store,567
0030339871,demo-store,653
0030339286,demo-store,778
0030331889,demo-store,187
0030343119,demo-store,365
0030403065,demo-store,531
0030335035,demo-store,573
0030352991,demo-store,367
0030352533,demo-store,623
0030421268,demo-store,959
0030421365,demo-store,112
0030447119,demo-store,529
0030435366,demo-store,531
0030459613,demo-store,769
0030474345,demo-store,723
0030425115,demo-store,465
0030442214,demo-store,596
0030353734,demo-store,549
0030452465,demo-store,669
0030466512,demo-store,999
0030490561,demo-store,329
0030499380,demo-store,435
0030509262,demo-store,141
0030506018,demo-store,790
0030515661,demo-store,795
0030465311,demo-store,356
0030491266,demo-store,393
0030534275,demo-store,509
0030538319,demo-store,749
003053786X,demo-store,328
