0321735722,"Electronics",206374,"Kelby Training DVD: Adobe Photoshop CS5 Power Session By Matt Kloskowski",38.95,"http://ecx.images-amazon.com/images/I/31TvjSNbFwL.jpg",555,2749.34,4.95
0324322402,"Electronics",111352,"ResponseCard IR",56.99,"http://ecx.images-amazon.com/images/I/51QBqN3F8hL._SY300_.jpg",846,3861.61,4.56
0439651859,"Electronics",202579,"TEACHERS FRIEND NOTE FROM THE TEACHER SCHOOL TO HOME NOTES",5.99,"http://ecx.images-amazon.com/images/I/31GI7SdbS7L.jpg",786,3362.74,4.28
0439886341,"Electronics",144944,"Digital Organizer and Messenger",8.15,"http://ecx.images-amazon.com/images/I/51k0qa8fNML._SX300_.jpg",648,3113.51,4.8
0545020832,"Toys & Games",732749,"Talk-to-Me Amazing Animals Phonics Boxed Set With Magic Talking Pen &amp; 10 Books",23.92,"http://ecx.images-amazon.com/images/I/41dBcDrKmqL.gif",302,1136.16,3.76
0545016258,"Toys & Games",250565,"Scholastic Rapid Words 1000 Electronic Word Game",15.9,"http://ecx.images-amazon.com/images/I/51OGqxGPQxL._SX300_.jpg",235,1075.44,4.58
0545102057,"Toys & Games",315997,"Scholastic Electronic Dictionary",11.95,"http://ecx.images-amazon.com/images/I/51TPCeSx57L._SY300_.jpg",834,2642.59,3.17
059403390X,"Electronics",49531,"Barnes &amp; Noble BP-01-C01-N2-1 Industriell Cover",15.0,"http://ecx.images-amazon.com/images/I/5145WahSR4L._SY300_.jpg",953,3674.02,3.86
0594450268,"Electronics",16038,"NOOK HD+ Protective Stand Cover",25.78,"http://ecx.images-amazon.com/images/I/31x1Kj7yGdL._SY300_.jpg",589,2942.32,5.0
0743610431,"Electronics",64138,"Maptech ChartKit&reg; Book w/Companion CD - Florida East Coast &amp; The Keys",111.6,"http://ecx.images-amazon.com/images/I/31AgCC9ZFqL.jpg",961,3534.87,3.68
074361058X,"Electronics",38983,"Maptech Embassy Cruising Guide - Long Island Sound to Cape May, NJ",44.95,"http://ecx.images-amazon.com/images/I/41VBBdv7TpL.jpg",556,1735.37,3.12
0777700018,"Electronics",93162,"65W/90W DC Car Charger for Dell Inspiron, Latitude, Studio, Vostro &amp; XPS Laptops (Lifetime Warranty, Bulk Packaging)",21.4,"http://ecx.images-amazon.com/images/I/41FVVuXVieL._SX300_.jpg",527,2279.88,4.33
0879393742,"Software",6594,,667.19,"http://ecx.images-amazon.com/images/I/21w4q55Yr6L.jpg",475,1463.92,3.08
0973528648,"Sports &amp; Outdoors",1498330,"Bulldog's Wes Humpston Book/Pictorial Skate Art",726.77,"http://ecx.images-amazon.com/images/I/61lFnQPa0KL._SY300_.jpg",998,3839.04,3.85
0974562106,"Software",7154,,32.95,"http://ecx.images-amazon.com/images/I/51HblCPjB1L._SY300_.jpg",290,1175.13,4.05
0977703037,"Software",20114,,49.65,"http://ecx.images-amazon.com/images/I/51lvKspymLL._SY300_.jpg",451,1806.67,4.01
0978770382,"Sports &amp; Outdoors",709367,"New 2012 Callaway uPro MX+ Golf GPS Ultimate Package",22.94,"http://ecx.images-amazon.com/images/I/51yXIwlRpiL._SY300_.jpg",560,2716.64,4.85
0982308825,"Movies & TV",494896,"Advanced Photoshop Rendering Techniques",491.18,"http://ecx.images-amazon.com/images/I/51n2gigGjeL._SY300_.jpg",533,2470.29,4.63
0984484515,"Toys & Games",540790,"Super Sprowtz The Super Sprowtz Origins Board Book",32.89,"http://ecx.images-amazon.com/images/I/51L4DAg7AlL._SY300_.jpg",548,2407.28,4.39
0984484523,"Toys & Games",489080,"Super Sprowtz I Am Brian Broccoli and I Am Super Strong Board Book",724.29,"http://ecx.images-amazon.com/images/I/518VIdUaI9L._SY300_.jpg",657,2403.18,3.66
1094441252,"Electronics",105519,"GENUINE / ORIGINAL DELL (9-Cell) Extended Laptop Battery for Dell Latitude D620 D630 Series, PN 312-0383, 312-0384, 312-0386, JD634 - NOT AFTERMARKET 3RD PARTY GENERIC (ORIGINAL, GENUINE DELL PARTS!)",119.0,"http://ecx.images-amazon.com/images/I/41vwzmFXFsL._SY300_.jpg",140,553.23,3.95
1182702627,"Cell Phones & Accessories",340563,"Hello Kitty Home Button Sticker plus Free Screen Protector",1.8,"http://ecx.images-amazon.com/images/I/41nqaKcaorL._SX300_.jpg",575,2597.93,4.52
1400532620,"Electronics",23071,"Barnes &amp; Noble Nook eReader - no 3G",74.95,"http://ecx.images-amazon.com/images/I/519ca3cu5eL._SY300_.jpg",368,1781.51,4.84
1400699894,"Electronics",1567,"NOOK GLOWLIGHT eBook Reader 4GB (BNRV500)",119.95,"http://ecx.images-amazon.com/images/I/41ZpXub7tcL._SX300_.jpg",334,1381.39,4.14
1400532736,"Electronics",4945,"Nook Simple Touch eReader",62.99,"http://ecx.images-amazon.com/images/I/413fSdlMm6L._SY300_.jpg",530,2028.27,3.83
1400501474,"Electronics",44391,"Barnes &amp; Noble NOOK Tablet 16GB, Wi-Fi, 7&quot; Touchscreen eBook Reader- 1GHz Dual-Core BNTV250",188.88,"http://ecx.images-amazon.com/images/I/41YJE1pmX1L._SY300_.jpg",230,767.11,3.34
1400501741,"Electronics",7733,"Nook HD+ 9&quot; 16GB Wi-Fi Color Tablet",219.95,"http://ecx.images-amazon.com/images/I/41uyyN0sBwL._SY300_.jpg",908,2954.41,3.25
1400699169,"Electronics",6486,"NOOK HD+ 9&quot; 32GB Tablet",211.75,"http://ecx.images-amazon.com/images/I/51k%2B7UVCbqL._SX300_.jpg",963,4736.41,4.92
1400532655,"Electronics",3308,"Barnes &amp; Noble Nook Color eReader",113.99,"http://ecx.images-amazon.com/images/I/51lBXZsMsGL._SY300_.jpg",700,3375.33,4.82
1400599997,"Electronics",15073,"Barnes &amp; Noble NOOK ebook reader (WiFi + 3G)[B&amp;W]",78.71,"http://ecx.images-amazon.com/images/I/51HuCZb7z0L._SY300_.jpg",259,931.41,3.6
1400501776,"Electronics",17334,"Barnes and Noble NOOK 7&quot; 8GB WiFi Tablet",89.99,"http://ecx.images-amazon.com/images/I/31tmsc9pqxL._SY300_.jpg",789,2667.94,3.38
1412714451,"Toys & Games",423214,"Listen-And-Learn Farm Sounds ~ Active Minds",28.85,"http://ecx.images-amazon.com/images/I/51435ylsw9L._SX300_.jpg",714,3080.63,4.31
1412733626,"Toys & Games",267390,"Story Reader SpongeBob 3 Pack Bad Luck/Never Ending/Grand Prize",29.0,"http://ecx.images-amazon.com/images/I/51QNPP13RWL._SY300_.jpg",654,3029.07,4.63
141277201X,"Toys & Games",488583,"Story Reader Special Edition Sesame Street Set",560.23,"http://ecx.images-amazon.com/images/I/51wFmfg20yL._SY300_.jpg",500,2041.8,4.08
1412772028,"Toys & Games",345607,"Story Reader Special Edition Disney Princess Set with Musical Jewelry Box",42.48,"http://ecx.images-amazon.com/images/I/51D0AKinp0L._SX300_.jpg",476,1631.16,3.43
141278400X,"Toys & Games",422065,"Thomas and Friends 3 Storybook Library",29.99,"http://ecx.images-amazon.com/images/I/5138jU2ZpQL._SX300_.jpg",953,2875.91,3.02
1412784212,"Toys & Games",783287,"Story Reader Limited Collector's Edition - Nickelodeon",28.92,"http://ecx.images-amazon.com/images/I/514OsS7lJ3L._SY300_.jpg",835,2653.56,3.18
1412789788,"Cell Phones & Accessories",145271,"School Days School Memories Keepsake Album -- 8 pockets for storing treasured mementos --- space to attach school photos --- prompts to record details of each school year",5.06,"http://ecx.images-amazon.com/images/I/51AFFNlgQnL._SX300_.jpg",831,3962.02,4.77
0205616461,"Health & Personal Care",461765,"Bio-Active Anti-Aging Serum (Firming Ultra-Hydrating Serum)",338.12,"http://ecx.images-amazon.com/images/I/41DecrGODDL._SY300_.jpg",151,742.38,4.92
0310329523,"Movies & TV",32414,"The Story Adult Curriculum DVDR: Getting to the Heart of God's Story",23.18,"http://ecx.images-amazon.com/images/I/41eOp7tQAzL._SY300_.jpg",125,497.51,3.98
0558925278,"Beauty",402875,"Eco Friendly Ecotools Quality Natural Bamboo Cosmetic Mineral Brush Set Kit of 4 Soft Brushes and 1 Pouch Baby Kabuki Eye Shading Brush Mineral Powder Brush Concealer Brush(travle Size)",146.88,"http://ecx.images-amazon.com/images/I/51L%2BzYCQWSL._SX300_.jpg",865,3024.18,3.5
0615114180,"Movies & TV",1069441,"Hollywood Makeup Magic: Corrective Beauty Techniques, Vol.I [VHS]",637.7,"http://ecx.images-amazon.com/images/I/51NWNR2YVTL._SY300_.jpg",689,2180.6,3.16
0733001998,"Beauty",540255,"Mastiha Body Lotion",69.6,"http://ecx.images-amazon.com/images/I/311WK5y1dML._SY300_.jpg",941,3683.44,3.91
0737104473,"Beauty",931125,"Hello Kitty Lustre Lipstick (See sellers comments for colors)",506.66,"http://ecx.images-amazon.com/images/I/31u6Hrzk3WL._SY300_.jpg",906,4002.08,4.42
0767812158,"Movies & TV",24268,"Sex, Lies, and Videotape",14.95,"http://ecx.images-amazon.com/images/I/51G14AC0W9L._SY300_.jpg",266,928.84,3.49
0767812115,"Movies & TV",35862,"Swept From the Sea",4.44,"http://ecx.images-amazon.com/images/I/51FFDSWYSCL._SY300_.jpg",896,2994.6,3.34
0780020715,"Movies & TV",217485,"Beauty and The Beast (The Criterion Collection)",2.99,"http://ecx.images-amazon.com/images/I/51KX7A30PTL._SY300_.jpg",984,4059.54,4.13
0780019490,"Movies & TV",326463,"Horst P. Horst-60 Years &amp; Still in Vogue [VHS]",506.9,"http://ecx.images-amazon.com/images/I/51XJM117WGL._SY300_.jpg",841,3733.93,4.44
0780021258,"Movies & TV",394372,"Corridor of Mirrors [VHS]",43.3,"http://ecx.images-amazon.com/images/I/51R7A4GPQ6L._SY300_.jpg",927,4601.23,4.96
0783113943,"Movies & TV",209276,"Gia (unrated edition) [VHS]",708.1,"http://ecx.images-amazon.com/images/I/51QR7Q4Z2TL._SY300_.jpg",187,726.9,3.89
0788812408,"Movies & TV",78738,"The Little Mermaid (Fully Restored Special Edition) [VHS]",8.91,"http://ecx.images-amazon.com/images/I/51TBKF9ZGWL._SY300_.jpg",841,3587.0,4.27
0788805533,"Movies & TV",95380,"The Lion King II: Simba's Pride [VHS]",5.88,"http://ecx.images-amazon.com/images/I/51EZG6FASRL._SY300_.jpg",388,1840.64,4.74
0790736365,"Movies & TV",267533,"Dangerous Beauty [VHS]",21.95,"http://ecx.images-amazon.com/images/I/51ZCPY3GV2L._SY300_.jpg",608,2028.33,3.34
0792147340,"Movies & TV",765181,"Star Trek - The Next Generation, Episode 143: Birthright, Part II [VHS]",5.99,"http://ecx.images-amazon.com/images/I/519PZ0N38JL._SY300_.jpg",202,869.65,4.31
0792838386,"Movies & TV",526996,"Hello Kitty - Kitty &amp; The Beast [VHS]",7.22,"http://ecx.images-amazon.com/images/I/516V0DXT0VL._SY300_.jpg",201,716.79,3.57
0792845439,"Movies & TV",160764,"Kiss the Sky",29.89,"http://ecx.images-amazon.com/images/I/51fQG50ZKgL._SY300_.jpg",173,741.21,4.28
079284551X,"Movies & TV",285475,"Wings of Desire [VHS]",3.5,"http://ecx.images-amazon.com/images/I/41WM4GQN9YL._SY300_.jpg",902,3222.67,3.57
0972031758,"Movies & TV",767977,"Czech/Slovakia Land of Beauty and Change [VHS]",723.69,"http://ecx.images-amazon.com/images/I/51AJGMV2Y3L._SY300_.jpg",956,3104.0,3.25
0976490609,"Movies & TV",738221,"The Beauty of Soul-Winning/ CfaN",1.44,"http://ecx.images-amazon.com/images/I/41ZMjAdiaKL._SY300_.jpg",256,858.41,3.35
0977217213,"Beauty",234894,"Water Blessing Labels Prosperity Collection 16 pc",9.94,"http://ecx.images-amazon.com/images/I/31ul4drzQrL.jpg",781,3091.4,3.96
1030070148,"Beauty",1136984,"Colored Cosmetic Lens in Twilight Blue",736.16,"http://ecx.images-amazon.com/images/I/11ZF32FLsXL.jpg",381,1502.35,3.94
1304139212,"Beauty",830938,"Set of 2 MAC Lip Care - Lip Pencil - Auburn",786.39,"http://ecx.images-amazon.com/images/I/31lVNvq%2B6-L._SX300_.jpg",126,393.68,3.12
130414674X,"Beauty",678207,"Set of 2 Benefit She Laq Makeup Sealer",102.07,"http://ecx.images-amazon.com/images/I/51zYpMMudIL._SX300_.jpg",562,2081.83,3.7
130414089X,"Beauty",205621,"New Benefit Waterproof Automatic Eyeliner Pen - Black - BAD Gal Liner",458.19,"http://ecx.images-amazon.com/images/I/31zt-hSeTxL._SY300_.jpg",803,2738.28,3.41
1304196062,"Beauty",774050,"Max Factor Lasting Performance Foundation -Pastelle 102 35ml",633.84,"http://ecx.images-amazon.com/images/I/41CqpP-7DhL._SY300_.jpg",845,2772.27,3.28
1304146537,"Beauty",371552,"Set of 2 Goodskin Labs Eyliplex-2 Eye Life and Circle Reducer - 10ml",546.41,"http://ecx.images-amazon.com/images/I/51vx4ZM1oDL._SX300_.jpg",993,4328.3,4.36
130414643X,"Beauty",257530,"Goodskin Labs Eyliplex-2 Eye Life and Circle Reducer - 10ml",583.53,"http://ecx.images-amazon.com/images/I/41Bps9Pml4L.jpg",925,2805.65,3.03
1304196135,"Beauty",144032,"Max Factor Lasting Performance Foundation -106 - Natural beige 35ml",27.59,"http://ecx.images-amazon.com/images/I/41ZW293V99L._SY300_.jpg",101,410.88,4.07
1304139220,"Beauty",185391,"MAC Lip Care - Lip Pencil - Auburn",24.13,"http://ecx.images-amazon.com/images/I/41ZxfjSxGvL._SX300_.jpg",459,2068.62,4.51
1304168522,"Beauty",1021513,"*Macely* Good Afternoon Apple Cinnamon TEA Bb 30ml/1fl.zo Spa 20 Pa++ / Bb Sunblock Cream",103.15,"http://ecx.images-amazon.com/images/I/41IGaej6RuL._SX300_.jpg",107,428.27,4.0
1304174867,"Beauty",851515,"*Macely* Good Afternoon Honey Black Tea -- Elastic Durable Spf20 Pa+",697.77,"http://ecx.images-amazon.com/images/I/41aFQpLcABL._SY300_.jpg",143,448.76,3.14
1304196070,"Beauty",511480,"Max Factor Lasting Performance Foundation -Soft Beige 105 35ml",453.15,"http://ecx.images-amazon.com/images/I/414fm8i00qL._SY300_.jpg",601,1824.16,3.04
1304196046,"Beauty",848876,"Max Factor Lasting Performance Foundation - Fair 100 35ml",690.33,"http://ecx.images-amazon.com/images/I/41iFiZ8CAsL._SY300_.jpg",994,3823.12,3.85
1304351475,"Beauty",15567,"NEW EUROPEAN COLLECTION Too Faced Natural Eyes Shadow Palette 9 Colors",33.99,"http://ecx.images-amazon.com/images/I/519-RK1YMyL._SY300_.jpg",376,1545.21,4.11
1304174778,"Beauty",109177,"*Macely* Good Afternoon Strawberry Berry Tea --Bb 30ml/1fl.zo Spa 20 Pa++ / Bb Sunblock Cream Anti-wrinkle Nourishing",54.76,"http://ecx.images-amazon.com/images/I/414p57WD4EL._SX300_.jpg",255,978.2,3.84
1304488608,"Beauty",460237,"Mac Elaborate 12 Colors N 2 Palette",371.99,"http://ecx.images-amazon.com/images/I/41JRJHu2zCL._SX300_.jpg",865,3888.88,4.5
1304511154,"Beauty",354500,"Mac Magic N 8 Leopard 12 Eyeshadow Palette European Collection",467.16,"http://ecx.images-amazon.com/images/I/51fcEO6xQqL._SX300_.jpg",224,796.4,3.56
1304495396,"Beauty",243079,"Mac N 1 Professional 18 Color Eyeshadow Palette",790.77,"http://ecx.images-amazon.com/images/I/41bOyNH5rSL._SX300_.jpg",860,3577.1,4.16
1304511146,"Beauty",248394,"Mac Magic N 7 Leopard 12 Eyeshadow Palette European Collection",719.22,"http://ecx.images-amazon.com/images/I/51r7G2M6ZzL._SX300_.jpg",207,654.38,3.16
130451112X,"Beauty",335203,"Mac Magic N 5 Leopard 12 Eyeshadow Palette European Collection",392.66,"http://ecx.images-amazon.com/images/I/41AOIDZBjVL._SX300_.jpg",904,4443.62,4.92
1304511138,"Beauty",285033,"Mac Magic N 6 Leopard 12 Eyeshadow Palette European Collection",779.55,"http://ecx.images-amazon.com/images/I/51cKZGpEUCL._SX300_.jpg",273,1255.09,4.6
1304511081,"Beauty",274473,"Mac Magic N 3 Leopard 12 Eyeshadow Palette European Collection",169.08,"http://ecx.images-amazon.com/images/I/51cq9z9IQ9L._SX300_.jpg",705,2405.99,3.41
1304511073,"Beauty",222751,"Mac Magic N 2 Leopard 12 Eyeshadow Palette European Collection",273.52,"http://ecx.images-amazon.com/images/I/513QDTXLMoL._SX300_.jpg",280,934.62,3.34
1304482685,"Beauty",217310,"Mac Magic N 1 Leopard 12 Eyeshadow Palette",787.91,"http://ecx.images-amazon.com/images/I/513QDTXLMoL._SX300_.jpg",392,1739.39,4.44
1304511111,"Beauty",245529,"Mac Magic N 4 Leopard 12 Eyeshadow Palette European Collection",47.06,"http://ecx.images-amazon.com/images/I/518w-e0HpTL._SX300_.jpg",328,1103.3,3.36
1304622657,"Beauty",276520,"Mac Marilyn Monroe Gel Eyeliner with Brush",407.62,"http://ecx.images-amazon.com/images/I/41aZuZutysL._SX300_.jpg",876,3876.75,4.43
1304622428,"Beauty",507136,"MAC 24 Color Eyeshadow N3 Makeup Kit",116.36,"http://ecx.images-amazon.com/images/I/411KE4C2ctL._SX300_.jpg",372,1464.93,3.94
1304622622,"Beauty",366850,"MAC Lady Gaga Mascara &amp; Eyeliner Set. Holiday Edition",68.76,"http://ecx.images-amazon.com/images/I/41QacE8RtlL._SX300_.jpg",896,2924.61,3.26
1304624544,"Beauty",319440,"MAC 10 Colors Eyeshadow Palette N4",523.04,"http://ecx.images-amazon.com/images/I/41i-Qc74AdL._SX300_.jpg",136,490.27,3.6
1304622460,"Beauty",535123,"MAC 24 Color Eyeshadow N5 Makeup Kit",725.21,"http://ecx.images-amazon.com/images/I/41%2B3VcmnwDL._SX300_.jpg",987,4270.93,4.33
1304624536,"Beauty",574603,"MAC 10 Colors Eyeshadow Palette N5",186.56,"http://ecx.images-amazon.com/images/I/41cbZNDNyvL._SX300_.jpg",869,3783.77,4.35
1304622223,"Beauty",484684,"MAC 24 Color Eyeshadow N 2 Makeup KIT",425.28,"http://ecx.images-amazon.com/images/I/410PYpi7wVL._SX300_.jpg",641,3109.11,4.85
1304622193,"Beauty",495724,"MAC 24 Color Eyeshadow N1 Makeup Kit",600.64,"http://ecx.images-amazon.com/images/I/41hE56y4xYL._SX300_.jpg",152,578.93,3.81
1304651118,"Beauty",799726,"Mac 21 Colors Eye Shadow N 5",522.76,"http://ecx.images-amazon.com/images/I/41rSP7rh-kL._SX300_.jpg",682,2477.89,3.63
1304665720,"Beauty",290864,"Mac 18 Colors Eyeshadow 5",641.12,"http://ecx.images-amazon.com/images/I/419mhFZd7xL._SX300_.jpg",267,1112.44,4.17
130465110X,"Beauty",1205762,"Mac 21 Colors Eye Shadow N 4",722.36,"http://ecx.images-amazon.com/images/I/41nQ2M6qafL._SX300_.jpg",371,1543.67,4.16
1304651029,"Beauty",667877,"Mac 21 Colors Eye Shadow N 1",53.98,"http://ecx.images-amazon.com/images/I/416NYH2Qg4L._SX300_.jpg",856,4112.09,4.8
1304651088,"Beauty",534860,"Mac 21 Colors Eye Shadow N 3",483.14,"http://ecx.images-amazon.com/images/I/41rvvW5kbEL._SX300_.jpg",765,2491.9,3.26
1304622452,"Beauty",573963,"MAC 24 Color Eyeshadow N4 Makeup Kit",443.24,"http://ecx.images-amazon.com/images/I/41hkMkvIc%2BL._SX300_.jpg",685,3015.17,4.4
1304665704,"Beauty",417102,"New Too Faced Natural Eyes Shadow Palette",328.07,"http://ecx.images-amazon.com/images/I/51ZbpcWcdTL._SX300_.jpg",804,2820.5,3.51
1304651347,"Beauty",1205763,"Mac 12 Color Eyeshadow Palette Nc 8 Limited Edition",516.51,"http://ecx.images-amazon.com/images/I/41BlOMtIPbL._SX300_.jpg",820,3318.71,4.05
1304624498,"Beauty",401273,"MAC 10 Colors Eyeshadow Palette N2",799.64,"http://ecx.images-amazon.com/images/I/413sTHKbaDL._SX300_.jpg",933,4568.47,4.9
1304622665,"Beauty",414204,"MAC 10 Colors Eyeshadow Palette N1",236.77,"http://ecx.images-amazon.com/images/I/41ADW7p3gRL._SX300_.jpg",557,1895.0,3.4
130466578X,"Beauty",269615,"Mac 18 Colors Eyeshadow 3",740.01,"http://ecx.images-amazon.com/images/I/41zaIXrji1L._SX300_.jpg",567,1906.96,3.36
1400200873,"Movies & TV",550462,"Wild at Heart Multi-Media Facilitator's Kit: A Band of Brothers [VHS]",490.14,"http://ecx.images-amazon.com/images/I/51QFZRBJ1FL._SX300_.jpg",124,569.14,4.59
1400200865,"Movies & TV",360608,"Wild at Heart Multi-Media Facilitator's Kit: A Band of Brothers",39.99,"http://ecx.images-amazon.com/images/I/51YCMWYXKZL._SX300_.jpg",416,1737.57,4.18
1400301734,"Movies & TV",226819,"Crippled Lamb",12.98,"http://ecx.images-amazon.com/images/I/5166TKPVXNL._SY300_.jpg",523,2243.96,4.29
1403790965,"Beauty",16280,"Arbonne Bronzer",33.99,"http://ecx.images-amazon.com/images/I/412MvQcxjdL._SY300_.jpg",276,1101.21,3.99
1412772028,"Toys & Games",345607,"Story Reader Special Edition Disney Princess Set with Musical Jewelry Box",42.48,"http://ecx.images-amazon.com/images/I/51D0AKinp0L._SX300_.jpg",712,3162.33,4.44
1412759676,"Beauty",201807,"Erno Laszlo Light Controlling Lotion 4 oz",39.57,"http://ecx.images-amazon.com/images/I/318EOIHXMCL._SY300_.jpg",315,1277.9,4.06
1414301308,"Movies & TV",241838,"McGee and Me! Recharged 4-Pack DVD",365.63,"http://ecx.images-amazon.com/images/I/51j1GrRrjVL._SY300_.jpg",672,3090.18,4.6
1558908323,"Movies & TV",149893,"Mimic",6.23,"http://ecx.images-amazon.com/images/I/51Y3KPY438L._SY300_.jpg",188,819.15,4.36
156371616X,"Movies & TV",20292,"Second Chances DVD",7.35,"http://ecx.images-amazon.com/images/I/51VaAeU0EOL._SY300_.jpg",893,2743.91,3.07
1565857690,"Movies & TV",126732,"The Joy of Thinking: The Beauty and Power of Classical Mathematical Ideas, Parts 1 &amp; 2",743.13,"http://ecx.images-amazon.com/images/I/51wjCOA8n7L._SX300_.jpg",366,1305.1,3.57
1570199167,"Music",462965,"Red Skelton: I Dood It! (Old Time Radio)",21.48,"http://ecx.images-amazon.com/images/I/51EnyceEUzL._SY300_.jpg",585,2617.71,4.47
1572671203,"Beauty",239716,"Perlage Fortifying Rejuvenation Treatment Refinishing Eye Contour Cream with Ceramides and Peptides",16.95,"http://ecx.images-amazon.com/images/I/41eQnLoAf9L._SX300_.jpg",244,1031.52,4.23
1575672782,"Movies & TV",467181,"Moody Science Adventures: Flying Wings of Beauty / The Long Journey",8.99,"http://ecx.images-amazon.com/images/I/51%2B%2BXvTxLML._SY300_.jpg",409,1900.5,4.65
1578002230,"Movies & TV",908894,"Revolutionary Girl Utena - Crest of the Rose [VHS]",0.42,"http://ecx.images-amazon.com/images/I/51SFPVPQRQL._SY300_.jpg",846,3628.05,4.29
1578750172,"Movies & TV",645955,"The Beauty of Ireland Collection [VHS]",8.9,"http://ecx.images-amazon.com/images/I/514GZ9BP3FL._SY300_.jpg",243,834.68,3.43
1603113460,"Arts, Crafts & Sewing",236088,"FRIENDSHIP BRACELETS BOOK &amp; KIT",26.47,"http://ecx.images-amazon.com/images/I/51Y3DRew1kL._SX300_.jpg",287,945.51,3.29
1608613453,"Music",584782,"Movie Masterpieces",15.89,"http://ecx.images-amazon.com/images/I/51ajJuJe6RL._SY300_.jpg",165,602.32,3.65
1879187396,"Beauty",83496,"New Pink Eyeliner Assistant Aid Guide Template Makeup Tool",1.39,"http://ecx.images-amazon.com/images/I/415kraSOC6L._SY300_.jpg",188,607.07,3.23
1888522186,"Movies & TV",536949,"Bearskin (From The Brothers Grimm) [VHS]",294.73,"http://ecx.images-amazon.com/images/I/51323C59YCL._SY300_.jpg",700,2702.88,3.86
1891129716,"Beauty",26328,"Helion Communications Chakra Centers Reference Charts",5.99,"http://ecx.images-amazon.com/images/I/61NSeLlaT4L._SX300_.jpg",158,691.16,4.37
189112966X,"Beauty",95030,"Sacred Wisdom Chart: Tarot Divination",5.99,"http://ecx.images-amazon.com/images/I/51BSkLxSJ4L._SX300_.jpg",900,3960.97,4.4
1906987238,"Beauty",155703,"Tonymoly Intense Care Snail Hydro-gel Mask 10 Pcs",55.18,"http://ecx.images-amazon.com/images/I/31dzzJ-YDGL._SX300_.jpg",175,838.15,4.79
1929099886,"Beauty",83112,"Bumble and Bumble Quenching Shampoo and Conditioner Duo (8.5 Oz) each",62.99,"http://ecx.images-amazon.com/images/I/41MR3uEFc4L._SX300_.jpg",402,1891.42,4.71
1987958179,"Beauty",337377,"Practical DIY Hairdressing Styling Hair Straightener V Comb Portable New",728.17,"http://ecx.images-amazon.com/images/I/51bJCGWPF3L._SY300_.jpg",792,2378.23,3.0
322700075X,"Beauty",98391,"Floris London Luxury Soaps - Set of 3 Boxed 100 gram Soaps - Imported from UK",24.95,"http://ecx.images-amazon.com/images/I/416axwTUjAL._SY300_.jpg",689,2675.59,3.88
3227001055,"Beauty",74397,"Penhaligon's Blenheim Bouquet Pleated Wrapped Soaps - Set of 3, 100 Gram Soaps",24.95,"http://ecx.images-amazon.com/images/I/41uaC55WynL._SY300_.jpg",899,4189.47,4.66
0061985856,"Books",173149,"Paranormalcy",6.64,"http://ecx.images-amazon.com/images/I/51CM1bFb2BL.jpg",691,3241.31,4.69
0071436588,"Books",146019,"Nutrition Almanac",12.76,"http://ecx.images-amazon.com/images/I/51Zk-eAYY1L._SY300_.jpg",129,594.13,4.61
0072222506,"Books",5837648,"How To Do Everything With Macromedia Flash(TM) MX",591.02,"http://ecx.images-amazon.com/images/I/5143J0RCD6L.jpg",722,3054.55,4.23
0078800242,"Software",18529,,93.06,"http://ecx.images-amazon.com/images/I/41K1aBklPRL._SX300_.jpg",141,490.87,3.48
013099166X,"Books",1426083,"The Philosophy Student Writer's Manual (2nd Edition)",49.03,"http://ecx.images-amazon.com/images/I/51d85PGGfQL.jpg",190,938.87,4.94
0195129946,"Books",100799,"Latin America and the United States: A Documentary History",10.7,"http://ecx.images-amazon.com/images/I/51JRFM73KWL.jpg",619,3012.65,4.87
0195317106,"Books",104185,"The Reagan Revolution: A Very Short Introduction",9.66,"http://ecx.images-amazon.com/images/I/417ma1DfMSL.jpg",542,1917.81,3.54
0226769577,"Books",1422513,"Solidarity in Strategy: Making Business Meaningful in American Trade Associations",16.5,"http://ecx.images-amazon.com/images/I/611eS9Q%2BcAL.jpg",114,504.2,4.42
024051579X,"Books",2777909,"The Animator's Guide to 2D Computer Animation (Focal Press Visual Effects and Animation)",152.48,"http://ecx.images-amazon.com/images/I/51xp607I3SL.jpg",778,3529.19,4.54
0240814509,"Books",878426,"Cinema 4D: The Artist's Project Sourcebook",20.18,"http://ecx.images-amazon.com/images/I/51AGySm1FyL.jpg",851,3406.88,4.0
0262693151,"Books",552588,,212.8,"http://ecx.images-amazon.com/images/I/41YyKqHbRPL._BO2,204,203,200_PIsitb-sticker-arrow-click,TopRight,35,-76_AA300_SH20_OU01_.jpg",559,1693.31,3.03
031088974X,"Books",890685,"With All Your Heart Discovery Guide with DVD: 6 Faith Lessons",41.78,"http://ecx.images-amazon.com/images/I/51KztGcHV1L.jpg",813,2775.49,3.41
0312207689,"Books",1312422,"Agatha Raisin and the Case of the Curious Curate (Agatha Raisin Mysteries, No. 13)",6.83,"http://ecx.images-amazon.com/images/I/51mLc%2BoMHqL.jpg",317,1171.34,3.7
0316041009,"Books",1259238,"Happyface",17.68,"http://ecx.images-amazon.com/images/I/41IzoyTYORL.jpg",177,883.87,4.99
0321268768,"Books",3874616,"Apple Training Series: GarageBand",4.22,"http://ecx.images-amazon.com/images/I/51HaFioInwL.jpg",966,3430.89,3.55
0321775074,"Books",426216,"Apple Pro Training Series: OS X Lion Support Essentials: Supporting and Troubleshooting OS X Lion",59.15,"http://ecx.images-amazon.com/images/I/4173f3xJD1L.jpg",628,2554.11,4.07
037585746X,"Toys & Games",417399,"Blues Clues On the Go with Blue Color &amp; Activity Book",601.59,"http://ecx.images-amazon.com/images/I/517YYdeS5OL._SY300_.jpg",372,1676.77,4.51
0425169340,"Books",605750,"Mrs. Jeffries Rocks the Boat (Victorian Mystery)",5.12,"http://ecx.images-amazon.com/images/I/91-SIIXZrbL.jpg",965,4033.75,4.18
0439559561,"Books",649925,"Lord Of The Kill",6.29,"http://ecx.images-amazon.com/images/I/512X6E8T30L.jpg",291,963.73,3.31
0449222829,"Books",1278300,"Dead on Sunday",623.43,"http://ecx.images-amazon.com/images/I/51rZXvdADzL.jpg",233,1148.26,4.93
0471032174,"Books",2645583,"Accounting and Recordkeeping Made Easy for the Self-Employed",14.97,"http://ecx.images-amazon.com/images/I/51baNmC2ujL.jpg",213,810.52,3.81
0471178411,"Books",13962393,"Microsoft Exchange 5 Sourcebook",78.91,"http://ecx.images-amazon.com/images/I/513GY0X1CQL.jpg",427,1834.61,4.3
0485175185,"Books",4291916,,33.25,"http://ecx.images-amazon.com/images/I/413UhttZGzL._SY300_.jpg",956,3545.57,3.71
0486475468,"Arts, Crafts & Sewing",4643,"Dover Publications-Deco Tech Geometric Coloring Book",4.44,"http://ecx.images-amazon.com/images/I/6188-peUeXL._SY300_.jpg",407,1518.33,3.73
0520235177,"Books",651921,"Hidden Heritage: The Legacy of the Crypto-Jews",28.42,"http://ecx.images-amazon.com/images/I/41LIa46jktL.jpg",885,2719.12,3.07
0545020832,"Toys & Games",732749,"Talk-to-Me Amazing Animals Phonics Boxed Set With Magic Talking Pen &amp; 10 Books",23.92,"http://ecx.images-amazon.com/images/I/41dBcDrKmqL.gif",736,3502.96,4.76
0553575716,"Books",4155345,"Imperium Without End (Pangeae, Book 1)",460.56,"http://ecx.images-amazon.com/images/I/51W0S0JBJ5L.jpg",633,2395.27,3.78
0595270190,"Books",4255730,"Legacy To Power: Senator Russell Long of Louisiana",26.06,"http://ecx.images-amazon.com/images/I/41N9dJUuJXL.jpg",833,3664.71,4.4
0615313604,"Toys & Games",39027,"KidzCalendar: A Fun Sticker Calendar for a Child's Busy World (Undated)",9.99,"http://ecx.images-amazon.com/images/I/51crKx0YWlL._SX300_.jpg",367,1440.34,3.92
0615444172,"Toys & Games",27977,"Original Sticker Book Starter Kit with 3 Puffy Sticker Packs By Sticker Farm",16.99,"http://ecx.images-amazon.com/images/I/51ayc5M9LlL._SY300_.jpg",681,2976.52,4.37
0615512135,"Arts, Crafts & Sewing",17102,"Copic Marker IDRAW Cars Sketchbook and Reference Guide, Black",19.98,"http://ecx.images-amazon.com/images/I/51pouEMo4SL._SY300_.jpg",910,4373.21,4.81
0615656579,"Movies & TV",155045,"Surprising Merrily: A Play In One Act",17.55,"http://ecx.images-amazon.com/images/I/518U5llcT4L._SY300_.jpg",105,452.91,4.31
0634061801,"Books",108256,"50 Licks Blues Style  - DVD",12.49,"http://ecx.images-amazon.com/images/I/51zPYfTtFiL._SY300_.jpg",749,2404.14,3.21
0700716211,"Books",6700061,"The New Russia: A Handbook of Economic and Political Developments",230.0,"http://ecx.images-amazon.com/images/I/41VxV5yMllL.jpg",513,2043.4,3.98
0735309043,"Toys & Games",173284,"Mudpuppy Eric Carle Very Hungry Caterpillar Block Puzzle",9.83,"http://ecx.images-amazon.com/images/I/41nYSmqhHKL._SX300_.jpg",296,1254.14,4.24
0735202192,"Books",2185495,"Lack of Money is the Root of All Evil: Mark Twain's Timeless Wisdom on Money and Wealth for Today's Investor",389.14,"http://ecx.images-amazon.com/images/I/51E4AX2HN7L.jpg",691,2983.41,4.32
0735320594,"Toys & Games",675387,"Little Golden First Puzzle",472.85,"http://ecx.images-amazon.com/images/I/41lx4KglStL.jpg",980,3980.49,4.06
073532056X,"Toys & Games",836713,"Little Golden Books Block Puzzle",789.8,"http://ecx.images-amazon.com/images/I/41kLGXtRmEL.jpg",480,1813.46,3.78
0735335249,"Toys & Games",27117,"Construction Book of Stickers",2.18,"http://ecx.images-amazon.com/images/I/51tSM3ZGt8L._SY300_.jpg",432,1896.34,4.39
0735335230,"Toys & Games",96380,"Ballerinas Book of Stickers",2.19,"http://ecx.images-amazon.com/images/I/51nzcZXVDfL._SY300_.jpg",363,1452.78,4.0
073533773X,"Toys & Games",41495,"The Little Prince Block Puzzle",9.63,"http://ecx.images-amazon.com/images/I/41X1ymPpnCL._SY300_.jpg",557,2036.36,3.66
0737604751,"Arts, Crafts & Sewing",253121,"Handbook Journal 5.5X5.5 Square Vermillion",16.99,"http://ecx.images-amazon.com/images/I/41EYrnKJTRL.jpg",493,2177.72,4.42
0739003755,"Music",21684,"Music for Little Mozarts 2-CD Sets for Lesson and Discovery Books: Level 1 (2 CDs)",13.36,"http://ecx.images-amazon.com/images/I/61edTItbHdL._SX300_.jpg",853,2875.28,3.37
0739100645,"Books",1097021,"How Israel Was Won: A Concise History of the Arab-Israeli Conflict",22.07,"http://ecx.images-amazon.com/images/I/513PKZNND1L.jpg",690,2948.32,4.27
0754605094,"Books",4831887,"Renaissance Rhetoric Short-Title Catalogue, 1460-1700",70.92,"http://ecx.images-amazon.com/images/I/41BJB14NPPL.jpg",878,4113.39,4.68
0001393774,"Music",41017,"Songs for the Shepherd",16.64,"http://ecx.images-amazon.com/images/I/51MC7A5NBZL._SX300_.jpg",746,2886.27,3.87
0001526863,"Movies & TV",251847,"Steve Green: Hide 'em in Your Heart: 13 Bible Memory Music Videos for Children of All Ages [VHS]",647.06,"http://ecx.images-amazon.com/images/I/519MDYK5C1L._SY300_.jpg",132,427.97,3.24
0005123909,"Movies & TV",451209,"Silly Songs: 18 Wholesome Fun Songs for Kids [VHS]",29.98,"http://ecx.images-amazon.com/images/I/41K31EWEQQL._SY300_.jpg",504,1796.79,3.57
0005134188,"Movies & TV",363858,"Toddler Tunes [VHS]",17.99,"http://ecx.images-amazon.com/images/I/51R9WN976VL._SY300_.jpg",107,485.26,4.54
0005419263,"Movies & TV",390213,"Steve Green: Hide 'em in Your Heart Volume 2: 13 Bible Memory Music Videos for Children [VHS]",5.0,"http://ecx.images-amazon.com/images/I/514XRKEMRCL._SY300_.jpg",653,3098.4,4.74
0005441382,"Music",54044,"Bless My Little Girl",12.05,"http://ecx.images-amazon.com/images/I/417BY0YDR5L._SX300_.jpg",951,3535.14,3.72
0005059836,"Movies & TV",570349,"Homecoming Kids Camp Out with Poster [VHS]",25.13,"http://ecx.images-amazon.com/images/I/51FIfkzeT6L._SY300_.jpg",513,2481.96,4.84
0014072149,"Musical Instruments",94593,"Double Concerto in D Minor By Johann Sebastian Bach. Edited By David Oistrach. For Violin I, Violin Ii and Piano Accompaniment. Urtext. Baroque. Medium. Set of Performance Parts. Solo Parts, Piano Reduction and Introductory Text. BWV 1043.",18.77,"http://ecx.images-amazon.com/images/I/41m6ygCqc8L._SY300_.jpg",621,2452.67,3.95
0041291905,"Musical Instruments",222972,"Hal Leonard Vivaldi Four Seasons for Piano (Original Italian Text)",739.45,"http://ecx.images-amazon.com/images/I/41maAqSO9hL._SY300_.jpg",424,1405.9,3.32
0077479637,"Movies & TV",382308,"ONMUSIC APPRECIATION 3.0",65.75,"http://g-ecx.images-amazon.com/images/G/01/x-site/icons/no-img-sm._CB192198896_.gif",551,2611.32,4.74
0307141217,"Movies & TV",493060,"Madeline: In London [VHS]",9.99,"http://ecx.images-amazon.com/images/I/51XDWWVD0PL._SY300_.jpg",366,1781.7,4.87
0307142426,"Movies & TV",516103,"Madeline: Dog Show [VHS]",2.52,"http://ecx.images-amazon.com/images/I/513ZPW3JYCL._SY300_.jpg",724,3609.14,4.98
030714139X,"Movies & TV",529627,"Madeline: Gypsies [VHS]",12.95,"http://ecx.images-amazon.com/images/I/21Q7PHB8QSL.jpg",854,2674.51,3.13
0307141985,"Movies & TV",310844,"Mouse on the Mayflower [VHS]",349.07,"http://ecx.images-amazon.com/images/I/21T26ZVPXQL.jpg",824,3014.45,3.66
0307141950,"Movies & TV",375462,"Just Me &amp; My Dad [VHS]",216.94,"http://ecx.images-amazon.com/images/I/519DQR0XMPL._SY300_.jpg",457,1714.65,3.75
0307142698,"Movies & TV",459302,"Madeline and The New House [VHS]",1.98,"http://ecx.images-amazon.com/images/I/51DAGV36VZL._SY300_.jpg",700,2876.29,4.11
0307141144,"Movies & TV",308767,"Madeline: Bad Hat [VHS]",3.72,"http://ecx.images-amazon.com/images/I/51G4DMMNZEL._SY300_.jpg",278,1012.37,3.64
030714335X,"Movies & TV",173878,"Best of Shari Lewis Lambchop &amp; Friends [VHS]",736.63,"http://ecx.images-amazon.com/images/I/21CY4BGPWKL.jpg",662,3035.67,4.59
030714318X,"Movies & TV",445922,"Madeline: At the Ballet [VHS]",1.2,"http://ecx.images-amazon.com/images/I/21XJP4PG9EL.jpg",899,4436.93,4.94
0307141128,"Movies & TV",532394,"Madeline: Rescue [VHS]",19.77,"http://ecx.images-amazon.com/images/I/51KSNB4GMWL._SY300_.jpg",645,2231.75,3.46
0310250056,"Movies & TV",389072,"Connecting with God's Family: Six Sessions on Fellowship",4.27,"http://ecx.images-amazon.com/images/I/51WI38swHiL._SY300_.jpg",343,1659.09,4.84
0310250048,"Movies & TV",418153,"Beginning Life Together:  Six Sessions on God's Purposes for your Life",8.09,"http://ecx.images-amazon.com/images/I/51Dxex0Y3GL._SY300_.jpg",140,619.63,4.43
0310261988,"Movies & TV",613648,"Surrendering to Christ Together: Six Sessions on Worship",4.99,"http://ecx.images-amazon.com/images/I/51oNatzFyxL._SY300_.jpg",664,2689.71,4.05
0393102548,"Music",148502,"The Norton Recordings - Eighth Edition: to Accompany the Enjoyment of Music: Shorter Version",83.36,"http://ecx.images-amazon.com/images/I/2117DWV2YRL.jpg",338,1148.29,3.4
0510599125,"Music",997206,"Sleepy Star",8.99,"http://ecx.images-amazon.com/images/I/51zrwO9KgXL._SY300_.jpg",338,1215.47,3.6
0563494131,"Music",1569948,"The Valley Of Fear",69.45,"http://ecx.images-amazon.com/images/I/51EYEYS17VL._SY300_.jpg",423,1773.83,4.19
0563494239,"Music",158712,"Murder in Mesopotamia (A BBC Radio 4 Full-Cast Dramatisation)",9.95,"http://ecx.images-amazon.com/images/I/6164%2BHmMl2L._SX300_.jpg",310,1530.35,4.94
0563494050,"Music",607738,"Alistair Cooke at the BBC",14.95,"http://ecx.images-amazon.com/images/I/51CXM3XBBBL._SY300_.jpg",352,1569.03,4.46
0563494212,"Music",572269,"The Complete Hitchhiker's Guide to the Galaxy: Radio Show",13.99,"http://ecx.images-amazon.com/images/I/519P5NE1Q7L._SY300_.jpg",829,3571.0,4.31
0563494395,"Music",288890,"Jeeves and the Feudal Spirit (BBC Radio Full Cast Drama)",16.55,"http://ecx.images-amazon.com/images/I/51wSdIBXRsL._SX300_.jpg",293,1084.9,3.7
0563494689,"Music",850831,"Around the World in 80 Days",661.75,"http://ecx.images-amazon.com/images/I/41Y97FAG18L.jpg",195,808.31,4.15
0563494255,"Music",350434,"Evil Under the Sun (BBC Radio Collection)",19.41,"http://ecx.images-amazon.com/images/I/514VIGQLc%2BL._SX300_.jpg",294,1455.52,4.95
0563494816,"Music",870589,"15",121.09,"http://ecx.images-amazon.com/images/I/51Jmk7Oaj2L._SY300_.jpg",443,1669.63,3.77
0563494077,"Music",139365,"Three Act Tragedy",19.73,"http://ecx.images-amazon.com/images/I/61OvMQ2ZzmL._SY300_.jpg",948,4250.08,4.48
0563494115,"Music",444722,"Paul Temple and the Lawrence Affair: A BBC Full-Cast Radio Drama",27.25,"http://ecx.images-amazon.com/images/I/51Gx6GufNkL._SY300_.jpg",450,1540.04,3.42
0563530693,"Music",1027786,"Radio Show",409.9,"http://ecx.images-amazon.com/images/I/51G79QDX1EL._SY300_.jpg",839,2520.07,3.0
0563528257,"Music",1118236,"Series 3",269.5,"http://ecx.images-amazon.com/images/I/51PQC3Q8BKL._SY300_.jpg",379,1231.45,3.25
0578077698,"Music",193030,"Speak To Me",13.49,"http://ecx.images-amazon.com/images/I/41tNMr1Je7L._SL500_.jpg",313,1332.04,4.26
0615205399,"Music",638233,"Meditation For Success: In Body &amp; Mind Rejuvenation, Relationships, Career and Sports",365.22,"http://ecx.images-amazon.com/images/I/51hVh5TflfL._SY300_.jpg",300,1152.91,3.84
0615299830,"Music",311794,"Flying Beyond Fear",17.75,"http://ecx.images-amazon.com/images/I/51xdOv15Q%2BL._SY300_.jpg",607,2074.76,3.42
0615318533,"Music",831893,"Speed-b-b-b-bumps",17.02,"http://ecx.images-amazon.com/images/I/61ujfVh%2B0zL._SY300_.jpg",231,839.0,3.63
0615677746,"Music",117745,"The Recording Lost From the Pageant Railroads on Parade Music By Kurt Weill and Words By Edward Hungerford Deluxe Editon",343.28,"http://ecx.images-amazon.com/images/I/51CGuk5H3uL._SX300_.jpg",371,1534.86,4.14
0615720242,"Music",289078,"Kurt Weill Lost Recordings From the New York World's Fair Pageant Railroads on Parade Music By Kurt Weill and Words By Edward Hungerford Offset 28 Page Book and Cd",754.57,"http://ecx.images-amazon.com/images/I/51J6UZhpZaL._SY300_.jpg",340,1081.08,3.18
0615877346,"Music",22473,"Healing: A Vibrational Exchange",36.2,"http://ecx.images-amazon.com/images/I/516IgzLzNnL._SY300_.jpg",209,810.56,3.88
063319428X,"Music",534196,"Bible Skills,drills, and Thrills Music and Games for Kids Grades 4-6",51.58,"http://ecx.images-amazon.com/images/I/513xHI6sAeL._SY300_.jpg",366,1424.07,3.89
0634029363,"Movies & TV",293294,"Hal Leonard Eric Clapton - Acoustic Classics (DVD)",18.99,"http://ecx.images-amazon.com/images/I/51TA56RVMBL._SY300_.jpg",703,3370.98,4.8
0634029355,"Movies & TV",310363,"Hal Leonard Eric Clapton - The Early Years (DVD)",13.48,"http://ecx.images-amazon.com/images/I/51XTMRTMAYL._SY300_.jpg",239,831.59,3.48
0634029347,"Movies & TV",373666,"Hal Leonard Eric Clapton - The Solo Years DVD",16.19,"http://ecx.images-amazon.com/images/I/51N2Q8Z4ZXL._SY300_.jpg",512,1750.18,3.42
0634050028,"Movies & TV",400065,"Hal Leonard Guitar Chord Encyclopedia (DVD)",3.2,"http://ecx.images-amazon.com/images/I/51FMCBH43PL._SY300_.jpg",946,3443.73,3.64
0634055429,"Movies & TV",95315,"Timbas Modernas Congas",171.85,"http://ecx.images-amazon.com/images/I/51XV5BNVA0L._SY300_.jpg",127,613.82,4.83
0634055534,"Movies & TV",188649,"Homespun You Can Play Guitar (DVD)",374.9,"http://ecx.images-amazon.com/images/I/51mn-CZne7L._SY300_.jpg",174,717.78,4.13
0634061801,"Books",108256,"50 Licks Blues Style  - DVD",12.49,"http://ecx.images-amazon.com/images/I/51zPYfTtFiL._SY300_.jpg",978,3877.34,3.96
0634065459,"Movies & TV",455171,"Learn to Play Bottleneck Blues Guitar - DVD",631.74,"http://ecx.images-amazon.com/images/I/519MC3CMFVL._SY300_.jpg",307,969.51,3.16
0634069845,"Movies & TV",611152,"Beginning Guitar Volume Two: Starter Series DVD",9.95,"http://ecx.images-amazon.com/images/I/510M0NJXJCL._SY300_.jpg",468,1766.59,3.77
0679884815,"Movies & TV",352330,"Arthur - Arthur Writes a Story [VHS]",5.72,"http://ecx.images-amazon.com/images/I/51Q55ZX054L._SY300_.jpg",879,2646.83,3.01
0679884793,"Movies & TV",416408,"Arthur's Pet Business  [VHS]",6.69,"http://ecx.images-amazon.com/images/I/01TCqL5eIBS.jpg",744,2603.5,3.5
0679887660,"Movies & TV",286310,"Dr. Seuss - Green Eggs and Ham [VHS]",7.94,"http://ecx.images-amazon.com/images/I/21PA31CGNYL.jpg",654,2836.9,4.34
0679892869,"Movies & TV",396476,"ARTHUR'S TOOTH VIDEO [VHS]",29.95,"http://ecx.images-amazon.com/images/I/51Z1FVKKZ0L._SY300_.jpg",622,2063.46,3.32
0738921610,"Movies & TV",335088,"Rainbow Fish - Fintastic Friends [VHS]",26.95,"http://ecx.images-amazon.com/images/I/51HWBC05MFL._SY300_.jpg",523,2076.2,3.97
0738920495,"Movies & TV",515172,"Exitos Musicales [VHS]",569.94,"http://ecx.images-amazon.com/images/I/41GFRxNGA6L.jpg",529,2556.05,4.83
0738919039,"Movies & TV",93194,"Herbert Von Karajan - His Legacy for Home Video - Mozart - Don Giovanni",11.98,"http://ecx.images-amazon.com/images/I/211BYNW03NL.jpg",970,4731.16,4.88
0738900672,"Movies & TV",35531,"Jeff Buckley - Live in Chicago",12.38,"http://ecx.images-amazon.com/images/I/513x%2B2fmKSL._SY300_.jpg",556,2698.94,4.85
0738920363,"Movies & TV",252799,"Elmo's World - Babies, Dogs &amp; More! [VHS]",14.95,"http://ecx.images-amazon.com/images/I/51R2EPXT7NL._SY300_.jpg",932,3832.42,4.11
0738920630,"Movies & TV",576694,"Works - Fun and Games [VHS]",352.82,"http://ecx.images-amazon.com/images/I/51ASEQ88WVL._SY300_.jpg",387,1669.13,4.31
0738920479,"Movies & TV",528842,"Doors of Wonder: Famous Fred [VHS]",288.46,"http://ecx.images-amazon.com/images/I/51M94YFXK6L._SY300_.jpg",228,876.04,3.84
0738920339,"Movies & TV",314049,"Sesame Street - Let's Make Music [VHS]",15.25,"http://ecx.images-amazon.com/images/I/512le2mXZBL._SY300_.jpg",758,3786.94,5.0
0738921505,"Movies & TV",396205,"George and Martha - Best Friends [VHS]",562.61,"http://ecx.images-amazon.com/images/I/51Z168PK7SL._SY300_.jpg",938,4325.45,4.61
0739003755,"Music",21684,"Music for Little Mozarts 2-CD Sets for Lesson and Discovery Books: Level 1 (2 CDs)",13.36,"http://ecx.images-amazon.com/images/I/61edTItbHdL._SX300_.jpg",446,1552.31,3.48
0738920371,"Movies & TV",379129,"Sesame Street - Elmo in Grouchland (Sing and Play Video) [VHS]",4.65,"http://ecx.images-amazon.com/images/I/21S19NVMTML.jpg",811,3956.1,4.88
0738921475,"Movies & TV",112250,"Cinderelmo [VHS]",4.41,"http://ecx.images-amazon.com/images/I/51DKdAsT6-L._SY300_.jpg",677,2584.16,3.82
0739032631,"Movies & TV",481221,"Performance Practices in Classical Piano Music (DVD)",755.98,"http://ecx.images-amazon.com/images/I/515Y4ImL9aL._SY300_.jpg",788,2682.36,3.4
0739037986,"Movies & TV",140572,"Seymour Duncan- Guide To Pickups",19.95,"http://ecx.images-amazon.com/images/I/51rrtmnJbZL._SY300_.jpg",995,3009.56,3.02
0739040375,"Movies & TV",85103,"Paul Gilbert: Intense Rock, Vol. 1 and 2",22.38,"http://ecx.images-amazon.com/images/I/51eGnPhOGaL._SY300_.jpg",877,4104.53,4.68
0739040251,"Movies & TV",230652,"Simon Phillips Complete",22.28,"http://ecx.images-amazon.com/images/I/51SHLBb-%2B4L._SY300_.jpg",954,3256.2,3.41
0739040308,"Movies & TV",364135,"John Patitucci -- Electric Bass Complete (DVD)",37.98,"http://ecx.images-amazon.com/images/I/51D9ofRKjxL._SY300_.jpg",486,2074.89,4.27
0739042726,"Movies & TV",285242,"Victor Wooten Super Bass Solo Technique",22.36,"http://ecx.images-amazon.com/images/I/51DnbcmA6DL._SY300_.jpg",365,1240.85,3.4
0123456479,"Kitchen & Dining",16987,"SHINING IMAGE HUGE PINK LEATHER JEWELRY BOX / CASE / STORAGE / ORGANIZER WITH TRAVEL CASE AND LOCK",64.98,"http://ecx.images-amazon.com/images/I/413tGhqoOTL._SY300_.jpg",456,1942.5,4.26
0130350591,"Kitchen & Dining",459680,"Le Creuset Kiwi (Green) Butter Dish Stoneware",54.14,"http://ecx.images-amazon.com/images/I/21zcx6RCDoL.jpg",964,3844.11,3.99
0594006112,"Kitchen & Dining",308697,"Elf on the Shelf 10oz (Christmas Mug)",82.78,"http://g-ecx.images-amazon.com/images/G/01/x-site/icons/no-img-sm._CB192198896_.gif",111,382.27,3.44
0615391206,"Kitchen & Dining",3900,"Zoku Quick Pops Recipe Book",17.29,"http://ecx.images-amazon.com/images/I/41EEhiqvnwL._SX300_.jpg",347,1149.32,3.31
0641929307,"Kitchen & Dining",401687,"Vera Bradley Blue Rhapsody Mug W/Lid",701.0,"http://ecx.images-amazon.com/images/I/51QVEZ5cr%2BL._SY300_.jpg",520,1597.18,3.07
0641965974,"Kitchen & Dining",433061,"Text Me Coffee Mug - ILU",244.22,"http://ecx.images-amazon.com/images/I/51KSrW7WCzL._SX300_.jpg",665,2717.87,4.09
064178614X,"Kitchen & Dining",343165,"Alder Wood Folding Wooden Cookbook Book Stand ~ by Barnes &amp; Noble",711.83,"http://ecx.images-amazon.com/images/I/31hK6xv5%2BIL.jpg",801,3915.87,4.89
0641967969,"Kitchen & Dining",62139,"6 pc Japanese Large Noodle Soup bowl set Sakura LB",51.89,"http://ecx.images-amazon.com/images/I/41tSHQBWv-L._SX300_.jpg",681,2791.4,4.1
064180556X,"Home &amp; Kitchen",4862886,"Guaranteed Leak-proof Travel Mug 16 Oz",285.11,"http://ecx.images-amazon.com/images/I/21UdH-%2BpRhL.jpg",628,1965.46,3.13
0681795107,"Kitchen & Dining",48172,"Timolino PAB-46 16-Ounce Signature Travel Mug, Brushed Stainless",18.34,"http://ecx.images-amazon.com/images/I/318Cy2lIdML._SY300_.jpg",969,3287.49,3.39
0705342913,"Kitchen & Dining",870684,"Recipe Cards - McAlisters Seed Co. Q12 3086",369.58,"http://ecx.images-amazon.com/images/I/21JC4093JGL.jpg",959,3716.09,3.87
0705356280,"Kitchen & Dining",662039,"Green Coupon Organizer QCO 3715",513.33,"http://ecx.images-amazon.com/images/I/11PHV4PbZnL.jpg",231,880.32,3.81
0705394492,"Kitchen & Dining",278556,"CR Gibson Black Deluxe Recipe Binder (Includes Recipe Cards, Sheet Protectors, Divider Pages &amp; Tie Clasp Envelope)",31.99,"http://ecx.images-amazon.com/images/I/5113OM8ZQkL._SX300_.jpg",782,2691.84,3.44
0748185259,"Kitchen & Dining",203625,"Weight Watchers Electronic Food Scale w/ Points Values Database",172.06,"http://ecx.images-amazon.com/images/I/51vQFMIC3pL._SX300_.jpg",626,2510.43,4.01
0783433891,"Kitchen & Dining",195340,"Wine Map of France",62.99,"http://ecx.images-amazon.com/images/I/41xtCEhG0SL.jpg",184,915.37,4.97
0805471219,"Kitchen & Dining",1960,"Communion Cups - Box of 1000 - Disposable",15.59,"http://ecx.images-amazon.com/images/I/51IaPH9esYL._SX300_.jpg",927,3006.5,3.24
0898216052,"Home &amp; Kitchen",96010,"The Everyday Slow Cooker Cookbook &amp; One Dish Recipes 2008",730.81,"http://ecx.images-amazon.com/images/I/51irZG8en-L._SX300_.jpg",816,3469.77,4.25
0912696591,"Kitchen & Dining",9690,"Wilton Decorating Cakes Book",14.26,"http://ecx.images-amazon.com/images/I/51SrvkbXJ5L._SY300_.jpg",610,2175.31,3.57
0972187677,"Toys & Games",203310,"WineParty Game",9.99,"http://ecx.images-amazon.com/images/I/410KkghTmOL._SY300_.jpg",383,1265.5,3.3
097736271X,"Arts, Crafts & Sewing",111327,"Table Runners A Second Helping",20.32,"http://ecx.images-amazon.com/images/I/61qE8cMMd-L._SY300_.jpg",452,1651.1,3.65
097857141X,"Kitchen & Dining",206167,"Vi Whittington Cooked Sugar Art",12.27,"http://ecx.images-amazon.com/images/I/41FbWRpzbDL.jpg",980,4152.76,4.24
0978736885,"Kitchen & Dining",21899,"Smith &amp; Wollensky Steakhouse Knife Set",49.0,"http://ecx.images-amazon.com/images/I/41eB1pfullL._SX300_.jpg",888,3973.88,4.48
0979755026,"Kitchen & Dining",241289,"Gold, Frankincense and Myrrh - Gift of the Magi",677.55,"http://ecx.images-amazon.com/images/I/51odKckiMjL._SY300_.jpg",906,4055.03,4.48
0980183227,"Arts, Crafts & Sewing",82892,"Cake Treasures Collection Volume 2 - Advanced Designs Using Cricut Cake and Design Studio",14.99,"http://ecx.images-amazon.com/images/I/51AuOInHvuL._SY300_.jpg",284,1147.28,4.04
098019282X,"Kitchen & Dining",132893,"The Playful Chef Cookbook - A Culinary Education for Kids",143.9,"http://ecx.images-amazon.com/images/I/5140%2BfKH4zL._SX300_.jpg",882,3230.22,3.66
0984493697,"Kitchen & Dining",142946,"Sous Vide Cookbook, Easy",19.95,"http://ecx.images-amazon.com/images/I/51FURj-ix4L._SY300_.jpg",414,2003.33,4.84
0984493638,"Kitchen & Dining",207905,"Sous Vide Meat Cookbook",97.01,"http://ecx.images-amazon.com/images/I/617cGQIenmL._SY300_.jpg",393,1339.94,3.41
0988315815,"Kitchen & Dining",4681,"Zoku The Art of Slush Recipe Book",19.99,"http://ecx.images-amazon.com/images/I/51zhh51JIcL._SY300_.jpg",687,2858.61,4.16
1009245414,"Kitchen & Dining",573930,"The Original Apple Baker Set of 2 Baking Dishes from Christian Ridge Pottery",738.4,"http://ecx.images-amazon.com/images/I/51%2Bx97pHX8L._SX300_.jpg",214,804.43,3.76
1223070743,"Kitchen & Dining",5754,"Vandor 52423 Star Wars Large Recycled Shopper Tote, Multicolored",2.95,"http://ecx.images-amazon.com/images/I/51uL97NehcL._SY300_.jpg",841,2943.65,3.5
1223071359,"Kitchen & Dining",42106,"The Beatles Black &amp; White 14 Oz. Ceramic Latte Mug",8.99,"http://ecx.images-amazon.com/images/I/41%2BbxovErAL._SY300_.jpg",365,1506.41,4.13
1223069818,"Kitchen & Dining",3927,"Vandor 18062 Hello Kitty Ceramic Mug, Pink, 18-Ounce",7.19,"http://ecx.images-amazon.com/images/I/41kpkotfl9L._SY300_.jpg",708,2703.41,3.82
1403779619,"Kitchen & Dining",325352,"Lego Drinking Container Bottle Red with Lego Head Cap",25.0,"http://ecx.images-amazon.com/images/I/31lynarZK2L._SY300_.jpg",108,419.59,3.89
1403783624,"Kitchen & Dining",283552,"Stir Fry Pan Set - Style 37432",571.65,"http://ecx.images-amazon.com/images/I/41vuxN%2BFrbL._SY300_.jpg",568,2205.42,3.88
1450823661,"Kitchen & Dining",202364,"Handy Gourmet Multi Chopper",12.16,"http://ecx.images-amazon.com/images/I/319Gdd4r4GL._SX300_.jpg",596,2782.83,4.67
1574890832,"Home &amp; Kitchen",539445,"Cavallini Magnet Set Birds, 24 Assorted Magnets Packaged in a Tin",18.0,"http://ecx.images-amazon.com/images/I/51Fo5hiYP6L._SX300_.jpg",181,778.59,4.3
1574890824,"Home &amp; Kitchen",687082,"Cavallini Magnet Set Butterflies, 24 Assorted Magnets Packaged in a Tin",14.95,"http://ecx.images-amazon.com/images/I/51pdtVSXsQL._SX300_.jpg",370,1283.26,3.47
1574891936,"Home &amp; Kitchen",1127282,"Cavallini Magnet Set Animals, 24 Assorted Magnets Packaged in a Tin",14.95,"http://ecx.images-amazon.com/images/I/51W00U3DU2L._SX300_.jpg",746,3211.0,4.3
1574898922,"Home &amp; Kitchen",878948,"Cavallini Magnets ABC, 24 Assorted Magnets",17.75,"http://ecx.images-amazon.com/images/I/51Sx-23VWCL._SX300_.jpg",778,2666.92,3.43
1574898949,"Home &amp; Kitchen",598310,"Cavallini Magnets Paris, 24 Assorted Magnets",14.95,"http://ecx.images-amazon.com/images/I/51-9v6jBASL._SX300_.jpg",973,3552.39,3.65
1574898930,"Home &amp; Kitchen",66275,"Cavallini Magnets London, 24 Assorted Magnets",14.95,"http://ecx.images-amazon.com/images/I/51NDKdPpqgL._SX300_.jpg",630,2094.4,3.32
159668027X,"Kitchen & Dining",76654,"Interweave Press The Crocheter's Handy Guide To Yarn Requirements 680302",4.09,"http://ecx.images-amazon.com/images/I/31FHCZDWHML.jpg",951,4057.69,4.27
1613261535,"Kitchen & Dining",196296,"Gallery Leather 2014 Monthly Large Gold Planner",574.89,"http://ecx.images-amazon.com/images/I/41aREMEQbML._SX300_.jpg",805,3003.86,3.73
1614549168,"Toys & Games",494340,"Racing Car Cupcake Kit",16.98,"http://ecx.images-amazon.com/images/I/51X9okkXPNL._SY300_.jpg",917,3793.24,4.14
1614547831,"Home &amp; Kitchen",1546868,"Toot Sweet Cake Wrappers",7.95,"http://ecx.images-amazon.com/images/I/51TWdjsJeoL._SY300_.jpg",821,4069.88,4.96
1614547440,"Toys & Games",267216,"Elegant Gold Cupcake Cases - Pack of 48",5.54,"http://ecx.images-amazon.com/images/I/51S26YBJSKL._SY300_.jpg",155,638.57,4.12
161552231X,"Kitchen & Dining",196877,"Alice In Wonderland Tea Set for Two 3oz Cups, Saucers and Spoons Retired Pattern",29.95,"http://ecx.images-amazon.com/images/I/51I6y8h5gjL._SX300_.jpg",574,2544.09,4.43
161659120X,"Kitchen & Dining",146800,"Bettie Page Pint Glass Set of 4",628.43,"http://ecx.images-amazon.com/images/I/41jTLUQm5yL._SX300_.jpg",289,965.29,3.34
161659232X,"Toys & Games",2470,"Game of Thrones Sigil Coasters Set",10.99,"http://ecx.images-amazon.com/images/I/41CkjPgsf7L._SY300_.jpg",710,2273.67,3.2
1619920239,"Home &amp; Kitchen",275565,"Cavallini Vintage Cats 24 Assorted Magnets",14.95,"http://ecx.images-amazon.com/images/I/51qEClON6RL._SX300_.jpg",923,2920.11,3.16
1619920255,"Home &amp; Kitchen",449813,"Cavallini San Francisco 24 Assorted Magnets",14.95,"http://ecx.images-amazon.com/images/I/51JibneIVML._SX300_.jpg",696,3203.64,4.6
1621522172,"Kitchen & Dining",78679,"Lilly Pulitzer Thermal Mug - Chiquita Bonita",22.0,"http://ecx.images-amazon.com/images/I/51b6gJPfSCL._SY300_.jpg",693,2452.78,3.54
1625684185,"Kitchen & Dining",439120,"Dinosaur Roarrrr Party Hats - Pack of 8",15.26,"http://ecx.images-amazon.com/images/I/41aIYADPXIL._SY300_.jpg",612,2869.46,4.69
1842104780,"Kitchen & Dining",387143,"QUEEN 2014 CALENDAR BY DREAM + FREE FRIDGE MAGNET",548.0,"http://ecx.images-amazon.com/images/I/51c8dqh7ouL._SX300_.jpg",922,3551.14,3.85
1842104470,"Home &amp; Kitchen",881175,"GREEN DAY 2014 CALENDAR BY DREAM + FREE GREEN DAY FRIDGE MAGNET",264.09,"http://ecx.images-amazon.com/images/I/61kP8MfECdL._SX300_.jpg",598,2891.28,4.83
1842104322,"Home &amp; Kitchen",934617,"CHRIS HEMSWORTH 2014 CALENDAR BY DREAM + FREE CHRIS HEMSWORTH FRIDGE MAGNET",258.93,"http://ecx.images-amazon.com/images/I/516Bfi4fEGL._SX300_.jpg",513,1645.55,3.21
1847503705,"Kitchen & Dining",88953,"Star Wars Saga Magnets Episode 4 classic characters set of 10 New Hope",8.13,"http://ecx.images-amazon.com/images/I/51CuGuL-fWL._SY300_.jpg",146,613.38,4.2
184999949X,"Kitchen & Dining",47097,"CHANNING TATUM MAGIC MIKE SEXY HUNKS NAKED FRIDGE MAGNET - CT038",23.56,"http://ecx.images-amazon.com/images/I/51vzy%2Bj8i7L._SY300_.jpg",341,1279.53,3.75
1888861347,"Kitchen & Dining",103339,"Fully Covered in Crystal Monogram Wedding Cake Topper Letter - Letter P",29.96,"http://ecx.images-amazon.com/images/I/41ivSzVPn-L._SY300_.jpg",490,2374.48,4.85
1888861142,"Kitchen & Dining",334835,"Monogram Wedding Cake Topper Letter with Crystals - 1 Large Letter",31.35,"http://ecx.images-amazon.com/images/I/41jDJEglcbL._SY300_.jpg",640,2570.9,4.02
1888861622,"Kitchen & Dining",112240,"Letter T - Swarovski Crystal Monogram Wedding Cake Topper Letter",25.96,"http://ecx.images-amazon.com/images/I/41D60Arp%2BLL._SY300_.jpg",896,2753.54,3.07
1888861614,"Kitchen & Dining",84112,"Letter S - Swarovski Crystal Monogram Wedding Cake Topper Letter",26.97,"http://ecx.images-amazon.com/images/I/41VaST06fcL._SX300_.jpg",684,2394.3,3.5
1888861150,"Kitchen & Dining",161364,"Monogram Wedding Cake Topper Letter with Crystals - 1 Large Letter",32.67,"http://ecx.images-amazon.com/images/I/41h-lqY6T%2BL._SY300_.jpg",901,3181.71,3.53
1891747401,"Kitchen & Dining",1315,"Mighty Bright Fold-n-Stow Book Holder",7.86,"http://ecx.images-amazon.com/images/I/31LvP5R28wL._SY300_.jpg",702,3317.9,4.73
1891747134,"Kitchen & Dining",511583,"Mini Super Led Book Light Purple (Book Lights)",128.39,"http://ecx.images-amazon.com/images/I/31a8tDlfzjL._SY300_.jpg",192,739.43,3.85
1896639437,"Kitchen & Dining",262497,"Sushi For Two Japanese Sushi Set",391.76,"http://ecx.images-amazon.com/images/I/51wUReOPUeL._SY300_.jpg",743,3660.71,4.93
1929780656,"Toys & Games",95702,"Martian Coasters",2.26,"http://ecx.images-amazon.com/images/I/41B2BbsJqSL._SX300_.jpg",235,1140.41,4.85
1932289348,"Kitchen & Dining",457348,"Latin Phrases Fridge Magnet",424.16,"http://ecx.images-amazon.com/images/I/51-r0I5I3FL._SY300_.jpg",423,1444.33,3.41
1932648623,"Kitchen & Dining",271008,"Great Composers Mug",7.5,"http://ecx.images-amazon.com/images/I/41065VZKQHL._SY300_.jpg",241,1008.07,4.18
1933244038,"Kitchen & Dining",189003,"Wilton Curso: 3 Fondant y Pasteles de pisos / Wilton Course 3: Fondant and Tiered Cakes",245.08,"http://ecx.images-amazon.com/images/I/410Wf%2B9HFsL._SY300_.jpg",876,4259.55,4.86
1933506105,"Kitchen & Dining",417393,"Women Artists Mug",9.95,"http://ecx.images-amazon.com/images/I/41G0V6B1KBL._SY300_.jpg",717,3343.97,4.66
0000031909,"Toys & Games",201847,"Girls Ballet Tutu Neon Pink",7.0,"http://ecx.images-amazon.com/images/I/41xBoP0FVzL._SY300_.jpg",589,1899.66,3.23
0000031852,"Toys & Games",211836,"Girls Ballet Tutu Zebra Hot Pink",3.17,"http://ecx.images-amazon.com/images/I/51fAmVkTbyL._SY300_.jpg",257,1039.75,4.05
0000191639,"Toys & Games",612379,"Dr. Suess 19163 Dr. Seuss Puzzle 3 Pack Bundle",37.12,"http://ecx.images-amazon.com/images/I/414PLROXy-L._SY300_.jpg",462,1954.76,4.23
0000031895,"Toys & Games",36575,"Girls Ballet Tutu Neon Blue",2.99,"http://ecx.images-amazon.com/images/I/41Csjlr%2BxpL._SY300_.jpg",209,1009.58,4.83
0076561046,"Toys & Games",564211,"Fraction Decimal Percent Card Deck",212.96,"http://ecx.images-amazon.com/images/I/51ObabPu3tL._SY300_.jpg",711,2919.87,4.11
0131358936,"Software",8080,,36.22,"http://ecx.images-amazon.com/images/I/51%2B7EjlJmDL._SL500_SY300_.jpg",424,1364.24,3.22
0375829695,"Home &amp; Kitchen",590975,"Dr. Seuss Jigsaw Puzzle Book: With Six 48-Piece Puzzles",24.82,"http://ecx.images-amazon.com/images/I/51Q02ZH60PL._SY300_.jpg",757,3352.32,4.43
037585746X,"Toys & Games",417399,"Blues Clues On the Go with Blue Color &amp; Activity Book",88.48,"http://ecx.images-amazon.com/images/I/517YYdeS5OL._SY300_.jpg",137,593.49,4.33
0425066169,"Toys & Games",413781,"Sanctuary: The Thieves' World Boardgame [BOX SET]",188.83,"http://ecx.images-amazon.com/images/I/51s4jImJyJL._SX300_.jpg",684,2638.96,3.86
0439028485,"Toys & Games",427475,"Clifford The Big Red Dog: 10-Piece Counting &amp; Alphabet Nesting and Stacking Blocks",272.89,"http://ecx.images-amazon.com/images/I/41lCoJa0EfL._SY300_.jpg",874,4110.3,4.7
0439400066,"Toys & Games",1616332,"3D Puzzle Buster",99.15,"http://ecx.images-amazon.com/images/I/5109viuTngL._SY300_.jpg",716,2756.84,3.85
0439651859,"Electronics",202579,"TEACHERS FRIEND NOTE FROM THE TEACHER SCHOOL TO HOME NOTES",5.99,"http://ecx.images-amazon.com/images/I/31GI7SdbS7L.jpg",149,596.74,4.0
0439710324,"Toys & Games",477601,"The Real Mother Goose Mary's Little Lamb 8&quot; Activity Toy",19.89,"http://ecx.images-amazon.com/images/I/41iRz5dG6QL._SX300_.jpg",645,2134.2,3.31
0439845297,"Toys & Games",489718,"Insect Model Lytta Stygica Green Flower Beetle 3d 4d Master Puzzle 19 Piece with Book",8.99,"http://ecx.images-amazon.com/images/I/31cQu9A4p1L._SX300_.jpg",431,1704.23,3.95
0439843073,"Toys & Games",1124945,"Magalina Dog 8&quot; Soft Toy",14.06,"http://ecx.images-amazon.com/images/I/41pcpp3YK3L._SY300_.jpg",587,1972.53,3.36
0439855896,"Toys & Games",5096,"Instant Appearing 18 Inch Magic Wand",6.02,"http://ecx.images-amazon.com/images/I/31b23FOXq8L.jpg",591,2735.5,4.63
0439927277,"Toys & Games",613699,"Magalina Dog 10&quot; Puppet",22.99,"http://ecx.images-amazon.com/images/I/413W2OMXKKL._SY300_.jpg",863,3146.08,3.65
0448447088,"Toys & Games",438771,"&quot;Miss Spider's Web&quot; Stuffed Toy &amp; Book",136.54,"http://ecx.images-amazon.com/images/I/41uud3nFxEL._SX300_.jpg",570,2285.16,4.01
0470182318,"Arts, Crafts & Sewing",4644,"Watercolor Painting For Dummies",11.0,"http://ecx.images-amazon.com/images/I/51pwu3vokHL._SY300_.jpg",960,3051.11,3.18
0486430502,"Arts, Crafts & Sewing",93036,"I Love America Stained Glass Coloring Book",7.72,"http://ecx.images-amazon.com/images/I/519yJbmYZ1L._SY300_.jpg",129,459.04,3.56
048645195X,"Arts, Crafts & Sewing",1009,"Dover Publications-Decorative Tile Designs Coloring Book",1.44,"http://ecx.images-amazon.com/images/I/61r4Gp10KTL._SY300_.jpg",325,1003.31,3.09
054503180X,"Toys & Games",373200,"Scholastic Electronic Text Messengers",754.99,"http://ecx.images-amazon.com/images/I/51T-6i30yBL._SX300_.jpg",785,2649.94,3.38
0545020832,"Toys & Games",732749,"Talk-to-Me Amazing Animals Phonics Boxed Set With Magic Talking Pen &amp; 10 Books",23.92,"http://ecx.images-amazon.com/images/I/41dBcDrKmqL.gif",259,1265.13,4.88
0545016258,"Toys & Games",250565,"Scholastic Rapid Words 1000 Electronic Word Game",15.9,"http://ecx.images-amazon.com/images/I/51OGqxGPQxL._SX300_.jpg",607,2215.86,3.65
0545056551,"Toys & Games",448341,"Mr. Magorium's Wonder Emporium Exclusive Gift Set Sock Monkey &amp; Book",19.78,"http://ecx.images-amazon.com/images/I/516CMFCLuSL._SY300_.jpg",996,3051.32,3.06
0545090954,"Toys & Games",1336212,"Gotgha! Secret Alarm",9.95,"http://ecx.images-amazon.com/images/I/51gOUou1hEL._SX300_.jpg",741,3367.86,4.55
0545102057,"Toys & Games",315997,"Scholastic Electronic Dictionary",11.95,"http://ecx.images-amazon.com/images/I/51TPCeSx57L._SY300_.jpg",782,3517.48,4.5
0545325234,"Toys & Games",186335,"Pound a Peg Wooden Pounding Bench with Hammer",9.95,"http://ecx.images-amazon.com/images/I/41Z9szrZSTL._SY300_.jpg",139,618.13,4.45
0545346207,"Arts, Crafts & Sewing",2292,"My Fabulous Look Book: Fashion Drawing Made Easy",9.07,"http://ecx.images-amazon.com/images/I/51sT1ISdfNL._SX300_.jpg",359,1767.26,4.92
0545419042,"Arts, Crafts & Sewing",9545,"Capsters: Turn Bottle Caps Into Cool Collectibles",11.83,"http://ecx.images-amazon.com/images/I/61O365rhCWL._SX300_.jpg",683,2448.55,3.58
0545449340,"Arts, Crafts & Sewing",4400,"Beaded Bands: Super Stylish Bracelets Made Simple",12.21,"http://ecx.images-amazon.com/images/I/61MW34HBIFL._SX300_.jpg",643,2568.43,3.99
0545459915,"Arts, Crafts & Sewing",1552,"Twirled Paper",11.71,"http://ecx.images-amazon.com/images/I/61DDU00dFrL._SX300_.jpg",948,3555.89,3.75
0545477344,"Toys & Games",455444,"Chicka Chicka Boom Boom Floor Puzzle",20.49,"http://ecx.images-amazon.com/images/I/41%2Bn2rgG3FL._SY300_.jpg",298,1262.31,4.24
0545496470,"Arts, Crafts & Sewing",1462,"The Book of Impossible Objects: 25 Eye-Popping Projects to Make, See &amp; Do",11.13,"http://ecx.images-amazon.com/images/I/61mEDfXSSYL._SY300_.jpg",349,1620.02,4.64
0547422539,"Software",15265,,120.46,"http://ecx.images-amazon.com/images/I/517vDtF%2BreL._SY300_.jpg",264,884.53,3.35
0594019915,"Toys & Games",721575,"Cupcake Memory Game; 48 Deluxe Tiles; Extra Chunky Tiles!",49.95,"http://ecx.images-amazon.com/images/I/51OGSbRFHCL._SY300_.jpg",986,4408.81,4.47
0615227554,"Toys & Games",443326,"Alphabotz Superphonic Decoder Cards",15.1,"http://ecx.images-amazon.com/images/I/51mr0UXh4zL._SX300_.jpg",418,1591.72,3.81
0615269990,"Toys & Games",110575,"Occam's Razor",34.99,"http://ecx.images-amazon.com/images/I/51fH-ABeBAL._SY300_.jpg",396,1430.97,3.61
0615313604,"Toys & Games",39027,"KidzCalendar: A Fun Sticker Calendar for a Child's Busy World (Undated)",9.99,"http://ecx.images-amazon.com/images/I/51crKx0YWlL._SX300_.jpg",758,3442.13,4.54
0615343287,"Toys & Games",307648,"Healing Blade",639.48,"http://ecx.images-amazon.com/images/I/512lIkV0J1L._SX300_.jpg",461,1626.13,3.53
0615374794,"Toys & Games",603483,"WayWord",348.44,"http://ecx.images-amazon.com/images/I/31QCcsQg3zL.jpg",673,2079.47,3.09
0615394124,"Toys & Games",1582116,"f&uuml;doo Board Kit",519.49,"http://ecx.images-amazon.com/images/I/61rcXFwI%2BWL._SX300_.jpg",216,1079.93,5.0
0615405509,"Toys & Games",230021,"MERCS Game Rules",25.0,"http://ecx.images-amazon.com/images/I/41FshkMmPRL.jpg",516,2572.93,4.99
0615444172,"Toys & Games",27977,"Original Sticker Book Starter Kit with 3 Puffy Sticker Packs By Sticker Farm",16.99,"http://ecx.images-amazon.com/images/I/51ayc5M9LlL._SY300_.jpg",745,2651.47,3.56
0615500145,"Toys & Games",580910,"Application Crunch",29.95,"http://ecx.images-amazon.com/images/I/41ARZcv8btL._SY300_.jpg",232,868.42,3.74
0615637507,"Toys & Games",66097,"Tammany Hall",99.99,"http://ecx.images-amazon.com/images/I/516D59geMDL._SY300_.jpg",273,955.55,3.5
0615638996,"Toys & Games",3678,"Mad Dragon: An Anger Control Card Game",18.8,"http://ecx.images-amazon.com/images/I/51Uvp%2B9l%2BbL._SX300_.jpg",436,1598.21,3.67
0615641571,"Toys & Games",732719,"Zoneplex SW (MINT/New)",42.39,"http://ecx.images-amazon.com/images/I/51CB%2BumXX9L._SY300_.jpg",179,720.36,4.02
0641551568,"Toys & Games",440944,"Mood Meter Magnet / Individual Feelings Chart (Emotions, Moods, Emoticons) How Are You Feeling Today?",42.46,"http://g-ecx.images-amazon.com/images/G/01/x-site/icons/no-img-sm._CB192198896_.gif",184,910.8,4.95
0641518633,"Toys & Games",584921,"Pony Little Pal Plush Toy By Douglas Cuddle Toy",3.0,"http://ecx.images-amazon.com/images/I/41kgpoP6pVL._SY300_.jpg",465,1435.37,3.09
0641061501,"Toys & Games",905794,"Word Thief",16.0,"http://ecx.images-amazon.com/images/I/41m9b0W1hQL._SX300_.jpg",425,1442.92,3.4
064157388X,"Toys & Games",294696,"Airedale Stuffed Animal Plush Dog 9&quot; L",592.95,"http://ecx.images-amazon.com/images/I/51d-06wjFNL._SX300_.jpg",949,3022.41,3.18
0641565771,"Toys & Games",501522,"Harry Potter Wizard's Chess",399.99,"http://ecx.images-amazon.com/images/I/31Zcz8u-4CL.jpg",255,1000.4,3.92
0641737939,"Toys & Games",604874,"Compatibility Board Game",158.61,"http://ecx.images-amazon.com/images/I/41ZXSOty4CL._SX300_.jpg",917,4362.88,4.76
0641699840,"Toys & Games",5778,"Thoughts and Feelings: A Sentence Completion Card Game",21.95,"http://ecx.images-amazon.com/images/I/41dgRFlLswL.jpg",941,4057.75,4.31
0641843208,"Toys & Games",155918,"McNeill Designs YBS Pop Culture Add-on Deck",3.73,"http://ecx.images-amazon.com/images/I/41V08TqWz%2BL._SY300_.jpg",155,610.35,3.94
0641928262,"Toys & Games",104830,"The Tale of Despereaux 8&quot; Bean Bag Plush Mouse",24.88,"http://ecx.images-amazon.com/images/I/314bTcHRluL.jpg",750,3693.54,4.92
0641801041,"Toys & Games",20280,"Thoughts and Feelings 2: A Sentence Completion Card Game",19.0,"http://ecx.images-amazon.com/images/I/51vOqfK486L._SX300_.jpg",166,805.68,4.85
0641835248,"Toys & Games",346204,"League of Pirates, Pirates of the Caribbean Board Game",16.76,"http://ecx.images-amazon.com/images/I/41E9YA-eD2L._SX300_.jpg",540,2233.18,4.14
0641699174,"Toys & Games",487926,"Disney World's Most Difficult Jigsaw Puzzle: Villians",58.77,"http://ecx.images-amazon.com/images/I/512IH-B2dAL._SX300_.jpg",677,2868.87,4.24
0641843224,"Toys & Games",154868,"McNeill Designs YBS Sci-fi/Fantasy Add-on Deck",5.19,"http://ecx.images-amazon.com/images/I/418t9AN9hiL._SY300_.jpg",929,4232.75,4.56
0641801033,"Toys & Games",184535,"Memory Garden: Bereavement Healing Cards",24.95,"http://ecx.images-amazon.com/images/I/41gO9bKzPJL.jpg",282,1127.19,4.0
0641811284,"Toys & Games",698969,"Fundex Charlie Brown Christmas Game (2482)",725.38,"http://ecx.images-amazon.com/images/I/51QHGPhNsoL._SY300_.jpg",184,852.43,4.63
0641843216,"Toys & Games",291678,"Gourmet Cuisine Add-On-Deck Game",5.79,"http://ecx.images-amazon.com/images/I/414Cya-SnLL._SY300_.jpg",486,1519.12,3.13
0641841132,"Toys & Games",447669,"Manhattans, Martinis and Moonlight 1000pc. Puzzle",29.95,"http://ecx.images-amazon.com/images/I/61ZW6QhhTHL._SX300_.jpg",589,2241.06,3.8
0641843232,"Toys & Games",219474,"You've Been Sentenced! Add-On Deck - Sports Highlights",5.15,"http://ecx.images-amazon.com/images/I/41LXr3WIpjL._SY300_.jpg",248,1066.86,4.3
0670010936,"Toys & Games",313485,"Llama Llama Plush",21.73,"http://ecx.images-amazon.com/images/I/419pYIEQjgL._SY300_.jpg",205,968.64,4.73
0671040049,"Toys & Games",677754,"The Way of D'Era: The Romulan Star Empire (Star Trek: the Next Generation)",490.14,"http://ecx.images-amazon.com/images/I/515FJ6R9V2L._SY300_.jpg",463,2007.0,4.33
067104009X,"Toys & Games",854512,"Starfleet Academy (Star Trek Next Generation Roleplaying Game) [BOX SET]",593.05,"http://ecx.images-amazon.com/images/I/41HKMHB0PZL._SY300_.jpg",653,2375.61,3.64
0681001410,"Toys & Games",331890,"The Simpsons Homer Head UNO",28.9,"http://ecx.images-amazon.com/images/I/41oQx5TC7YL._SX300_.jpg",134,576.26,4.3
0681108231,"Toys & Games",559152,"Twilight Round Buttons set of 6 Edward, Bella, Jacob, Crest, Cast, Edward/Bella",3.98,"http://ecx.images-amazon.com/images/I/318bULmbtgL.jpg",873,3239.63,3.71
0681459697,"Toys & Games",671895,"Vampire Hunter &quot;D&quot; Action Figure: Leila and Her Bike",19.99,"http://ecx.images-amazon.com/images/I/41vnKzh9FsL.jpg",897,3095.12,3.45
0681542349,"Toys & Games",650248,"(unlinked) Soul Eater Tin Barrel Shaped Pencil Sharpener 26525",785.25,"http://ecx.images-amazon.com/images/I/51qaL2HSDoL._SY300_.jpg",468,2231.46,4.77
0681520418,"Toys & Games",966800,"Esphera 360**The GOLDEN COMPASS**60 piece 3D Jigsaw Puzzle",8.9,"http://ecx.images-amazon.com/images/I/51-tshNfxkL._SY300_.jpg",835,3454.9,4.14
0681358173,"Toys & Games",600198,"Bear Ear Hoodie Jacket &amp; Poms on drawstrings ~ DARK CREAM BEIGE ~ Size Large",303.85,"http://ecx.images-amazon.com/images/I/51JCLkQkBnL._SY300_.jpg",669,2600.26,3.89
0681768983,"Toys & Games",459915,"Richard Scarry's Busytown 12&quot; Tall Huckle Plush",13.99,"http://ecx.images-amazon.com/images/I/41e1yB9e6EL._SY300_.jpg",466,2296.17,4.93
0681843586,"Toys & Games",604786,"Notebook A6 Zoo Animals Design",1.99,"http://ecx.images-amazon.com/images/I/21XT6vX86JL.jpg",753,2719.66,3.61
0681561653,"Toys & Games",560935,"Gund Bradley 16&quot; Plush Borders Bear",14.0,"http://ecx.images-amazon.com/images/I/51xNji8wo5L._SY300_.jpg",268,1259.81,4.7
0681952326,"Toys & Games",303318,"War! Age of Imperialism",745.65,"http://ecx.images-amazon.com/images/I/61rEGfZUMYL._SX300_.jpg",147,622.3,4.23
0001048775,"Books",13243226,"Measure for Measure: Complete &amp; Unabridged",651.16,"http://ecx.images-amazon.com/images/I/5166EBHDQYL.jpg",638,2981.19,4.67
0001048236,"Books",8973864,"The Sherlock Holmes Audio Collection",9.26,"http://ecx.images-amazon.com/images/I/51DH145C5JL.jpg",901,3712.49,4.12
0001057170,"Books",9318563,"Classic Connolly Boxed Set (Vol 1 &amp; 2)",444.83,"http://ecx.images-amazon.com/images/I/51M65KR89XL.jpg",877,3706.9,4.23
0001053396,"Books",12249714,"War Poems: An Anthology of Poetry from the 18th Cantury to the Present Day",17.99,"http://ecx.images-amazon.com/images/I/51WTKK4V2DL.jpg",501,2223.56,4.44
0001072986,"Books",8296784,"As You Like it: Complete &amp; Unabridged",451.89,"http://ecx.images-amazon.com/images/I/51X8Z6CJ10L.jpg",177,608.55,3.44
0001053744,"Books",5665835,"Pearl and Sir Orfeo",6.05,"http://ecx.images-amazon.com/images/I/712C-G3XiTL.jpg",455,1606.72,3.53
0001055178,"Books",14149327,"Master Georgie",16.95,"http://ecx.images-amazon.com/images/I/51ZSC6TKS3L.jpg",614,2550.99,4.15
0001042335,"Books",4849400,"Hamlet: Complete &amp; Unabridged",87.64,"http://ecx.images-amazon.com/images/I/51ZSAPAXN4L.jpg",373,1257.54,3.37
000136118X,"Books",8798712,"One, Two, Guess Who?",555.6,"http://ecx.images-amazon.com/images/I/51HK6S3HJNL.jpg",607,1870.77,3.08
0001360000,"Books",1760368,"Mog's Kittens",10.76,"http://ecx.images-amazon.com/images/I/514Y3NCWBTL.jpg",968,3082.06,3.18
0001018043,"Books",13835337,"The Enchanted Horse",8.09,,314,1533.17,4.88
000102521X,"Books",13970164,"The Fatal Strand (Tales from the Wyrd Museum)",584.27,"http://ecx.images-amazon.com/images/I/516TRJBF9XL.jpg",109,363.35,3.33
0001056107,"Books",12617688,"Farmer Giles of Ham: And Other Stories",773.44,"http://ecx.images-amazon.com/images/I/51SC9FWR8RL.jpg",771,3616.98,4.69
0001056530,"Books",12033348,"The Grass Is Always Greener and Other Stories",11.18,"http://ecx.images-amazon.com/images/I/51A4zWHY4QL.jpg",882,2906.74,3.3
0001006657,"Books",12568876,"I Want My Dinner",7.99,"http://ecx.images-amazon.com/images/I/510AQCZVBGL.jpg",125,444.71,3.56
000171287X,"Books",576826,"The Berenstains' B Book (Bright &amp; Early Books)",3.13,"http://ecx.images-amazon.com/images/I/31hjUxZugDL.jpg",210,1029.4,4.9
000171130X,"Books",9031863,"The Travels of Doctor Dolittle (Beginner Series)",3.6,"http://ecx.images-amazon.com/images/I/51Q7XxU5OBL.jpg",553,2222.62,4.02
000100039X,"Books",587803,"The Prophet",3.99,"http://ecx.images-amazon.com/images/I/81ZKLPivYUL.jpg",362,1757.32,4.85
0001473905,"Books",1536630,"Rightly Dividing the Word",2.99,"http://ecx.images-amazon.com/images/I/61KPC59B81L.jpg",630,2556.65,4.06
0001714546,"Books",2806916,"Wings on Things (Bright and Early Books)",8.09,"http://ecx.images-amazon.com/images/I/51RA5485J4L.jpg",749,2605.54,3.48
0001839225,"Books",738272,"Spring Story (Brambly Hedge)",7.99,"http://ecx.images-amazon.com/images/I/61qIWAs9HxL.jpg",148,562.54,3.8
0001384163,"Books",3057822,"Mog and Me (Mog the Cat Board Books)",8.99,"http://ecx.images-amazon.com/images/I/51NRP9JWN3L.jpg",550,2601.43,4.73
0001837397,"Books",1133514,"Autumn Story Brambly Hedge",7.99,"http://ecx.images-amazon.com/images/I/61SVJoaIhlL.jpg",259,1191.68,4.6
0001714538,"Books",1397256,"The Berenstain Bears on the Moon (Bright and Early Books)",8.09,"http://ecx.images-amazon.com/images/I/A1zj84uC9HL.jpg",815,3819.46,4.69
0001857169,"Books",4075602,"A Treasury of Narnia",489.52,"http://ecx.images-amazon.com/images/I/61MH3TCT6ZL.jpg",950,4421.32,4.65
0001711342,"Books",553552,"Doctor Dolittle and the Pirates (Beginner Series)",278.19,"http://ecx.images-amazon.com/images/I/910DqBRB4-L.jpg",120,489.89,4.08
0001714384,"Books",1509476,"The Very Bad Bunny (Beginner Series)",8.09,"http://ecx.images-amazon.com/images/I/51TQrn6vfmL.jpg",129,418.88,3.25
0001845357,"Books",9410457,"Ballad of Favour",6.15,"http://ecx.images-amazon.com/images/I/41XjAqAfhcL.jpg",736,3240.26,4.4
0615553605,"Pet Supplies",34134,"Pet Qwerks Treat Cookbook with Cutters",10.95,"http://ecx.images-amazon.com/images/I/41yroPoJJoL._SX300_.jpg",668,2121.59,3.18
0615583474,"Pet Supplies",452691,"It's A Cat's Life",468.99,"http://ecx.images-amazon.com/images/I/51%2BBp0bNDvL._SX300_.jpg",321,1260.78,3.93
0972585419,"Pet Supplies",21104,"Feathered Phonics The Easy Way To Teach Your Bird To Speak Volume 1: 96 Words and Phrases",0.92,"http://ecx.images-amazon.com/images/I/61tAtKN0blL._SY300_.jpg",355,1380.65,3.89
0975412817,"Pet Supplies",74781,"The Notes Pocket Pal by Melissa Verplank",86.04,"http://ecx.images-amazon.com/images/I/51tJdWLFHvL._SY300_.jpg",777,3660.43,4.71
0975412809,"Pet Supplies",1960,"Notes From The Grooming Table by Melissa Verplank",59.95,"http://ecx.images-amazon.com/images/I/615swQkXKbL._SY300_.jpg",949,4212.89,4.44
0975412868,"Pet Supplies",70355,"Theory of Five Book by Melissa Verplank",389.5,"http://ecx.images-amazon.com/images/I/51xpkAJ8xnL._SY300_.jpg",786,3388.99,4.31
0977264815,"Pet Supplies",206215,"ABC's of Behavior Shaping; Proactive Behavior Management Seminar DVD Set",674.12,"http://ecx.images-amazon.com/images/I/51vwGj9qx4L._SY300_.jpg",845,2919.44,3.45
0983794812,"Pet Supplies",146463,"Pathway Cat Journal, Capture Your Memories, Pet Health and More",24.33,"http://ecx.images-amazon.com/images/I/511SAprcfcL._SY300_.jpg",812,2974.82,3.66
0983794804,"Pet Supplies",62710,"Pathway Dog Journal, Capture Your Memories, Pet Health and More",25.97,"http://ecx.images-amazon.com/images/I/51QpXl771fL._SY300_.jpg",200,750.49,3.75
1083812550,"Pet Supplies",242391,"Lees Wooden Air Diffuser 2&quot; Limewood 2/pk",7.99,"http://ecx.images-amazon.com/images/I/31125QPXZ7L.jpg",762,3151.62,4.14
1083813215,"Pet Supplies",300882,"Lees Under Gravel Filter - Rectangle 15 / 20 gal 12x24",19.99,"http://ecx.images-amazon.com/images/I/51SH8QSRC2L._SY300_.jpg",191,602.81,3.16
1083813210,"Pet Supplies",126396,"Lee`s Aquarium 10gal Undergravel Filter 10 X 20",13.13,"http://ecx.images-amazon.com/images/I/418Na%2BQKZfL._SX300_.jpg",534,2109.77,3.95
1223000893,"Pet Supplies",39514,"Cat Sitter DVD Trilogy - Vol 1, Vol 2 and Vol 3",29.5,"http://ecx.images-amazon.com/images/I/41yr4bswClL._SX300_.jpg",803,3721.52,4.63
1300451238,"Pet Supplies",244027,"Nutricalm Tuna Flavor Herbal Supplement for Dogs and Cats",11.99,"http://ecx.images-amazon.com/images/I/31B8iWyWYiL._SY300_.jpg",179,796.18,4.45
1300450991,"Pet Supplies",64429,"Puppy Booster Herbal Supplement for Dogs",11.99,"http://ecx.images-amazon.com/images/I/312ZZKvW1tL._SY300_.jpg",915,3601.55,3.94
1300451300,"Pet Supplies",370128,"Nice Coat Chicken Flavor Dog Herbal Supplement By Vetvittles.com",11.99,"http://ecx.images-amazon.com/images/I/31bKMuFAv-L._SY300_.jpg",743,3496.54,4.71
130045136X,"Pet Supplies",110002,"Power - Mune Chicken Flavor Dog Cat Herbal Supplement",11.99,"http://ecx.images-amazon.com/images/I/310pMsy6RRL._SY300_.jpg",611,2961.27,4.85
1300451505,"Pet Supplies",270587,"DOG Booster, Natural Row Food with Herbal Salad 2 Pound Size Sausage",568.09,"http://ecx.images-amazon.com/images/I/41zhxe66NGL._SY300_.jpg",319,1404.05,4.4
1300451122,"Pet Supplies",354404,"Allergy X Plus Tuna Flavor Pet Herbal Supplement From Vetvittles.com",11.99,"http://ecx.images-amazon.com/images/I/31IAP6Bh0kL._SY300_.jpg",129,511.68,3.97
1300451076,"Pet Supplies",89096,"Allergy X Plus Dog and Cat Herbal Supplement",11.99,"http://ecx.images-amazon.com/images/I/31WXw7Q0p8L._SY300_.jpg",562,2361.89,4.2
1300451092,"Pet Supplies",231504,"Kitten Booster Tuna Flavor Pet Herbal Supplement",11.99,"http://ecx.images-amazon.com/images/I/31VXd80moBL._SY300_.jpg",463,2053.19,4.43
1300451041,"Pet Supplies",283293,"Kitten Booster Cat Feline Herbal Supplement",11.99,"http://ecx.images-amazon.com/images/I/31XkDSLVKPL._SY300_.jpg",744,2698.43,3.63
1300451246,"Pet Supplies",63423,"Ez Flow Plus Chicken Flavor Pet Herbal Supplement",11.99,"http://ecx.images-amazon.com/images/I/31XkDSLVKPL._SY300_.jpg",357,1687.82,4.73
1300451335,"Pet Supplies",143229,"Nice Coat Tuna Flavor Pet Herbal Supplement",11.99,"http://ecx.images-amazon.com/images/I/31L5RWOn0GL._SY300_.jpg",359,1368.1,3.81
1300451181,"Pet Supplies",243741,"Nutricalm Chicken Flavor Pet Herbal Supplement Vetvittles.com",11.99,"http://ecx.images-amazon.com/images/I/41CtS%2BRSq1L._SY300_.jpg",551,1693.95,3.07
1300451491,"Pet Supplies",426891,"DOG Booster, Natural Row Food with Herbal Salad 2 Sausage",732.77,"http://ecx.images-amazon.com/images/I/41VbZ%2BNXwtL._SX300_.jpg",816,2983.88,3.66
1304793303,"Pet Supplies",366398,"Sport and Military Pet Suppment",13.99,"http://ecx.images-amazon.com/images/I/316SbqmubkL._SY300_.jpg",254,1067.78,4.2
1412717388,"Pet Supplies",124324,"WOOF Dog Photo Album",152.74,"http://ecx.images-amazon.com/images/I/41e9toCUnGL._SY300_.jpg",632,2134.06,3.38
1417084871,"Movies & TV",288196,"Dog Whisperer With Cesar Millan: The Complete First Season",15.13,"http://ecx.images-amazon.com/images/I/41nqJb-1T4L._SY300_.jpg",173,560.95,3.24
1427313369,"Pet Supplies",317825,"Paws for a Merry Christmas 20 Fine Art Christmas Cards",792.17,"http://ecx.images-amazon.com/images/I/41Ce8eY60jL._SX300_.jpg",305,1511.56,4.96
1576102742,"Pet Supplies",168377,"Photoshop 5 3D Textures F/X",57.24,"http://ecx.images-amazon.com/images/I/5191CTSH3ZL._SY300_.jpg",586,2116.12,3.61
1576104125,"Pet Supplies",216945,"Network+ Exam Prep",96.15,"http://ecx.images-amazon.com/images/I/51KKS8QP7FL._SY300_.jpg",501,2367.94,4.73
1576102831,"Pet Supplies",98429,"Visual Basic 6 Black Book",61.44,"http://ecx.images-amazon.com/images/I/51VG0RX2EQL._SY300_.jpg",906,4312.06,4.76
1576102734,"Pet Supplies",460470,"QuarkXpress 4 Enhanced",93.23,"http://ecx.images-amazon.com/images/I/51WYYFM5K3L._SY300_.jpg",963,3237.69,3.36
1576102939,"Pet Supplies",455536,"Photoshop 5 Enhanced",108.05,"http://ecx.images-amazon.com/images/I/51RMXKB95QL._SY300_.jpg",225,790.96,3.52
1576102807,"Pet Supplies",243585,"Windows 2000 Programming Black Book",100.36,"http://ecx.images-amazon.com/images/I/51MZM82JYKL._SY300_.jpg",939,3669.1,3.91
1590150007,"Pet Supplies",69397,"Dr. Becker's Premium Pack",45.5,"http://ecx.images-amazon.com/images/I/51TMnsR3miL._SY300_.jpg",179,625.97,3.5
1903499920,"Pet Supplies",116269,"Expand-A-Light Fixture - 15 - 24&quot;, 14 - 20 watt",42.99,"http://ecx.images-amazon.com/images/I/31FQ19SR8TL._SY300_.jpg",472,1621.13,3.43
1903492022,"Pet Supplies",62630,"System II Pre-Filter Sleeve 12/pk - 16 - 20&quot;",49.99,"http://ecx.images-amazon.com/images/I/210EDZAKWCL.jpg",163,608.92,3.74
1906492816,"Pet Supplies",131870,"Magnet &amp; Steel Caution Dog Running Free Plastic Sign",10.21,"http://ecx.images-amazon.com/images/I/51QhQrlCH3L._SY300_.jpg",401,1884.79,4.7
1906492832,"Pet Supplies",149477,"Magnet &amp; Steel Caution Guard Dogs Plastic Sign",12.23,"http://ecx.images-amazon.com/images/I/41mqHix9eCL._SY300_.jpg",493,2229.94,4.52
1906492905,"Pet Supplies",211154,"Magnet &amp; Steel Caution Guard Dogs Plastic Sign",11.05,"http://ecx.images-amazon.com/images/I/415NhKlHtxL._SX300_.jpg",605,2982.4,4.93
1906492433,"Pet Supplies",33928,"Magnet &amp; Steel Beware of The German Shepherd Plastic Sign",11.13,"http://ecx.images-amazon.com/images/I/51aOYPyyevL._SY300_.jpg",705,3368.96,4.78
1906492891,"Pet Supplies",56241,"Magnet &amp; Steel Please Close The Gate Plastic Sign",11.12,"http://ecx.images-amazon.com/images/I/41B3Pq60YmL._SY300_.jpg",645,2577.34,4.0
1906492883,"Pet Supplies",181487,"Magnet &amp; Steel Caution Dogs Running Free Plastic Sign",10.89,"http://ecx.images-amazon.com/images/I/416GA5byk5L._SY300_.jpg",241,958.86,3.98
1906492514,"Pet Supplies",89857,"Magnet &amp; Steel Beware of The Rottweiler Plastic Sign",10.94,"http://ecx.images-amazon.com/images/I/51ZHtfz2EDL._SY300_.jpg",159,533.93,3.36
1942007200,"Pet Supplies",65818,"Sera Micron Powered Food for Fry - .80 oz",4.24,"http://ecx.images-amazon.com/images/I/41Hu4m%2BUGcL._SY300_.jpg",683,2963.25,4.34
2272800023,"Pet Supplies",131677,"Reef One Biorb Algae Cleaning Pads X 3 40G",4.24,"http://ecx.images-amazon.com/images/I/31yUV0gf90L._SY300_.jpg",229,691.02,3.02
2272800024,"Pet Supplies",71421,"biOrb Airstone - 1 pack",3.99,"http://ecx.images-amazon.com/images/I/21Y0sA5xHrL._SY300_.jpg",338,1446.25,4.28
2272800020,"Pet Supplies",116831,"biOrb Light Bulb - 10 watt",13.13,"http://ecx.images-amazon.com/images/I/31ZFR3BA52L.jpg",712,3105.83,4.36
2272800022,"Pet Supplies",33923,"biOrb Ceramic Media",742.11,"http://ecx.images-amazon.com/images/I/31T7E4612AL._SY300_.jpg",175,824.26,4.71
2272800033,"Pet Supplies",66118,"BiOrbTM Service Kit",29.99,"http://ecx.images-amazon.com/images/I/41F4ssD2duL._SY300_.jpg",692,2867.99,4.14
2272800034,"Pet Supplies",240476,"biOrb Bubble Tube Guard",110.46,"http://ecx.images-amazon.com/images/I/314V5AJSKAL.jpg",504,2265.08,4.49
2272800025,"Pet Supplies",75859,"biOrb Cleaner Pump",8.95,"http://ecx.images-amazon.com/images/I/3106jMniDyL._SY300_.jpg",904,4306.79,4.76
2400370215,"Pet Supplies",197731,"Diamond Eye - 125 ml",42.2,"http://ecx.images-amazon.com/images/I/31E89N5FZKL.jpg",542,2526.61,4.66
2734888454,"Pet Supplies",48255,"Chicken Breast Tenders for Dogs 3 -1lb Tubs",35.95,"http://ecx.images-amazon.com/images/I/41MENSDR4EL.jpg",273,1042.53,3.82
3275610011,"Pet Supplies",30497,"Advantage for Dogs Over 55 lbs, 4 - 4.0 ml tubes",56.99,"http://ecx.images-amazon.com/images/I/61Xi-gVb-QL._SY300_.jpg",729,3598.64,4.94
4847651201,"Pet Supplies",259621,"Petrodex Enzymatic Beef Flavor Toothpaste for Dogs - 2.5 oz",22.84,"http://ecx.images-amazon.com/images/I/417VNG5DMZL._SY300_.jpg",774,3869.06,5.0
4847676011,"Pet Supplies",6424,"Natural Toothpaste - 2-1/2 oz.for dogs",6.83,"http://ecx.images-amazon.com/images/I/41RnSg%2ByFDL._SY300_.jpg",712,2205.2,3.1
6025002541,"Pet Supplies",75297,"X-Large 57&quot; 2-Door Camo Pet Playpen Dog Puppy Soft Exercise Kennel Crate Cage XL",143.8,"http://ecx.images-amazon.com/images/I/51gdKtz9%2BBL._SY300_.jpg",604,1954.07,3.24
6025002118,"Pet Supplies",101285,"45&quot;x45&quot;x24&quot; Medium Pet Dog Cat Playpen 2-Door Puppy Crate Cage Exercise Kennel",47.9,"http://ecx.images-amazon.com/images/I/31NC9D2e-PL.jpg",306,1026.84,3.36
6025002576,"Pet Supplies",55797,"New 33&quot; 2-Door 600D Oxford Dog Cat Guinea Pig Playpen Exercise Kennel Cage Crate",39.99,"http://ecx.images-amazon.com/images/I/51TZjdijJHL._SY300_.jpg",864,2949.13,3.41
6025002517,"Pet Supplies",10826,"57&quot;x57&quot;x37&quot; XL 2-Door Soft Pet Playpen Dog Puppy Exercise Crate Pen Kennel Blue",65.73,"http://ecx.images-amazon.com/images/I/51A2Pa5ETOL._SY300_.jpg",677,2543.62,3.76
6025002584,"Pet Supplies",40218,"Portable 33&quot; Dog Pet Cat Playpen Kennel Crate Cage Exercise Guinea Pig Puppy 33 inches Tent House",39.99,"http://ecx.images-amazon.com/images/I/51jjIYTTvJL._SY300_.jpg",241,1120.98,4.65
6025002096,"Pet Supplies",47418,"48&quot;x48&quot;x36&quot; 2-Door Large Pink Playpen Dog Cage Puppy Crate Soft Exercise Kennel",61.85,"http://ecx.images-amazon.com/images/I/41gXAiF0HwL.jpg",156,491.61,3.15
602500255X,"Pet Supplies",32144,"33x33x24&quot; Dog Cat Guinea Pig Pet 2-Door Playpen Run Puppy Soft Exercise Kennel",39.99,"http://ecx.images-amazon.com/images/I/51iimX6CpZL._SY300_.jpg",580,2404.28,4.15
6025002568,"Pet Supplies",126081,"33&quot; 2-Door Soft Pet Playpen Dog Guinea Pig Puppy Exercise Crate Pen Kennel Blue",46.18,"http://ecx.images-amazon.com/images/I/51nkoYf9RHL._SY300_.jpg",825,3574.0,4.33
6025002533,"Pet Supplies",37751,"57&quot; Pet Playpen X-Large Cage Exercise Crate Tent Puppy Dog Kennel Pink",68.9,"http://ecx.images-amazon.com/images/I/51Q3ZbCBdfL._SY300_.jpg",985,3656.49,3.71
602500207X,"Pet Supplies",118514,"48&quot;x48&quot;x36&quot; 2-Door Large Dog Playpen Blue Pet Puppy Tent Crate Exercise Kennel",54.89,"http://ecx.images-amazon.com/images/I/31NC9D2e-PL.jpg",710,2491.83,3.51
6041026557,"Pet Supplies",31177,"&quot;DEAF DOG&quot; White Color Coded Medium Vest Dog Harness (No/Limited Hearing) PREVENTS Accidents By Warning Others of Your Dog in Advance!",19.99,"http://ecx.images-amazon.com/images/I/51wW%2BVgvjML._SX300_.jpg",816,3641.99,4.46
6041026417,"Pet Supplies",93094,"&quot;NERVOUS&quot; Yellow Color Coded Small Vest Dog Harness (Maybe Unpredictable) PREVENTS Accidents By Warning Others of Your Dog in Advance!",19.99,"http://ecx.images-amazon.com/images/I/41Aqer8JvjL._SY300_.jpg",518,1884.19,3.64
6041026433,"Pet Supplies",148454,"&quot;TRAINING&quot; Blue Color Coded Small Vest Dog Harness (Do Not Disturb) PREVENTS Accidents By Warning Others of Your Dog in Advance!",19.99,"http://ecx.images-amazon.com/images/I/51UNrt1v8BL._SX300_.jpg",321,1589.32,4.95
6041026778,"Pet Supplies",41483,"&quot;BLIND DOG&quot; White Color Coded Medium Vest Dog Harness &amp; 4 Foot Leash Set (No/Limited Sight) PREVENTS Accidents By Warning Others of Your Dog in Advance!",33.99,"http://ecx.images-amazon.com/images/I/51b-oqjvXTL._SX300_.jpg",377,1243.32,3.3
6041026875,"Pet Supplies",95440,"&quot;TRAINING&quot; Blue Color Coded 4 Foot Dog Leash (Do Not Disturb) PREVENTS Accidents By Warning Others of Your Dog in Advance!",18.99,"http://ecx.images-amazon.com/images/I/31Lb7TBbIeL._SX300_.jpg",762,3466.8,4.55
6041026514,"Pet Supplies",32037,"&quot;NERVOUS&quot; Yellow Color Coded Medium Vest Dog Harness (Give Me Space) PREVENTS Accidents By Warning Others of Your Dog in Advance!",19.99,"http://ecx.images-amazon.com/images/I/51dqrL7BrGL._SY300_.jpg",903,3978.06,4.41
6041023973,"Pet Supplies",77572,"&quot;BLIND DOG&quot; White Color Coded Vest Dog Harness Or Sets (No/Limited Sight) PREVENTS Accidents By Warning Others of Your Dog in Advance!",19.99,"http://ecx.images-amazon.com/images/I/51XkJnqMRyL._SY300_.jpg",700,3036.02,4.34
6041026786,"Pet Supplies",141998,"&quot;CAUTION&quot; Red Color Coded Medium Vest Dog Harness &amp; 4 Foot Leash Set (Do Not Approach) PREVENTS Accidents By Warning Others of Your Dog in Advance!",33.99,"http://ecx.images-amazon.com/images/I/51Th8BbiSvL._SY300_.jpg",969,4034.25,4.16
6041026530,"Pet Supplies",56784,"&quot;TRAINING&quot; Blue Color Coded Medium Vest Dog Harness (Do Not Disturb) PREVENTS Accidents By Warning Others of Your Dog in Advance!",19.99,"http://ecx.images-amazon.com/images/I/51gMxqdc3IL._SX300_.jpg",818,3273.77,4.0
6041023000,"Pet Supplies",113470,"Color Coded Dog Leash PREVENTS Accidents By Warning Others of Your Dog in Advance! &quot;Caution, No Dogs, Friendly, Nervous, Blind Dog, Deaf Dog, Training, Working, Adopt Me, Do Not Feed&quot;",18.99,"http://ecx.images-amazon.com/images/I/31c7s6uEqBL._SX300_.jpg",560,1919.33,3.43
6041026042,"Pet Supplies",380570,"&quot;FRIENDLY&quot; Green Color Coded Dog Collar Leash OR Sets (Known As Friendly) PREVENTS Accidents By Warning Others of Your Dog in Advance!",19.99,"http://ecx.images-amazon.com/images/I/512DtIlX3VL._SX300_.jpg",315,1106.27,3.51
6041026158,"Pet Supplies",252827,"&quot;NERVOUS&quot; Yellow Color Coded Dog Collar Leash OR Sets (Give Me Space) PREVENTS Accidents By Warning Others of Your Dog in Advance!",19.99,"http://ecx.images-amazon.com/images/I/51QpUM1ZqXL._SX300_.jpg",159,628.2,3.95
6041026212,"Pet Supplies",248321,"&quot;BLIND DOG&quot; White Color Coded Dog Collar Leash Or Sets (No/Limited Sight) PREVENTS Accidents By Warning Others of Your Dog in Advance!",19.99,"http://ecx.images-amazon.com/images/I/41NF1cwkEtL._SX300_.jpg",308,987.1,3.2
6041027510,"Pet Supplies",65585,"&quot;DEAF DOG&quot; White Color Coded S-M Buckle Dog Collar (No/Limited Hearing) PREVENTS Accidents By Warning Others of Your Dog in Advance!",19.99,"http://ecx.images-amazon.com/images/I/41Vq9d6DnIL._SY300_.jpg",799,3440.4,4.31
6041027537,"Pet Supplies",88676,"&quot;CAUTION&quot; Red Color Coded S-M Buckle Dog Collar (Do Not Approach) PREVENTS Accidents By Warning Others of Your Dog in Advance!",19.99,"http://ecx.images-amazon.com/images/I/51b4xKjt8KL._SY300_.jpg",239,939.21,3.93
7576580800,"Pet Supplies",55908,"Kleenmaster Brillianize - 8 oz",8.99,"http://ecx.images-amazon.com/images/I/318ql1t3pIL.jpg",241,866.47,3.6
8029311600,"Pet Supplies",42824,"Suzies Tartar Liquid - 16 oz",20.99,"http://ecx.images-amazon.com/images/I/218VWHCPQ1L.jpg",556,2134.7,3.84
8029318100,"Pet Supplies",76776,"Suzies Tartar Liquid - 8 oz",15.99,"http://ecx.images-amazon.com/images/I/218VWHCPQ1L.jpg",268,945.44,3.53
8742238625,"Pet Supplies",226820,"Guardian Angel of Dog Angel Protection Pet Pewter Charm Dog Medal",745.19,"http://ecx.images-amazon.com/images/I/51qVi35Ea0L._SY300_.jpg",676,2447.59,3.62
9376674505,"Pet Supplies",222482,"Turkey Jerky for Dogs- 10 oz",11.89,"http://ecx.images-amazon.com/images/I/419D6T6X2ML.jpg",328,1053.11,3.21
0657745316,"Grocery & Gourmet Food",374004,"100 Percent All Natural Vanilla Extract",676.24,"http://ecx.images-amazon.com/images/I/41gFi5h0jYL._SY300_.jpg",579,2062.46,3.56
0700026444,"Grocery & Gourmet Food",620307,"Pure Darjeeling Tea: Loose Leaf",353.67,"http://ecx.images-amazon.com/images/I/51hs8sox%2BJL._SY300_.jpg",415,1618.33,3.9
141278509X,"Grocery & Gourmet Food",620322,"Archer Farms Strawberry Dragonfruit Drink Mix 8-0.16 Oz Packets",371.69,"http://ecx.images-amazon.com/images/I/51CFQIisucL._SY300_.jpg",826,2911.49,3.52
1453060375,"Grocery & Gourmet Food",268754,"Mio Energy Liquid Water Enhancer Black Cherry &amp; Green Thunder 1.62oz",11.99,"http://ecx.images-amazon.com/images/I/51EUsMcnVVL._SX300_.jpg",309,943.21,3.05
1453060464,"Grocery & Gourmet Food",221057,"Splash Energy Liquid Water Enhancer 24 Servings (Fantasy Fruit) 1.62 Oz 10 Pack",626.59,"http://ecx.images-amazon.com/images/I/51-y9QTWETL._SY300_.jpg",681,3231.32,4.74
1603112251,"Grocery & Gourmet Food",43972,"Cocktail Kingdom Wormwood Bitters - 5 oz",17.95,"http://ecx.images-amazon.com/images/I/41wokwTgjAL._SY300_.jpg",750,3167.09,4.22
1613170416,"Toys & Games",26935,"Evil Hat Productions Fate Dice: Winter Knight",14.05,"http://ecx.images-amazon.com/images/I/41Worg0yfaL._SY300_.jpg",312,1019.34,3.27
1837994021,"Grocery & Gourmet Food",457148,"Cadbury Dairy Milk Daim 120g",11.95,"http://ecx.images-amazon.com/images/I/41a47ZTuq1L._SY300_.jpg",927,4575.13,4.94
3301261876,"Grocery & Gourmet Food",107168,"Haribo Jelly Babies Gummy Sweets",25.0,"http://ecx.images-amazon.com/images/I/51Hh-%2BOW9NL._SY300_.jpg",655,2311.63,3.53
3295000018,"Grocery & Gourmet Food",35703,"Kiva Gourmet Smoked, Ghost Chili Pepper Powder (Bhut Jolokia) - Wide Mouth Jar",14.8,"http://ecx.images-amazon.com/images/I/41LsMz6S5oL._SY300_.jpg",324,1442.74,4.45
3621813330,"Grocery & Gourmet Food",235044,"Starburst Sour Chews 240g Bag",12.5,"http://ecx.images-amazon.com/images/I/41ou31A-AqL.jpg",567,1921.12,3.39
5463213682,"Grocery & Gourmet Food",39445,,17.99,"http://ecx.images-amazon.com/images/I/51wbu2oVJWL._SY300_.jpg",667,2252.71,3.38
5628754218,"Grocery & Gourmet Food",27229,"Iaso Tea Original By Total Life Changes and Dr. Miller, If You Buy Any Product on the TLC&acute;s You Get $10.00 Back for Each Product",633.01,"http://ecx.images-amazon.com/images/I/61KlZFA3-3L._SY300_.jpg",342,1530.11,4.47
6065555568,"Health & Personal Care",509663,"HERBALIFE ENERGY SUPPLEMENT LIFTOFF",59.95,"http://ecx.images-amazon.com/images/I/41qRmdMRjNL._SX300_.jpg",932,3207.12,3.44
6162362183,"Grocery & Gourmet Food",117648,"Nestle Koko Krunch Cereals with Whole Grain 25g",4.49,"http://ecx.images-amazon.com/images/I/41ZRFRAh32L.jpg",669,2572.6,3.85
616719923X,"Grocery & Gourmet Food",37305,"Japanese Kit Kat Maccha Green Tea Flavor (5 Bag) (4.91oz x 5)",640.07,"http://ecx.images-amazon.com/images/I/51LdEao6%2B8L._SX300_.jpg",265,996.82,3.76
6182055979,"Health & Personal Care",101388,"Sparkletts Distilled Water - 1 Gallon (3.78 L)",26.59,"http://ecx.images-amazon.com/images/I/31K-C-vafiL.jpg",143,515.92,3.61
7621000880,"Grocery & Gourmet Food",79423,"Starbucks Tribute Blend K-cups 4 Boxes of 12ct (48 Cups Total)",517.49,"http://ecx.images-amazon.com/images/I/51-ZifiTIGL._SX300_.jpg",635,2729.45,4.3
7621915358,"Grocery & Gourmet Food",88991,"Starbucks Casi Cielo K Cups 4 Boxes of 12ct (48ct Cups Total)",166.88,"http://ecx.images-amazon.com/images/I/51WUj8%2Bi2CL._SX300_.jpg",336,1046.42,3.11
7800648702,"Grocery & Gourmet Food",157258,"Garden Strawberry Wafers Exclusive Tin Box, 24.7-Ounce",484.36,"http://ecx.images-amazon.com/images/I/41v6xho9tHL._SY300_.jpg",747,3293.18,4.41
7801411242,"Grocery & Gourmet Food",440092,"Yunnan Longrun Pu-erh Mini tuochai-Golden Age(Year 2011, Fermented) 75g/ Tin",30.99,"http://ecx.images-amazon.com/images/I/4112sGKsToL._SY300_.jpg",341,1128.29,3.31
9177121791,"Grocery & Gourmet Food",276912,"IKEA - KN&Auml;CKEBR&Ouml;D FLERKORN Crispbread Multigrain",12.47,"http://ecx.images-amazon.com/images/I/41-tTomecxL._SY300_.jpg",709,3366.36,4.75
9178894018,"Grocery & Gourmet Food",349597,"IKEA - BRYGGKAFFE MELLANROST Decaffeinated Coffee (X1)",14.39,"http://ecx.images-amazon.com/images/I/41ZG8sdRzLL._SY300_.jpg",296,1292.15,4.37
9603971588,"Health & Personal Care",387209,"Dried Mountain Tea Of Crete (Malotira) 30gr (100% Natural)",13.99,"http://ecx.images-amazon.com/images/I/311eq5R%2B0xL._SY300_.jpg",506,1914.18,3.78
9742356831,"Grocery & Gourmet Food",3434,"Mae Ploy Thai Green Curry Paste - 14 oz jar",7.23,"http://ecx.images-amazon.com/images/I/41pQp67A7rL._SX300_.jpg",578,2364.11,4.09
9747503506,"Grocery & Gourmet Food",36993,"Chao Thai brand Coconut Cream Powder 13 oz box",13.98,"http://ecx.images-amazon.com/images/I/416Hap%2BGJKL.jpg",237,1063.83,4.49
9895514115,"Health & Personal Care",94230,"Holy Land Set 5in1 Olive Wood Cross Set with 3 Bottles - Oil, Jordan Water &amp; Holy Earth",5.0,"http://ecx.images-amazon.com/images/I/51dbpGdwMmL._SY300_.jpg",751,3534.6,4.71
AA42004001,"Grocery & Gourmet Food",612337,"Peggy Jean's Pies - All American 4 Pack",209.06,"http://ecx.images-amazon.com/images/I/31VDDFVFV5L.jpg",473,1613.4,3.41
B00000AE9S,"Music",277801,"Pure Country",6.99,"http://ecx.images-amazon.com/images/I/41DA28SDYHL.jpg",250,795.96,3.18
B00004S1C5,"Kitchen & Dining",4494,"Ateco Food Coloring Kit, 6 colors",9.76,"http://ecx.images-amazon.com/images/I/41F75K9FENL._SX300_.jpg",940,3093.57,3.29
B00004S1C6,"Grocery & Gourmet Food",12218,"Ateco 1112 12-Color Food Coloring Kit",19.2,"http://ecx.images-amazon.com/images/I/51W7N4BJ2BL._SY300_.jpg",130,464.42,3.57
B00004TBB0,"Grocery & Gourmet Food",31719,"Bengal Spice Tea - 20 - Bag",5.9,"http://ecx.images-amazon.com/images/I/51Q2WywrP3L._SX300_.jpg",754,2377.72,3.15
B00004Y5PN,"Kitchen & Dining",252327,"Fox Run Six Cell Halloween sugar-sprinklers",3.54,"http://ecx.images-amazon.com/images/I/410HTKR1EHL._SY300_.jpg",432,1845.71,4.27
B000052Y74,"Beauty",163651,"Dental Gum Biotene Dental Products 1 Pack",757.12,"http://ecx.images-amazon.com/images/I/21EGW63SE5L.jpg",829,3186.02,3.84
B0000531B7,"Grocery & Gourmet Food",2858,"PowerBar Harvest Energy Bars, Double Chocolate Crisp, 2.29-Ounce Bars (Pack of 15)",24.75,"http://ecx.images-amazon.com/images/I/519SuVj1tCL._SX300_.jpg",162,785.54,4.85
B0000532DJ,"Grocery & Gourmet Food",4595,"PowerBar Harvest Energy Bars, Peanut Butter Chocolate Chip, 2.29-Ounce Bars (Pack of 15)",15.79,"http://ecx.images-amazon.com/images/I/41vONmND%2BmL._SY300_.jpg",766,3528.68,4.61
B00005344V,"Grocery & Gourmet Food",5034,"Traditional Medicinals Breathe Easy, 16-Count Boxes (Pack of 6)",21.74,"http://ecx.images-amazon.com/images/I/51H54cd-v3L._SY300_.jpg",504,1760.58,3.49
B0000537KC,"Grocery & Gourmet Food",45574,"Genisoy Soy Protein Bars, Chocolate Fudge Brownie, 1.98-Ounce Bars 12-Count Boxes",14.29,"http://ecx.images-amazon.com/images/I/41eyGBkzcJL._SX342_.jpg",119,492.25,4.14
B0000537AF,"Health & Personal Care",132146,"PowerBar ProteinPlus High Protein Bar, Vanilla Yogurt, 2.75-Ounce Bars (Pack of 12)",632.75,"http://ecx.images-amazon.com/images/I/41pmuVriINL._SX300_.jpg",985,4737.6,4.81
B00005AS53,"Kitchen & Dining",346522,"Vacu Vin Coffee Saver Refill Container",457.31,"http://ecx.images-amazon.com/images/I/313AX4Z1QWL._SY300_.jpg",463,2037.11,4.4
B00005B12M,"Health & Personal Care",126394,"Carb Solutions High Protein Shake Mix, Creamy Vanilla (13.5 Ounces)",20.5,"http://ecx.images-amazon.com/images/I/31S9R3MYM1L.jpg",150,658.21,4.39
B00005BPQ9,"Grocery & Gourmet Food",77005,"Hershey's Whoppers Bag, 7-Ounce (Pack of 12)",21.89,"http://ecx.images-amazon.com/images/I/51%2B7SWIHmyL._SY300_.jpg",690,2605.49,3.78
B00005BPJO,"Grocery & Gourmet Food",138347,"Hershey's Milk Duds 5 oz",4.99,"http://ecx.images-amazon.com/images/I/41mQMd0YkLL._SY300_.jpg",997,3464.65,3.48
B00005C2M5,"Grocery & Gourmet Food",81971,"American Outdoor Products Freeze-Dried Astronaut, Strawberries (Pack of 10)",23.75,"http://ecx.images-amazon.com/images/I/51Vjg9-BU6L._SY300_.jpg",506,2390.17,4.72
B00005C2ZW,"Grocery & Gourmet Food",56193,"Peeps Marshmallow Chicks- 15 Count",6.75,"http://ecx.images-amazon.com/images/I/41TVZsKLH1L._SX300_.jpg",213,965.83,4.53
B00005C2JE,"Grocery & Gourmet Food",20304,"Jolly Rancher Jelly Beans Bag, 14 oz",6.5,"http://ecx.images-amazon.com/images/I/51gUr8lbIcL._SX300_.jpg",444,1887.83,4.25
B00005IX98,"Grocery & Gourmet Food",68402,"Espressione Decaffeinated Coffee, 150-Count Pods",71.51,"http://ecx.images-amazon.com/images/I/51wPtyYuxjL._SX300_.jpg",641,1987.24,3.1
B00005IX97,"Grocery & Gourmet Food",13615,"Espressione 100% Arabica Coffee, 150-Count Pods",78.41,"http://ecx.images-amazon.com/images/I/51CXcgNnsNL._SX300_.jpg",515,1738.47,3.38
B00005IX96,"Grocery & Gourmet Food",51656,"Espressione Classic Espresso, 150-Count Pods",67.05,"http://ecx.images-amazon.com/images/I/61ppjzEa1yL._SX342_.jpg",279,873.52,3.13
B00005MOY3,"Toys & Games",810375,"Pez Fuzzy Friends",2.0,"http://ecx.images-amazon.com/images/I/51axKv4wKhL._SY300_.jpg",416,1960.44,4.71
B00005NTR2,"Music",776805,"Whole Lotta Lovin",8.72,"http://ecx.images-amazon.com/images/I/21SV0SQE5GL.jpg",162,714.01,4.41
B00005REBJ,"Grocery & Gourmet Food",449953,"Halls Drops, Triple Soothing Action, Cherry, 80-Count Drops (Pack of 4)",544.86,"http://ecx.images-amazon.com/images/I/31GW15G1HJL.jpg",817,2860.19,3.5
B0000631X2,"Grocery & Gourmet Food",278914,"Jelly Belly Gummi Dinosaur, 1.75-Ounce Packages (Pack of 24)",39.99,"http://ecx.images-amazon.com/images/I/41YVD6M27SL._SY300_.jpg",396,1626.51,4.11
B000063D0C,"Grocery & Gourmet Food",4650,"Babys Only Soy Organic Toddler Formula, 12.7-Ounce Canister",12.59,"http://ecx.images-amazon.com/images/I/51qrPwSeJTL._SY300_.jpg",808,3506.83,4.34
B000063D0D,"Health & Personal Care",32364,"Baby's Only Toddler Formula, 12.7 oz",16.05,"http://ecx.images-amazon.com/images/I/51x2HExjRYL._SY300_.jpg",738,3572.86,4.84
B0000691JF,"Health & Personal Care",343081,"Trident White Sugarless Gum, Wintergreen, 12-12 Piece Packs (144 Pieces Per Box!)",13.99,"http://ecx.images-amazon.com/images/I/519iM51lQgL._SX300_.jpg",997,3203.35,3.21
B000069KQW,"Grocery & Gourmet Food",148898,"Stonewall Kitchen Roasted Garlic Onion Jam, 13 Oz.",7.95,"http://ecx.images-amazon.com/images/I/41IX8zSh8aL._SX300_.jpg",465,1554.45,3.34
B00006FE1Y,"Health & Personal Care",1250315,"Enfamil Advanced Formula with Iron, Powder (14.3 Ounces)",530.86,"http://ecx.images-amazon.com/images/I/5116yrDKTtL._SY300_.jpg",937,3860.42,4.12
B00006G930,"Grocery & Gourmet Food",21050,"Wilton Ready To Use Decorator Icing, White",2.59,"http://ecx.images-amazon.com/images/I/51t2jd2szML._SY300_.jpg",644,2383.07,3.7
B00006G92S,"Grocery & Gourmet Food",80557,"Wilton Primary Icing Colors, Set of 4",5.96,"http://ecx.images-amazon.com/images/I/51cHGY2cbyL._SY300_.jpg",959,3286.3,3.43
B00006IDK2,"Grocery & Gourmet Food",238024,"Nabisco Life Savers(R), 5 Flavors, 6.25 Oz. Bag",2.32,"http://ecx.images-amazon.com/images/I/515QKYXSJAL._SY300_.jpg",920,3928.82,4.27
B00006IDK9,"Grocery & Gourmet Food",99942,"Pirouline Rolled Wafers, Chocolate Hazelnut, 14-Ounce Tins (Pack of 6)",25.8,"http://ecx.images-amazon.com/images/I/51UE87dx9WL._SY300_.jpg",453,1899.25,4.19
B00006IDJR,"Grocery & Gourmet Food",332871,"Sweet -N Low(R) Packets, Box Of 400",9.93,"http://ecx.images-amazon.com/images/I/51PDZZSV1ZL._SY300_.jpg",899,3518.27,3.91
B00006IDJU,"Grocery & Gourmet Food",37094,"Coffee-Mate(R) Individual Nondairy Creamers, French Vanilla, Box Of 50",7.18,"http://ecx.images-amazon.com/images/I/51q4DjcCOjL._SY300_.jpg",716,2255.44,3.15
B00006IDJZ,"Grocery & Gourmet Food",470909,"Soy Nondairy Creamer, 12 Oz. Canisters, Pack Of 3",5.34,"http://ecx.images-amazon.com/images/I/61J0SWXAD0L._SX300_.jpg",796,3683.62,4.63
B00006JZTV,"Toys & Games",561531,"Nintendo Gameboy Advance Gummy Candy Container featuring Mario, Donkey Kong, Legend of Zelda, and More (One Random Color)",639.51,"http://ecx.images-amazon.com/images/I/318HHL0hIyL.jpg",339,1492.81,4.4
B00006LHAU,"Grocery & Gourmet Food",273698,"Splenda Sweetener Packets, Box Of 100",690.71,"http://ecx.images-amazon.com/images/I/51DlvFgz4%2BL._SY300_.jpg",539,1645.97,3.05
B000077W1Q,"Home &amp; Kitchen",3194217,"Wine Country Ghirardelli Gift Basket",67.81,"http://ecx.images-amazon.com/images/I/51EN83A3HML._SX300_.jpg",502,1900.35,3.79
B00008435O,"Grocery & Gourmet Food",12470,"Yeast Garlic Wafer 160 Tablets",12.58,"http://ecx.images-amazon.com/images/I/413w4hE02LL._SY300_.jpg",139,445.32,3.2
B000089D9T,"Grocery & Gourmet Food",82089,"Coffee-Mate(R) Individual Nondairy Creamers, Regular, Box Of 50",1.48,"http://ecx.images-amazon.com/images/I/41VJAWD4l1L._SY300_.jpg",462,1447.74,3.13
B00008CQRK,"Grocery & Gourmet Food",9053,"Douwe Egberts Aroma Rood Ground Coffee, 8.8-Ounce Package",10.12,"http://ecx.images-amazon.com/images/I/41wX0kUs7LL._SY300_.jpg",495,2072.26,4.19
B00008PC2B,"Health & Personal Care",598474,"Isomil Advance Soy Formula Powder with Iron, Value Size, 25.7 Ounces (1LB 9.7oz)",376.16,"http://ecx.images-amazon.com/images/I/518PPZ992VL._SY300_.jpg",448,1397.84,3.12
B00008RCM0,"Health & Personal Care",1293504,"Altoids, Peppermint (24 Tins)",146.06,"http://ecx.images-amazon.com/images/I/51TDXWWC9KL._SX300_.jpg",129,553.53,4.29
0078764343,"Video Games",28655,,37.98,"http://ecx.images-amazon.com/images/I/513h6dPbwLL._SY300_.jpg",551,2586.33,4.69
043933702X,"Video Games",44080,,23.5,"http://ecx.images-amazon.com/images/I/61KKRndV2OL._SX300_.jpg",255,836.08,3.28
0439339987,"Video Games",49836,,8.95,"http://ecx.images-amazon.com/images/I/416QZg89p7L.jpg",596,2509.68,4.21
0439342260,"Video Games",49156,,653.25,"http://ecx.images-amazon.com/images/I/61Wvu-Uj7OL._SL500_SX300_.jpg",115,387.1,3.37
0439339960,"Video Games",52262,,610.63,"http://ecx.images-amazon.com/images/I/51k3oRCFscL._SX300_.jpg",883,4267.04,4.83
0439374391,"Video Games",59834,,20.0,"http://ecx.images-amazon.com/images/I/21MTRNJYKGL.jpg",424,1483.93,3.5
0439394422,"Video Games",36531,,12.96,"http://ecx.images-amazon.com/images/I/51Zx2bIwWcL._SX300_.jpg",121,449.71,3.72
043940133X,"Video Games",17910,,30.0,"http://ecx.images-amazon.com/images/I/51Gh39kqFiL._SY300_.jpg",958,4232.3,4.42
0439573947,"Video Games",42130,,10.79,"http://ecx.images-amazon.com/images/I/514%2B24MovDL._SY300_.jpg",606,2097.66,3.46
0439591295,"Video Games",12108,,676.49,"http://ecx.images-amazon.com/images/I/51XQ-nAMkQL._SX300_.jpg",435,2006.75,4.61
0439591368,"Video Games",7367,,19.95,"http://ecx.images-amazon.com/images/I/61%2B6J6GfceL._SX300_.jpg",168,635.24,3.78
0439591538,"Video Games",35302,,8.99,"http://ecx.images-amazon.com/images/I/51%2BseFjWF3L._SX300_.jpg",519,1946.47,3.75
0439671418,"Video Games",51360,,89.99,"http://ecx.images-amazon.com/images/I/61hB6Jks6-L._SX300_.jpg",407,1230.3,3.02
0439715571,"Video Games",18693,,222.83,"http://ecx.images-amazon.com/images/I/51NRYTZTXNL._SY300_.jpg",590,1927.71,3.27
0439773660,"Video Games",44476,,11.89,"http://ecx.images-amazon.com/images/I/81vlt5qyXAL._SL500_SY300_.png",264,1255.59,4.76
0439862108,"Video Games",68816,,707.76,"http://ecx.images-amazon.com/images/I/51teXB5bezL._SX300_.jpg",983,4440.44,4.52
0439900581,"Video Games",52825,,19.99,"http://ecx.images-amazon.com/images/I/41P9D81R8kL.jpg",414,1860.21,4.49
0545076412,"Video Games",55546,,39.99,"http://ecx.images-amazon.com/images/I/41CQQPbp-nL.jpg",144,464.66,3.23
0545112141,"Video Games",87995,,543.94,"http://ecx.images-amazon.com/images/I/419w2WGdtDL._SL500_.jpg",459,2163.02,4.71
0545115507,"Video Games",15859,,21.99,"http://ecx.images-amazon.com/images/I/616G6KlWkkL._SL500_SX300_.jpg",570,1934.93,3.39
0669524425,"Video Games",17849,,12.45,"http://ecx.images-amazon.com/images/I/41zi%2BEOq56L._SY300_.jpg",877,3712.74,4.23
0669524115,"Video Games",4327,,12.45,"http://ecx.images-amazon.com/images/I/411sh4ItlzL._SY300_.jpg",497,2321.11,4.67
0671317091,"Video Games",52684,,12.5,"http://ecx.images-amazon.com/images/I/51iFNnzZImL._SY300_.jpg",726,3319.66,4.57
0700026649,"Video Games",38648,,10.88,"http://ecx.images-amazon.com/images/I/510temxWgkL._SY300_.jpg",346,1322.39,3.82
0700026657,"Video Games",7621,,39.99,"http://ecx.images-amazon.com/images/I/51R06L8cjnL._SY300_.jpg",556,2476.25,4.45
0700099867,"Video Games",6629,,246.63,"http://ecx.images-amazon.com/images/I/41xSe3SpJPL.jpg",101,365.09,3.61
0700026355,"Video Games",17334,,32.48,"http://ecx.images-amazon.com/images/I/418ieIvmITL.jpg",794,3439.77,4.33
0758534531,"Video Games",36605,,15.5,"http://ecx.images-amazon.com/images/I/418VCRJHJYL.jpg",624,2449.31,3.93
0970154097,"Video Games",51782,,299.95,"http://ecx.images-amazon.com/images/I/315NQCR3u4L.jpg",629,2982.82,4.74
0974696153,"Video Games",74586,,531.76,"http://ecx.images-amazon.com/images/I/512wtN5%2BE%2BL._SY300_.jpg",723,3304.23,4.57
0977368521,"Video Games",76486,,561.99,"http://ecx.images-amazon.com/images/I/516sI9reoXL._SY300_.jpg",535,2509.57,4.69
0977710432,"Video Games",74150,,239.54,"http://ecx.images-amazon.com/images/I/51B0HIXIIzL._SY300_.jpg",531,1752.7,3.3
1414311583,"Video Games",38080,,5.0,"http://ecx.images-amazon.com/images/I/510tgFCq3YL._SY300_.jpg",624,2342.86,3.75
1418516805,"Video Games",40142,,59.95,"http://ecx.images-amazon.com/images/I/61S386E99FL._SY300_.jpg",778,2542.77,3.27
1557556741,"Video Games",61369,,27.64,"http://ecx.images-amazon.com/images/I/41TaIYT%2BrML.jpg",764,2853.38,3.73
1558843477,"Video Games",56174,,462.74,"http://ecx.images-amazon.com/images/I/41HClAKtPvL._SY300_.jpg",348,1599.16,4.6
1572644516,"Video Games",118811,,707.54,"http://ecx.images-amazon.com/images/I/31q%2BrF79ihL.jpg",726,3518.97,4.85
1574571931,"Toys & Games",594770,"Rifts RPG: The Rifter&reg; #56",9.55,"http://ecx.images-amazon.com/images/I/41r7cYfcPEL.jpg",709,2796.01,3.94
1594590133,"Toys & Games",244010,"Kingdoms of Kalamar Dungeon Master's Shield",739.86,"http://ecx.images-amazon.com/images/I/61WZY52E7PL._SY300_.jpg",580,2651.6,4.57
1597461156,"Video Games",40259,,18.99,"http://ecx.images-amazon.com/images/I/51SDisbnx%2BL._SX300_.jpg",511,2359.38,4.62
1597461261,"Video Games",70698,,233.53,"http://ecx.images-amazon.com/images/I/61RSHi7dV6L._SX300_.jpg",968,3246.76,3.35
1597461105,"Video Games",58224,,7.0,"http://ecx.images-amazon.com/images/I/61fY1ZGbK0L._SX300_.jpg",110,370.9,3.37
1613170785,"Toys & Games",135854,"Fate Freeport Companion",15.48,"http://ecx.images-amazon.com/images/I/61suElxJE1L._SY300_.jpg",812,3142.29,3.87
1616614765,"Toys & Games",54641,"The Enemy Within: A Campaign for Warhammer Fantasy Roleplay",33.96,"http://ecx.images-amazon.com/images/I/51Vh6ySzP8L._SY300_.jpg",137,534.62,3.9
188650301X,"Video Games",77444,,314.76,"http://ecx.images-amazon.com/images/I/41zVXAzzp4L._SY300_.jpg",614,3003.25,4.89
1886846790,"Video Games",85752,,32.95,"http://ecx.images-amazon.com/images/I/51MEX1PM7JL._SY300_.jpg",657,3038.91,4.63
1886846774,"Software",14861,,59.95,"http://ecx.images-amazon.com/images/I/51ly0a62kJL._SX300_.jpg",980,3059.26,3.12
1886846782,"Video Games",53380,,22.95,"http://ecx.images-amazon.com/images/I/513WV2AHESL._SY300_.jpg",360,1178.02,3.27
1886846758,"Video Games",77044,,15.58,"http://ecx.images-amazon.com/images/I/513JVCQW1VL._SY300_.jpg",367,1445.87,3.94
1886846766,"Video Games",61637,,28.97,"http://ecx.images-amazon.com/images/I/51SFXSMZYWL._SY300_.jpg",666,2412.81,3.62
1888449543,"Video Games",38481,,6.99,"http://ecx.images-amazon.com/images/I/51JEIAcJsVL._SY300_.jpg",877,3088.87,3.52
1894353226,"Video Games",49957,,49.0,"http://ecx.images-amazon.com/images/I/41CXCyhcpmL._SX300_.jpg",102,334.83,3.28
1894353099,"Video Games",35226,,19.0,"http://ecx.images-amazon.com/images/I/41NkwPBFCML._SX300_.jpg",104,344.96,3.32
3815864844,"Software",10839,,2.0,"http://ecx.images-amazon.com/images/I/61DlMrRdwNL._SY300_.jpg",661,2495.92,3.78
3828770193,"Video Games",16207,,3.99,"http://ecx.images-amazon.com/images/I/51g8-AYPQwL._SX300_.jpg",570,1715.65,3.01
3866811659,"Software",12517,,32.27,"http://ecx.images-amazon.com/images/I/41wRSaY4KJL._SY300_.jpg",121,403.79,3.34
3898740579,"Video Games",90707,,19.99,"http://ecx.images-amazon.com/images/I/61H2ZAC0TSL._SX300_.jpg",423,2020.16,4.78
3937549064,"Video Games",13547,,29.99,"http://ecx.images-amazon.com/images/I/51x7C-SNiVL._SY300_.jpg",966,3261.86,3.38
393731704X,"Video Games",86067,,305.56,"http://ecx.images-amazon.com/images/I/31lo5whB5NL.jpg",463,1668.25,3.6
5293009893,"Video Games",30735,,59.99,"http://ecx.images-amazon.com/images/I/41hmwofup0L._SY300_.jpg",730,2483.05,3.4
6050036071,"Video Games",1673,,39.99,"http://ecx.images-amazon.com/images/I/31Sr03gbdOL._SY300_.jpg",328,1420.62,4.33
7100027950,"Video Games",12852,,105.63,"http://ecx.images-amazon.com/images/I/41Sf7in3mUL._SY300_.jpg",423,2087.13,4.93
7108019833,"Video Games",82652,,49.99,"http://ecx.images-amazon.com/images/I/41pQMHamzIL.jpg",853,2903.54,3.4
7115127026,"Video Games",33413,,39.99,"http://ecx.images-amazon.com/images/I/512tnikwK%2BL._SY300_.jpg",997,3612.5,3.62
7108013096,"Video Games",47387,,59.99,"http://ecx.images-amazon.com/images/I/21FgtPuJr6L.jpg",330,1226.99,3.72
7293000928,"Video Games",43233,,10.99,"http://ecx.images-amazon.com/images/I/41Ll0JSVV2L._SY300_.jpg",321,1277.97,3.98
7293000936,"Video Games",16102,,6.05,"http://ecx.images-amazon.com/images/I/41FskDVPabL._SY300_.jpg",584,2100.37,3.6
7306024310,"Video Games",121508,,541.69,"http://ecx.images-amazon.com/images/I/51Jrm%2Brq13L._SX300_.jpg",210,837.99,3.99
7505728083,"Video Games",23287,,125.83,"http://ecx.images-amazon.com/images/I/61Y0KnJPZcL._SX300_.jpg",317,1418.92,4.48
7532724301,"Video Games",84905,,68.04,"http://ecx.images-amazon.com/images/I/41Q4tB8TBKL._SX300_.jpg",438,1590.59,3.63
7537823413,"Video Games",46536,,47.99,"http://ecx.images-amazon.com/images/I/41NNrIiuZeL.jpg",917,3094.75,3.37
7539908920,"Video Games",43002,,26.99,"http://ecx.images-amazon.com/images/I/41l-cKd9ZbL.jpg",478,2370.11,4.96
7543450933,"Video Games",7365,,12.0,"http://ecx.images-amazon.com/images/I/51Yb-ZZ932L._SY300_.jpg",487,1919.3,3.94
7542614444,"Video Games",113128,,29.89,"http://ecx.images-amazon.com/images/I/41dYCYn0QjL.jpg",137,483.11,3.53
7540727705,"Video Games",68165,,332.76,"http://ecx.images-amazon.com/images/I/511QAelcazL._SY300_.jpg",293,918.22,3.13
7561321074,"Video Games",13892,,24.99,"http://ecx.images-amazon.com/images/I/41HcUNxxmrL._SX300_.jpg",741,3586.77,4.84
7800286169,"Video Games",20192,,105.63,"http://ecx.images-amazon.com/images/I/51yDfbfPqEL._SX300_.jpg",223,803.47,3.6
7800405761,"Video Games",63404,,42.99,"http://ecx.images-amazon.com/images/I/31GO9bqGXnL.jpg",320,1279.34,4.0
7900085653,"Video Games",88859,,747.47,"http://ecx.images-amazon.com/images/I/41uyIvoBGmL.jpg",274,980.89,3.58
8176503290,"Video Games",18169,,49.99,"http://ecx.images-amazon.com/images/I/51hHQGx-QNL._SY300_.jpg",328,1342.46,4.09
8565000168,"Video Games",30186,,10.49,"http://ecx.images-amazon.com/images/I/41VrOAs-W%2BL._SX300_.jpg",977,3449.14,3.53
8990289440,"Software",5838,,8.44,"http://ecx.images-amazon.com/images/I/51FQ4JGZKXL._SY300_.jpg",906,3159.37,3.49
8990289432,"Video Games",38032,,29.99,"http://ecx.images-amazon.com/images/I/516swidWg-L._SY300_.jpg",632,2340.67,3.7
9056560190,"Video Games",44872,,31.55,"http://ecx.images-amazon.com/images/I/51kzolypBUL._SY300_.jpg",634,1999.67,3.15
9078439122,"Video Games",48697,,10.0,"http://ecx.images-amazon.com/images/I/51Pcsnui4YL._SY300_.jpg",721,2952.13,4.09
907843905X,"Video Games",15480,,10.0,"http://ecx.images-amazon.com/images/I/51Sqjzg%2BIaL._SY300_.jpg",483,2075.78,4.3
9081335219,"Video Games",69629,,63.99,"http://ecx.images-amazon.com/images/I/51xWufbGUjL._SY300_.jpg",617,1901.36,3.08
9573499126,"Video Games",54667,,208.38,"http://ecx.images-amazon.com/images/I/31p2tLKMP0L._SY300_.jpg",534,2035.07,3.81
0000143561,"Movies & TV",376041,"Everyday Italian (with Giada de Laurentiis), Volume 1 (3 Pack): Italian Classics, Parties, Holidays",12.99,"http://g-ecx.images-amazon.com/images/G/01/x-site/icons/no-img-sm._CB192198896_.gif",249,921.48,3.7
0000143529,"Movies & TV",463562,"My Fair Pastry (Good Eats Vol. 9)",19.99,"http://ecx.images-amazon.com/images/I/51QY79CDfjL._SY300_.jpg",671,2875.68,4.29
0000143502,"Movies & TV",467172,"Rise and Swine (Good Eats Vol. 7)",62.51,"http://ecx.images-amazon.com/images/I/51NQ%2B7AMXpL._SY300_.jpg",771,2924.04,3.79
0000143588,"Movies & TV",309405,"Barefoot Contessa (with Ina Garten), Entertaining With Ina Vol. 2 (3 Pack): Brunch 'n' Lunch, Picnic Parties, Summer Entertaining",9.15,"http://ecx.images-amazon.com/images/I/51-qpMfgseL._SY300_.jpg",715,3330.25,4.66
0001517791,"Movies & TV",557724,"Praise Aerobics [VHS]",147.44,"http://ecx.images-amazon.com/images/I/51T8Q9BG42L._SY300_.jpg",891,2834.99,3.18
0001516035,"Movies & TV",435882,"Worship with Don Moen [VHS]",19.99,"http://g-ecx.images-amazon.com/images/G/01/x-site/icons/no-img-sm._CB192198896_.gif",314,1173.17,3.74
0001501348,"Movies & TV",359265,"Lift Him Up With Ron Kenoly [VHS]",692.02,"http://ecx.images-amazon.com/images/I/412JH6CMZ5L._SY300_.jpg",998,4830.16,4.84
0000791156,"Movies & TV",350631,"Spirit Led-Moving By Grace In The Holy Spirit's Gifts",13.62,"http://ecx.images-amazon.com/images/I/41VOn2LBVJL.jpg",889,3405.05,3.83
0001485423,"Movies & TV",347723,"The Life of Sister Faustina: The Apostle of Divine Mercy [VHS]",491.48,"http://ecx.images-amazon.com/images/I/41kas0C4vbL._SY300_.jpg",891,3775.05,4.24
0001526863,"Movies & TV",251847,"Steve Green: Hide 'em in Your Heart: 13 Bible Memory Music Videos for Children of All Ages [VHS]",287.13,"http://ecx.images-amazon.com/images/I/519MDYK5C1L._SY300_.jpg",663,2412.34,3.64
0005019222,"Movies & TV",647193,"Waltons the Homecoming [VHS]",795.84,"http://ecx.images-amazon.com/images/I/31pB0lbU3UL.jpg",155,518.53,3.35
0005097258,"Movies & TV",420051,"Holy Ground: Moments of Worship and Praise [VHS]",9.95,"http://ecx.images-amazon.com/images/I/51lwtdFTwxL._SY300_.jpg",777,2542.49,3.27
0005048524,"Movies & TV",816828,"Dinosaurs and the Bible (Creation Science Evangelism: Creation Seminar Series, Seminar Part 3) [VHS]",16.35,"http://ecx.images-amazon.com/images/I/41k27Y0HnCL.jpg",170,730.25,4.3
0005114349,"Movies & TV",761389,"Christmas is [VHS]",4.49,"http://ecx.images-amazon.com/images/I/51TNXK4JXSL._SY300_.jpg",200,775.71,3.88
0005055121,"Movies & TV",476089,"50 Years of Thorns and Roses [VHS]",157.91,"http://ecx.images-amazon.com/images/I/518M96nvjtL._SY300_.jpg",786,2541.42,3.23
0005123909,"Movies & TV",451209,"Silly Songs: 18 Wholesome Fun Songs for Kids [VHS]",29.98,"http://ecx.images-amazon.com/images/I/41K31EWEQQL._SY300_.jpg",147,679.17,4.62
0005089549,"Movies & TV",504929,"Cathedral Quartet: A Reunion [VHS]",795.31,"http://ecx.images-amazon.com/images/I/4121RW29FGL._SY300_.jpg",382,1278.69,3.35
0005119367,"Movies & TV",408295,"Joseph [VHS]",6.88,"http://ecx.images-amazon.com/images/I/51PfmPOPSqL._SY300_.jpg",589,2424.22,4.12
0005097231,"Movies & TV",611961,"Jus Jake [VHS]",16.98,"http://ecx.images-amazon.com/images/I/514SYBD88GL._SY300_.jpg",417,1897.86,4.55
0005054885,"Movies & TV",922663,"Passion According to Luke [VHS]",38.89,"http://g-ecx.images-amazon.com/images/G/01/x-site/icons/no-img-sm._CB192198896_.gif",409,1526.35,3.73
0005134188,"Movies & TV",363858,"Toddler Tunes [VHS]",17.99,"http://ecx.images-amazon.com/images/I/51R9WN976VL._SY300_.jpg",575,1849.45,3.22
0005019281,"Movies & TV",508334,"An American Christmas Carol [VHS]",34.88,"http://ecx.images-amazon.com/images/I/51EN601NABL._SY300_.jpg",671,2963.73,4.42
0005092663,"Movies & TV",471193,"A NATION ADRIFT  A Chronicle of America's Providential Heritage [VHS]",15.99,"http://ecx.images-amazon.com/images/I/718NVBSDZPL._SY300_.gif",402,1657.28,4.12
0005419263,"Movies & TV",390213,"Steve Green: Hide 'em in Your Heart Volume 2: 13 Bible Memory Music Videos for Children [VHS]",5.0,"http://ecx.images-amazon.com/images/I/514XRKEMRCL._SY300_.jpg",298,1088.16,3.65
0005200288,"Movies & TV",183133,"Walk Where Jesus Walked: A Life-Changing Visit to Israel - A Video Seminar Featuring Jack Hayford (Special TBN Edition) [VHS]",12.95,"http://ecx.images-amazon.com/images/I/51HMC0MJ0ZL._SY300_.jpg",311,1375.64,4.42
0005452287,"Movies & TV",475950,"Rejoice Africa [VHS]",25.0,"http://ecx.images-amazon.com/images/I/51VMY1JYQCL._SY300_.jpg",516,1683.59,3.26
0005257891,"Movies & TV",738164,"Breaking Intimidation: How to Overcome Fear and Release the Gifts of God in Your Life [VHS]",223.48,"http://ecx.images-amazon.com/images/I/51br2pmxZbL._SY300_.jpg",323,1430.22,4.43
0005445825,"Movies & TV",544159,"UFOs : The Hidden Truth [VHS]",25.0,"http://ecx.images-amazon.com/images/I/41CDKYS83XL._SY300_.jpg",668,2763.65,4.14
0005059836,"Movies & TV",570349,"Homecoming Kids Camp Out with Poster [VHS]",25.13,"http://ecx.images-amazon.com/images/I/51FIfkzeT6L._SY300_.jpg",558,2492.28,4.47
0006588204,"Movies & TV",203203,"Exercise for Life: The Video [VHS]",707.13,"http://ecx.images-amazon.com/images/I/41WKKB29T3L._SY300_.jpg",441,2155.82,4.89
0006886558,"Movies & TV",227558,"Stormie Omartian's First Step [VHS]",181.84,"http://ecx.images-amazon.com/images/I/41XR060Z96L._SY300_.jpg",513,2332.85,4.55
0011528230,"Movies & TV",813209,"Humor in Recovery by Father Joseph Martin DVD",417.04,"http://ecx.images-amazon.com/images/I/31Js%2BPz888L.jpg",518,1738.23,3.36
0012175447,"Movies & TV",268611,"DVD-Cedarmont Kids: Gospel Bible Songs",10.0,"http://ecx.images-amazon.com/images/I/41AZut1dxCL._SY300_.jpg",219,1006.53,4.6
0073213071,"Movies & TV",938862,"Hemispheres 3 DVD",649.24,"http://ecx.images-amazon.com/images/I/414g-W7A8wL._SY300_.jpg",176,676.49,3.84
0073259152,"Movies & TV",385340,"Bien vu bien dit DVD",120.97,"http://ecx.images-amazon.com/images/I/41MnEK6ujXL._SY300_.jpg",368,1564.26,4.25
0073291404,"Movies & TV",271462,"Paul Solman Videos DVD",26.27,"http://ecx.images-amazon.com/images/I/41oJ1TEdovL._SY300_.jpg",300,1213.83,4.05
0073325570,"Movies & TV",281540,"DVD program to accompany Puntos de partida: An Invitation to Spanish",505.64,"http://ecx.images-amazon.com/images/I/51FFbCTWOlL._SY300_.jpg",770,3541.61,4.6
0073378208,"Movies & TV",13809,"Anatomy &amp; Physiology Revealed Version 3.0 DVD",41.94,"http://ecx.images-amazon.com/images/I/51yQJosuxjL._SY300_.jpg",443,1611.42,3.64
0077270444,"Movies & TV",443841,"DVD t/a Avanti!",175.38,"http://ecx.images-amazon.com/images/I/51TpOAVrWzL._SY300_.jpg",772,3176.94,4.12
0077479637,"Movies & TV",382308,"ONMUSIC APPRECIATION 3.0",65.75,"http://g-ecx.images-amazon.com/images/G/01/x-site/icons/no-img-sm._CB192198896_.gif",296,1413.72,4.78
0078296757,"Movies & TV",488329,"Dinah Zike's Teaching Math with Foldables",615.46,"http://g-ecx.images-amazon.com/images/G/01/x-site/icons/no-img-sm._CB192198896_.gif",303,1193.85,3.94
0078618886,"Movies & TV",689003,"Dinah Zike's Teaching Health with Foldables VHS",6.47,"http://g-ecx.images-amazon.com/images/G/01/x-site/icons/no-img-sm._CB192198896_.gif",696,2487.94,3.57
0101529376,"Movies & TV",482144,"Scarlet Heart / Bu Bu Jing Xin (Season 2)(PAL)(Chinese Drama with English Sub)",89.95,"http://ecx.images-amazon.com/images/I/51dwT0HgwOL._SY300_.jpg",459,2292.8,5.0
0126604258,"Movies & TV",797549,"The History of Neuroscience in Autobiography DVD Axelrod/Bullock",53.76,"http://ecx.images-amazon.com/images/I/41tbnSxoC7L._SY300_.jpg",890,4419.33,4.97
0130359742,"Movies & TV",534654,"PRENTICE HALL SPANISH REALIDADES LEVEL A/B/1 VIDEO PROGRAM              (VIDEOCASSETTES) 2004C [VHS]",504.6,"http://g-ecx.images-amazon.com/images/G/01/x-site/icons/no-img-sm._CB192198896_.gif",141,527.95,3.74
0130473456,"Movies & TV",649161,"Algebra: A Combined Approach (CD Lecture Series) [VHS]",611.3,"http://g-ecx.images-amazon.com/images/G/01/x-site/icons/no-img-sm._CB192198896_.gif",639,3053.36,4.78
0130861383,"Movies & TV",1098045,"A+ Certification - The Complete Video Course",493.1,"http://ecx.images-amazon.com/images/I/51Q0DV00YPL._SY300_.jpg",931,3277.66,3.52
013091133X,"Movies & TV",697180,"Side by Side [VHS]",8.14,"http://ecx.images-amazon.com/images/I/31BnMsf860L.jpg",797,3512.65,4.41
013115298X,"Movies & TV",282303,"Discover Channel School Video Field Trips DVD for PRENTICE HALL PHYSICAL SCIENCE (Concepts in Action)",252.46,"http://ecx.images-amazon.com/images/I/31GCDN2T3YL.jpg",357,1185.93,3.32
0131433172,"Movies & TV",630580,"Applied Calculus CD Lecture Series [VHS]",73.49,"http://g-ecx.images-amazon.com/images/G/01/x-site/icons/no-img-sm._CB192198896_.gif",100,345.3,3.45
0131904388,"Movies & TV",503329,"CHEMISTRY ALIVE HIGH RISK LABS DVD 2005",219.92,"http://g-ecx.images-amazon.com/images/G/01/x-site/icons/no-img-sm._CB192198896_.gif",587,2550.48,4.34
0132534894,"Movies & TV",329912,"CHEMISTRY 2012 CLASSROOM RESOURCE DVD",609.09,"http://ecx.images-amazon.com/images/I/51OyTNoheCL._SY300_.jpg",800,2529.98,3.16
0132533669,"Movies & TV",560488,"ENVIRONMENTAL SCIENCE 2011 TEACHER CLASSROOM RESOURCES DVD GRADE 11",22.08,"http://g-ecx.images-amazon.com/images/G/01/x-site/icons/no-img-sm._CB192198896_.gif",491,1755.74,3.58
0133204162,"Movies & TV",498685,"Fishbait: The Memoirs of the Congressional Doorkeeper",144.45,"http://ecx.images-amazon.com/images/I/41WNzYHjnkL._SX300_.jpg",496,2145.79,4.33
0135135044,"Movies & TV",300616,"Criminology Interactive DVD",322.75,"http://ecx.images-amazon.com/images/I/516p6M70e2L._SY300_.jpg",356,1288.1,3.62
0251567516,"Movies & TV",343919,"Barstarzz: Instructional- The Ultimate How to on Bodyweight Fitness",9.04,"http://g-ecx.images-amazon.com/images/G/01/x-site/icons/no-img-sm._CB192198896_.gif",764,2581.26,3.38
0307141217,"Movies & TV",493060,"Madeline: In London [VHS]",9.99,"http://ecx.images-amazon.com/images/I/51XDWWVD0PL._SY300_.jpg",524,2088.22,3.99
0307141225,"Movies & TV",489381,"Alexander &amp; The Terrible Horrible No Good Very Bad Day [VHS]",29.99,"http://ecx.images-amazon.com/images/I/21GJEQT398L.jpg",210,913.41,4.35
0307142426,"Movies & TV",516103,"Madeline: Dog Show [VHS]",2.52,"http://ecx.images-amazon.com/images/I/513ZPW3JYCL._SY300_.jpg",403,1710.27,4.24
0307142701,"Movies & TV",501200,"Cricket on Hearth [VHS]",0.49,"http://ecx.images-amazon.com/images/I/51MWFPNJDJL._SY300_.jpg",266,924.76,3.48
0307141071,"Movies & TV",455738,"Madeline's Christmas [VHS]",5.88,"http://ecx.images-amazon.com/images/I/51D1SB7895L._SY300_.jpg",977,4198.22,4.3
0307142469,"Movies & TV",273846,"Frosty the Snowman [VHS]",1.01,"http://ecx.images-amazon.com/images/I/51VE7CDD7GL._SY300_.jpg",987,3075.23,3.12
030714139X,"Movies & TV",529627,"Madeline: Gypsies [VHS]",12.95,"http://ecx.images-amazon.com/images/I/21Q7PHB8QSL.jpg",469,2319.71,4.95
0307142620,"Movies & TV",367083,"Madeline and the Toy Factory [VHS]",544.04,"http://ecx.images-amazon.com/images/I/51325P4DANL._SY300_.jpg",338,1330.4,3.94
0307141985,"Movies & TV",310844,"Mouse on the Mayflower [VHS]",167.94,"http://ecx.images-amazon.com/images/I/21T26ZVPXQL.jpg",683,2184.1,3.2
0307142485,"Movies & TV",386707,"The Little Drummer Boy [VHS]",6.25,"http://ecx.images-amazon.com/images/I/51SJ9K7WMAL._SY300_.jpg",494,1630.78,3.3
0307141950,"Movies & TV",375462,"Just Me &amp; My Dad [VHS]",436.2,"http://ecx.images-amazon.com/images/I/519DQR0XMPL._SY300_.jpg",357,1133.5,3.18
0307142493,"Movies & TV",466413,"Santa Claus Is Comin to Town [VHS]",3.86,"http://ecx.images-amazon.com/images/I/51F9NH8BRDL._SY300_.jpg",377,1308.08,3.47
0307142817,"Movies & TV",574399,"Pigs + Davids Father [VHS]",26.9,"http://ecx.images-amazon.com/images/I/51CrQaEUM9L._SY300_.jpg",216,977.69,4.53
0307142698,"Movies & TV",459302,"Madeline and The New House [VHS]",1.98,"http://ecx.images-amazon.com/images/I/51DAGV36VZL._SY300_.jpg",741,2568.87,3.47
0307141144,"Movies & TV",308767,"Madeline: Bad Hat [VHS]",3.72,"http://ecx.images-amazon.com/images/I/51G4DMMNZEL._SY300_.jpg",722,2674.57,3.7
0307142477,"Movies & TV",254863,"Frosty Returns [VHS]",8.95,"http://ecx.images-amazon.com/images/I/513AB22V5TL._SY300_.jpg",229,712.0,3.11
0307394530,"Arts, Crafts & Sewing",3597,"Martha Stewart's Wedding Cakes",14.99,"http://ecx.images-amazon.com/images/I/51A4FWujzgL._SY300_.jpg",966,4422.8,4.58
0307449440,"Arts, Crafts & Sewing",4946,"Socks from the Toe Up: Essential Techniques and Patterns from Wendy Knits",7.67,"http://ecx.images-amazon.com/images/I/51U6fIwjHQL._SY300_.jpg",661,2052.12,3.1
0307463826,"Arts, Crafts & Sewing",16593,"Crochet Lace Innovations: 20 Dazzling Designs in Broomstick, Hairpin, Tunisian, and Exploded Lace",11.3,"http://ecx.images-amazon.com/images/I/51WXSfayRPL._SY300_.jpg",731,3644.65,4.99
0307586758,"Arts, Crafts & Sewing",35388,"BurdaStyle Sewing Vintage Modern: Mastering Iconic Looks from the 1920s to 1980s",15.3,"http://ecx.images-amazon.com/images/I/51LOS3ODmmL._SY300_.jpg",494,2442.79,4.94
0307586588,"Arts, Crafts & Sewing",13629,"Little Crochet: Modern Designs for Babies and Toddlers",11.96,"http://ecx.images-amazon.com/images/I/419O6xozC5L._SY300_.jpg",816,2580.51,3.16
0307587142,"Arts, Crafts & Sewing",49734,"I Spy DIY Style: Find Fashion You Love and Do It Yourself",4.85,"http://ecx.images-amazon.com/images/I/51JCGPXIr-L._SY300_.jpg",505,1931.99,3.83
0307586901,"Arts, Crafts & Sewing",11135,"Martha Stewart's Handmade Holiday Crafts: 225 Inspired Projects for Year-Round Celebrations",7.99,"http://ecx.images-amazon.com/images/I/51e0u93qXpL._SY300_.jpg",801,3746.87,4.68
0385344945,"Arts, Crafts & Sewing",6148,"Once Upon a Knit: 28 Grimm and Glamorous Fairy-Tale Projects",9.83,"http://ecx.images-amazon.com/images/I/51tPW4fDpBL._SY300_.jpg",940,3571.79,3.8
0385344570,"Arts, Crafts & Sewing",54393,"Huge &amp; Huggable Mochimochi: 20 Supersized Patterns for Big Knitted Friends",11.6,"http://ecx.images-amazon.com/images/I/514drJ2oMUL._SY300_.jpg",577,1943.38,3.37
0449819906,"Arts, Crafts & Sewing",11106,"The Knit Stitch Pattern Handbook: An Essential Collection of 300 Designer Stitches and Techniques",11.9,"http://ecx.images-amazon.com/images/I/51wPk2VxC2L._SY300_.jpg",328,1277.05,3.89
0470045558,"Arts, Crafts & Sewing",4359,"Crochet Patterns For Dummies",9.06,"http://ecx.images-amazon.com/images/I/51u6iQUH%2BHL._SY300_.jpg",971,4121.51,4.24
0470182318,"Arts, Crafts & Sewing",4644,"Watercolor Painting For Dummies",11.0,"http://ecx.images-amazon.com/images/I/51pwu3vokHL._SY300_.jpg",596,2721.68,4.57
0470343834,"Arts, Crafts & Sewing",13298,"Beading VISUAL Quick Tips",7.79,"http://ecx.images-amazon.com/images/I/518tlHQiN1L._SY300_.jpg",837,3280.7,3.92
0470343842,"Arts, Crafts & Sewing",38395,"Wire Jewelry VISUAL Quick Tips",7.67,"http://ecx.images-amazon.com/images/I/51v%2B7VIZatL._SY300_.jpg",389,1250.99,3.22
0470623209,"Arts, Crafts & Sewing",3288,"Sewing For Dummies",5.85,"http://ecx.images-amazon.com/images/I/51f1VMl7GFL._SY300_.jpg",578,2078.01,3.6
0470758570,"Arts, Crafts & Sewing",56511,"Origami Kit For Dummies",9.79,"http://ecx.images-amazon.com/images/I/51l-lZ40XjL._SY300_.jpg",690,2575.49,3.73
0471749915,"Arts, Crafts & Sewing",36767,"Teach Yourself Visually: Sewing",9.98,"http://ecx.images-amazon.com/images/I/516-fE65bQL._SY300_.jpg",288,1418.38,4.92
0486430502,"Arts, Crafts & Sewing",93036,"I Love America Stained Glass Coloring Book",7.72,"http://ecx.images-amazon.com/images/I/519yJbmYZ1L._SY300_.jpg",127,631.95,4.98
048645195X,"Arts, Crafts & Sewing",1009,"Dover Publications-Decorative Tile Designs Coloring Book",1.44,"http://ecx.images-amazon.com/images/I/61r4Gp10KTL._SY300_.jpg",420,2097.28,4.99
0486473082,"Arts, Crafts & Sewing",35553,"Knitting Counterpanes: Traditional Coverlet Patterns for Contemporary Knitters",8.91,"http://ecx.images-amazon.com/images/I/61q0dxuZAjL._SY300_.jpg",335,1660.54,4.96
0486475468,"Arts, Crafts & Sewing",4643,"Dover Publications-Deco Tech Geometric Coloring Book",4.44,"http://ecx.images-amazon.com/images/I/6188-peUeXL._SY300_.jpg",732,3100.73,4.24
0545346207,"Arts, Crafts & Sewing",2292,"My Fabulous Look Book: Fashion Drawing Made Easy",9.07,"http://ecx.images-amazon.com/images/I/51sT1ISdfNL._SX300_.jpg",289,1176.57,4.07
0545419042,"Arts, Crafts & Sewing",9545,"Capsters: Turn Bottle Caps Into Cool Collectibles",11.83,"http://ecx.images-amazon.com/images/I/61O365rhCWL._SX300_.jpg",984,2978.77,3.03
0545449332,"Arts, Crafts & Sewing",14428,"Gotcha Gadgets",12.99,"http://ecx.images-amazon.com/images/I/61GhbhgP4mL._SY300_.jpg",631,2835.24,4.49
0545449340,"Arts, Crafts & Sewing",4400,"Beaded Bands: Super Stylish Bracelets Made Simple",12.21,"http://ecx.images-amazon.com/images/I/61MW34HBIFL._SX300_.jpg",648,2154.84,3.33
0545459915,"Arts, Crafts & Sewing",1552,"Twirled Paper",11.71,"http://ecx.images-amazon.com/images/I/61DDU00dFrL._SX300_.jpg",810,3985.08,4.92
0545459923,"Arts, Crafts & Sewing",4125,"Spiral Draw",5.99,"http://ecx.images-amazon.com/images/I/61faP81wkwL._SY300_.jpg",550,2308.46,4.2
0545496470,"Arts, Crafts & Sewing",1462,"The Book of Impossible Objects: 25 Eye-Popping Projects to Make, See &amp; Do",11.13,"http://ecx.images-amazon.com/images/I/61mEDfXSSYL._SY300_.jpg",812,3326.37,4.1
0615406416,"Arts, Crafts & Sewing",80131,"Betsy Flot Inspiration Station",25.17,"http://ecx.images-amazon.com/images/I/51X300hMhBL._SY300_.jpg",555,2402.35,4.33
0615512135,"Arts, Crafts & Sewing",17102,"Copic Marker IDRAW Cars Sketchbook and Reference Guide, Black",19.98,"http://ecx.images-amazon.com/images/I/51pouEMo4SL._SY300_.jpg",977,3670.31,3.76
0700012494,"Home &amp; Kitchen",1375989,"10mm 18K White Gold Plated Round Pave Magnetic Clasps set with Swarovski Crystal - Wholesale Price",5.1,"http://ecx.images-amazon.com/images/I/51XQnD8TSZL._SX300_.jpg",172,675.54,3.93
0700012656,"Home &amp; Kitchen",333935,"12mm 18K White Gold Plated Shinny Oval Rose shape box Clasps - Wholesale Price",3.8,"http://ecx.images-amazon.com/images/I/41MivKH00bL._SX300_.jpg",810,2733.55,3.37
070001246X,"Arts, Crafts & Sewing",186013,"8mm 18K White Gold Plated Round Pave Magnetic Clasps set with Swarovski Crystal - Wholesale Price",3.99,"http://ecx.images-amazon.com/images/I/41uGkYIv7-L._SX300_.jpg",912,3329.21,3.65
0700012370,"Home &amp; Kitchen",563079,"Wholesale 5 of 10mm 18K Yellow Gold Plated Round Pave magnetic Clasps set with Swarovski Crystal",20.0,"http://ecx.images-amazon.com/images/I/51Vl9iSgJPL._SX300_.jpg",349,1095.39,3.14
0700012532,"Home &amp; Kitchen",813821,"14mm 18K White Gold Plated Round Pave Screw Clasps set with Swarovski Crystal - Wholesale Price",6.5,"http://ecx.images-amazon.com/images/I/51fuo8rOfxL._SX300_.jpg",425,1641.9,3.86
0700022031,"Arts, Crafts & Sewing",89405,"Wholesale 10PCS of 8mm 18K White Gold Plated Round Pave Magnetic Clasps set with Swarovski Crystal",18.0,"http://ecx.images-amazon.com/images/I/51wnSQ9OemL._SX300_.jpg",311,1447.27,4.65
070002204X,"Arts, Crafts & Sewing",399611,"9mm 18K Yellog Gold Plated Oval shape Shinny Clip Clasp - Wholesale price",2.0,"http://ecx.images-amazon.com/images/I/31-N6nwhkML._SX300_.jpg",489,1637.32,3.35
0700012346,"Home &amp; Kitchen",1675422,"Wholesale 5 of 9mm 18K White Gold Plated Shinny Oval magnetic Clasps set with Swarovski Crystal",17.0,"http://ecx.images-amazon.com/images/I/41SoNwmUaHL._SX300_.jpg",798,2742.43,3.44
0700022333,"Home &amp; Kitchen",1489391,"13mm 18K White Gold Plated Round Pave Magnetic Clasps set with Swarovski Crystal - Wholesale Price",5.8,"http://ecx.images-amazon.com/images/I/41vEb0HmWxL._SX300_.jpg",406,1618.02,3.99
0700022252,"Arts, Crafts & Sewing",377494,"8mm 18K Yellow Gold Plated Round Pave Clip Clasps - Wholesale Price",2.0,"http://ecx.images-amazon.com/images/I/41ZnyRh9HDL._SX300_.jpg",484,2252.09,4.65
0700012702,"Home &amp; Kitchen",1520293,"15mm 18K Yellow Gold Plated Round Clip Box Clasp set with Freshwater pearl &amp; Swarovski Crystal beads",227.32,"http://ecx.images-amazon.com/images/I/51z-j4hJPUL._SX300_.jpg",403,1228.19,3.05
0700022228,"Arts, Crafts & Sewing",458996,"7mm 18K White Gold Plated Round Shinny Clip Clasp - Wholesale price",2.0,"http://ecx.images-amazon.com/images/I/31XtJNkH1TL._SX300_.jpg",934,4515.62,4.83
0705395022,"Arts, Crafts & Sewing",440422,"Christmas Noel Scrapbook Complete by C.R. Gibson",299.47,"http://ecx.images-amazon.com/images/I/51%2BahoZyNLL._SX300_.jpg",107,391.48,3.66
0705383024,"Arts, Crafts & Sewing",404226,"Scrapbook Complete (Wedding) (Adding Photos Is All You Do!",38.01,"http://ecx.images-amazon.com/images/I/31COhF3e7jL._SY300_.jpg",577,2810.0,4.87
0737248289,"Arts, Crafts & Sewing",493253,"Quill Pen Fc Hunter",22.68,"http://g-ecx.images-amazon.com/images/G/01/x-site/icons/no-img-sm._CB192198896_.gif",533,1996.99,3.75
0737604751,"Arts, Crafts & Sewing",253121,"Handbook Journal 5.5X5.5 Square Vermillion",16.99,"http://ecx.images-amazon.com/images/I/41EYrnKJTRL.jpg",797,3763.38,4.72
0740770756,"Home &amp; Kitchen",60033,"It's My Party Large Birthday Scrapbook Album 12&quot; X 11&quot;",14.99,"http://ecx.images-amazon.com/images/I/511rqR9MyxL._SY300_.jpg",406,1846.84,4.55
0756031184,"Arts, Crafts & Sewing",84592,"Rules/Tu Commands Spanish Poster Set",21.95,"http://ecx.images-amazon.com/images/I/51M8LRlQ69L._SX300_.jpg",879,3010.32,3.42
0756037727,"Arts, Crafts & Sewing",585091,"&iquest;Qu&eacute; es el D&iacute;a de los Muertos? Bulletin Board Set",32.95,"http://ecx.images-amazon.com/images/I/51iqL43CHxL._SX300_.jpg",897,3403.88,3.79
0760747059,"Home &amp; Kitchen",469634,"The Amish Quilting Pack",20.99,"http://ecx.images-amazon.com/images/I/51n1%2BIGkCAL._SY300_.jpg",619,2042.37,3.3
0765573296,"Arts, Crafts & Sewing",462189,"Calligraphy Pen Chrome",122.64,"http://g-ecx.images-amazon.com/images/G/01/x-site/icons/no-img-sm._CB192198896_.gif",923,3609.76,3.91
0765598671,"Arts, Crafts & Sewing",61059,"Quill &amp; Ink Set",52.95,"http://ecx.images-amazon.com/images/I/11oanl200aL.jpg",908,3452.43,3.8
0767180178,"Arts, Crafts & Sewing",231156,"Graphique - Keep Calm and Carry On Spiral Bound Journal, Red",14.99,"http://ecx.images-amazon.com/images/I/41qrojTFU7L._SY300_.jpg",304,1419.75,4.67
0767184270,"Arts, Crafts & Sewing",174445,"Graphique - Southern Charm Barbie Spiral bound Journal, Pink",9.95,"http://ecx.images-amazon.com/images/I/41oIhr1o3XL._SY300_.jpg",949,4389.7,4.63
0767189361,"Arts, Crafts & Sewing",181899,"Graphique - Peanuts : Snoopy and Woodstock Spiral Bound Journal",11.95,"http://ecx.images-amazon.com/images/I/41RucnUj2VL._SY300_.jpg",982,4757.88,4.85
0767175832,"Arts, Crafts & Sewing",530093,"Graphique - Union Jack Purse Notes, 3 x 4&quot;, Multi-Colored, 75 note pages",3.95,"http://ecx.images-amazon.com/images/I/41%2Bn3nI4pAL._SY300_.jpg",417,1614.26,3.87
0767196767,"Arts, Crafts & Sewing",165177,"Graphique - I'm Easy on the Eyes Harder on the Wallet Purse Notes, 3 x 4&quot;, Multi-Colored, 75 note pages",7.89,"http://ecx.images-amazon.com/images/I/41syy5e05VL._SY300_.jpg",214,691.43,3.23
0767174607,"Arts, Crafts & Sewing",103149,"Graphique - Peanuts Friendship Spiral Bound Journal",11.09,"http://ecx.images-amazon.com/images/I/41w4GrTdamL._SY300_.jpg",587,2146.18,3.66
0767196813,"Arts, Crafts & Sewing",184386,"Graphique - Bunco Purse Notes, 3 x 4&quot;, Multi-Colored, 75 note pages",3.95,"http://ecx.images-amazon.com/images/I/41JnrieafdL._SY300_.jpg",507,2047.49,4.04
0767184289,"Arts, Crafts & Sewing",90192,"Graphique - Midnight Mischief Barbie Spiral Bound Journal",9.95,"http://ecx.images-amazon.com/images/I/417oZJlhktL._SY300_.jpg",920,3797.2,4.13
0767197178,"Arts, Crafts & Sewing",112538,"Graphique - Bold Pink Flower Spiral Bound Journal",4.99,"http://ecx.images-amazon.com/images/I/41cDAOB2tVL._SY300_.jpg",301,1413.29,4.7
0770434096,"Arts, Crafts & Sewing",14775,"Quilting Happiness: Projects, Inspiration, and Ideas to Make Quilting More Joyful",11.87,"http://ecx.images-amazon.com/images/I/51i0tMZPFgL._SY300_.jpg",679,3183.93,4.69
0804136807,"Arts, Crafts & Sewing",12162,"Learn to Knit, Love to Knit",9.7,"http://ecx.images-amazon.com/images/I/51XrQGqtg2L._SY300_.jpg",597,2186.24,3.66
0823085511,"Arts, Crafts & Sewing",23341,"Kumihimo Wire Jewelry: Essential Techniques and 20 Jewelry Projects for the Japanese Art of Braiding",11.87,"http://ecx.images-amazon.com/images/I/51XSW41FC8L._SY300_.jpg",728,2315.98,3.18
0823085945,"Arts, Crafts & Sewing",30663,"Knitted Farm Animals: 15 Irresistible, Easy-to-Knit Friends",11.11,"http://ecx.images-amazon.com/images/I/51nFLQntlaL._SY300_.jpg",403,1565.15,3.88
0823099032,"Arts, Crafts & Sewing",34214,"Baby Beanies: Happy Hats to Knit for Little Heads",12.14,"http://ecx.images-amazon.com/images/I/51q9c46n7vL._SY300_.jpg",499,1861.74,3.73
0823085678,"Arts, Crafts & Sewing",72704,"The Big Book of Drawing: An Introduction to Essential Materials and Techniques",13.43,"http://ecx.images-amazon.com/images/I/51x-Az0rJhL._SY300_.jpg",704,2437.73,3.46
0871164388,"Arts, Crafts & Sewing",13689,"The Spirit of Bead Embroidery",15.64,"http://ecx.images-amazon.com/images/I/61Qh3664CCL._SY300_.jpg",786,3794.47,4.83
0871164213,"Arts, Crafts & Sewing",15554,"Creative Chain Mail Jewelry",8.0,"http://ecx.images-amazon.com/images/I/51Ql2Bar5IL._SY300_.jpg",900,3841.29,4.27
0871164949,"Arts, Crafts & Sewing",79024,"Create Three Dimensional Jewelry: Combine Stitching, Embellishing, Layering, and Riveting",11.72,"http://ecx.images-amazon.com/images/I/51ML%2BtmzDrL._SY300_.jpg",282,1365.97,4.84
0871164809,"Arts, Crafts & Sewing",3593,"The Absolute Beginners Guide: Making Chain Mail Jewelry: Everything You Need to Know to Get Started",11.35,"http://ecx.images-amazon.com/images/I/51poaMHXxyL._SY300_.jpg",303,996.88,3.29
0871167700,"Arts, Crafts & Sewing",2325,"Enameling Made Easy: Torch-Firing Workshop for Beginners &amp; Beyond",13.91,"http://ecx.images-amazon.com/images/I/51MykpXk6zL._SY300_.jpg",238,894.9,3.76
0887432271,"Arts, Crafts & Sewing",41384,"Flash Cards-Time and Money 50/Pkg",0.83,"http://ecx.images-amazon.com/images/I/519Yq4sZzxL._SY300_.jpg",200,757.23,3.79
0887435378,"Arts, Crafts & Sewing",34720,"Workbooks-Travel the Great States Ages 8 and Up",5.73,"http://ecx.images-amazon.com/images/I/51zvkehTvZL._SY300_.jpg",185,675.68,3.65
088743472X,"Arts, Crafts & Sewing",15348,"Flash Cards-Alphabet Fun 52/Pkg",4.82,"http://ecx.images-amazon.com/images/I/41JPv4xbJlL._SY300_.jpg",162,796.68,4.92
0887431399,"Arts, Crafts & Sewing",7061,"Workbooks-Math Basics Grade 3",1.14,"http://ecx.images-amazon.com/images/I/51RJCXvWdAL._SY300_.jpg",570,2283.63,4.01
0891346686,"Arts, Crafts & Sewing",41449,"Painting Acrylics",3.75,"http://ecx.images-amazon.com/images/I/61GgHmV71CL._SY300_.jpg",808,3798.12,4.7
0916896390,"Arts, Crafts & Sewing",14020,"The Complete Book of Tatting: Everything You Wanted to Know but Couldn't Find Out About Shuttle Lace",18.47,"http://ecx.images-amazon.com/images/I/314bfTbZVxL.jpg",116,378.39,3.26
093527863X,"Movies & TV",226218,"Pants for Real People: Sewing Techniques",22.46,"http://ecx.images-amazon.com/images/I/51JxvzSnceL._SY300_.jpg",743,3682.17,4.96
095470018X,"Home &amp; Kitchen",2756821,"JAEGER HANDKNITS BOOK JB40 - THE ROMA COLLECTION - 8 DESIGNER GARMENTS USING ROMA",548.03,"http://ecx.images-amazon.com/images/I/41THDz6%2BEzL._SY300_.jpg",190,814.65,4.29
0973030437,"Arts, Crafts & Sewing",269125,"Quilted Diamonds 2",611.45,"http://ecx.images-amazon.com/images/I/215-WRpFOuL.jpg",265,1281.59,4.84
097736271X,"Arts, Crafts & Sewing",111327,"Table Runners A Second Helping",20.32,"http://ecx.images-amazon.com/images/I/61qE8cMMd-L._SY300_.jpg",785,2924.25,3.73
0979409098,"Arts, Crafts & Sewing",46460,"Martha Pullen's Favorite Places: The Kent State Museum",8.72,"http://ecx.images-amazon.com/images/I/51mczLxJSPL._SY300_.jpg",605,1904.47,3.15
0979744172,"Arts, Crafts & Sewing",200183,"Stairway To Cat Heaven Quilt Pattern",758.47,"http://ecx.images-amazon.com/images/I/61hs%2BayFkuL._SX300_.jpg",945,3188.6,3.37
0980183227,"Arts, Crafts & Sewing",82892,"Cake Treasures Collection Volume 2 - Advanced Designs Using Cricut Cake and Design Studio",14.99,"http://ecx.images-amazon.com/images/I/51AuOInHvuL._SY300_.jpg",803,2634.04,3.28
0980876729,"Arts, Crafts & Sewing",148752,"Australian Smocking &amp; Embroidery Index (Issues 1-100)",461.46,"http://ecx.images-amazon.com/images/I/51AWfxf8NqL._SY300_.jpg",720,3337.32,4.64
0981532454,"Arts, Crafts & Sewing",219417,"Exotic VIP Silver Ring Bracelet Kardashian Style Adjustable Jewelry",203.99,"http://ecx.images-amazon.com/images/I/41zHk8vZ04L._SY300_.jpg",894,4143.09,4.63
0982400578,"Arts, Crafts & Sewing",248952,"Revolver 5-1/2-Inch by 8-1/2-Inch Journal, Blue/Green",718.92,"http://ecx.images-amazon.com/images/I/31IKCWeUNbL._SY300_.jpg",396,1951.26,4.93
0983205906,"Arts, Crafts & Sewing",305414,"Bundle: Throwing Fundamentals 2nd Edition, Beginner's Guide to Throwing Pottery, Specially Designed for use at the Wheel &amp; Kemper Pottery Tool Kit, The Original 8-Piece Pottery Tool Set",163.4,"http://ecx.images-amazon.com/images/I/51%2BvtQUbghL._SY300_.jpg",509,2011.24,3.95
0985961406,"Arts, Crafts & Sewing",17807,"The Book Of Zentangle",30.43,"http://ecx.images-amazon.com/images/I/518ND7abNsL._SX300_.jpg",165,817.95,4.96
099155759X,"Arts, Crafts & Sewing",50603,"Handmade 10&quot; X 12&quot; Tri-fold Leather Journal Album with Lace Edging Sketchbook",695.25,"http://ecx.images-amazon.com/images/I/51b4hp5vI3L._SX300_.jpg",277,1363.85,4.92
109485901X,"Arts, Crafts & Sewing",573389,"Lovely Cute Ballet Shoes Rhinestone Crystal Bowknot Bow Earrings Earring",9.99,"http://ecx.images-amazon.com/images/I/31ypJgjD1DL._SY300_.jpg",134,511.61,3.82
1105869555,"Arts, Crafts & Sewing",143260,"alexander gurman fishing hooks",231.92,"http://ecx.images-amazon.com/images/I/41RX5YmhQ4L._SX300_.jpg",645,2276.21,3.53
0123456479,"Kitchen & Dining",16987,"SHINING IMAGE HUGE PINK LEATHER JEWELRY BOX / CASE / STORAGE / ORGANIZER WITH TRAVEL CASE AND LOCK",64.98,"http://ecx.images-amazon.com/images/I/413tGhqoOTL._SY300_.jpg",622,2360.51,3.8
0130350591,"Kitchen & Dining",459680,"Le Creuset Kiwi (Green) Butter Dish Stoneware",781.22,"http://ecx.images-amazon.com/images/I/21zcx6RCDoL.jpg",281,965.46,3.44
0594006112,"Kitchen & Dining",308697,"Elf on the Shelf 10oz (Christmas Mug)",260.03,"http://g-ecx.images-amazon.com/images/G/01/x-site/icons/no-img-sm._CB192198896_.gif",464,2044.3,4.41
0615391206,"Kitchen & Dining",3900,"Zoku Quick Pops Recipe Book",17.29,"http://ecx.images-amazon.com/images/I/41EEhiqvnwL._SX300_.jpg",287,1419.74,4.95
0641929307,"Kitchen & Dining",401687,"Vera Bradley Blue Rhapsody Mug W/Lid",656.24,"http://ecx.images-amazon.com/images/I/51QVEZ5cr%2BL._SY300_.jpg",129,403.73,3.13
0641965974,"Kitchen & Dining",433061,"Text Me Coffee Mug - ILU",131.33,"http://ecx.images-amazon.com/images/I/51KSrW7WCzL._SX300_.jpg",524,1674.34,3.2
064178614X,"Kitchen & Dining",343165,"Alder Wood Folding Wooden Cookbook Book Stand ~ by Barnes &amp; Noble",414.29,"http://ecx.images-amazon.com/images/I/31hK6xv5%2BIL.jpg",464,1557.69,3.36
0641967969,"Kitchen & Dining",62139,"6 pc Japanese Large Noodle Soup bowl set Sakura LB",51.89,"http://ecx.images-amazon.com/images/I/41tSHQBWv-L._SX300_.jpg",861,3903.67,4.53
064180556X,"Home &amp; Kitchen",4862886,"Guaranteed Leak-proof Travel Mug 16 Oz",590.64,"http://ecx.images-amazon.com/images/I/21UdH-%2BpRhL.jpg",323,1587.15,4.91
0681795107,"Kitchen & Dining",48172,"Timolino PAB-46 16-Ounce Signature Travel Mug, Brushed Stainless",18.34,"http://ecx.images-amazon.com/images/I/318Cy2lIdML._SY300_.jpg",251,1188.78,4.74
0705342913,"Kitchen & Dining",870684,"Recipe Cards - McAlisters Seed Co. Q12 3086",603.14,"http://ecx.images-amazon.com/images/I/21JC4093JGL.jpg",735,3180.95,4.33
0705356280,"Kitchen & Dining",662039,"Green Coupon Organizer QCO 3715",485.52,"http://ecx.images-amazon.com/images/I/11PHV4PbZnL.jpg",648,3077.1,4.75
0705394492,"Kitchen & Dining",278556,"CR Gibson Black Deluxe Recipe Binder (Includes Recipe Cards, Sheet Protectors, Divider Pages &amp; Tie Clasp Envelope)",31.99,"http://ecx.images-amazon.com/images/I/5113OM8ZQkL._SX300_.jpg",197,603.69,3.06
0748185259,"Kitchen & Dining",203625,"Weight Watchers Electronic Food Scale w/ Points Values Database",503.7,"http://ecx.images-amazon.com/images/I/51vQFMIC3pL._SX300_.jpg",945,2899.21,3.07
0783433891,"Kitchen & Dining",195340,"Wine Map of France",62.99,"http://ecx.images-amazon.com/images/I/41xtCEhG0SL.jpg",400,1460.04,3.65
0805471219,"Kitchen & Dining",1960,"Communion Cups - Box of 1000 - Disposable",15.59,"http://ecx.images-amazon.com/images/I/51IaPH9esYL._SX300_.jpg",554,2027.96,3.66
0898216052,"Home &amp; Kitchen",96010,"The Everyday Slow Cooker Cookbook &amp; One Dish Recipes 2008",405.09,"http://ecx.images-amazon.com/images/I/51irZG8en-L._SX300_.jpg",684,2629.11,3.84
0912696591,"Kitchen & Dining",9690,"Wilton Decorating Cakes Book",14.26,"http://ecx.images-amazon.com/images/I/51SrvkbXJ5L._SY300_.jpg",841,2804.75,3.34
0972187677,"Toys & Games",203310,"WineParty Game",9.99,"http://ecx.images-amazon.com/images/I/410KkghTmOL._SY300_.jpg",768,2703.6,3.52
097736271X,"Arts, Crafts & Sewing",111327,"Table Runners A Second Helping",20.32,"http://ecx.images-amazon.com/images/I/61qE8cMMd-L._SY300_.jpg",504,2246.2,4.46
097857141X,"Kitchen & Dining",206167,"Vi Whittington Cooked Sugar Art",12.27,"http://ecx.images-amazon.com/images/I/41FbWRpzbDL.jpg",200,676.76,3.38
0978736885,"Kitchen & Dining",21899,"Smith &amp; Wollensky Steakhouse Knife Set",49.0,"http://ecx.images-amazon.com/images/I/41eB1pfullL._SX300_.jpg",252,1221.39,4.85
0979755026,"Kitchen & Dining",241289,"Gold, Frankincense and Myrrh - Gift of the Magi",656.36,"http://ecx.images-amazon.com/images/I/51odKckiMjL._SY300_.jpg",598,2323.87,3.89
0980183227,"Arts, Crafts & Sewing",82892,"Cake Treasures Collection Volume 2 - Advanced Designs Using Cricut Cake and Design Studio",14.99,"http://ecx.images-amazon.com/images/I/51AuOInHvuL._SY300_.jpg",144,584.19,4.06
098019282X,"Kitchen & Dining",132893,"The Playful Chef Cookbook - A Culinary Education for Kids",718.41,"http://ecx.images-amazon.com/images/I/5140%2BfKH4zL._SX300_.jpg",477,1817.06,3.81
0984493697,"Kitchen & Dining",142946,"Sous Vide Cookbook, Easy",19.95,"http://ecx.images-amazon.com/images/I/51FURj-ix4L._SY300_.jpg",251,1098.08,4.37
0984493638,"Kitchen & Dining",207905,"Sous Vide Meat Cookbook",458.43,"http://ecx.images-amazon.com/images/I/617cGQIenmL._SY300_.jpg",652,2385.5,3.66
0988315815,"Kitchen & Dining",4681,"Zoku The Art of Slush Recipe Book",19.99,"http://ecx.images-amazon.com/images/I/51zhh51JIcL._SY300_.jpg",336,1017.29,3.03
1009245414,"Kitchen & Dining",573930,"The Original Apple Baker Set of 2 Baking Dishes from Christian Ridge Pottery",339.67,"http://ecx.images-amazon.com/images/I/51%2Bx97pHX8L._SX300_.jpg",179,626.32,3.5
1223070743,"Kitchen & Dining",5754,"Vandor 52423 Star Wars Large Recycled Shopper Tote, Multicolored",2.95,"http://ecx.images-amazon.com/images/I/51uL97NehcL._SY300_.jpg",383,1351.22,3.53
1223071359,"Kitchen & Dining",42106,"The Beatles Black &amp; White 14 Oz. Ceramic Latte Mug",8.99,"http://ecx.images-amazon.com/images/I/41%2BbxovErAL._SY300_.jpg",364,1666.81,4.58
1223069818,"Kitchen & Dining",3927,"Vandor 18062 Hello Kitty Ceramic Mug, Pink, 18-Ounce",7.19,"http://ecx.images-amazon.com/images/I/41kpkotfl9L._SY300_.jpg",850,2840.9,3.34
1403779619,"Kitchen & Dining",325352,"Lego Drinking Container Bottle Red with Lego Head Cap",25.0,"http://ecx.images-amazon.com/images/I/31lynarZK2L._SY300_.jpg",960,4696.18,4.89
1403783624,"Kitchen & Dining",283552,"Stir Fry Pan Set - Style 37432",488.28,"http://ecx.images-amazon.com/images/I/41vuxN%2BFrbL._SY300_.jpg",444,2006.71,4.52
1450823661,"Kitchen & Dining",202364,"Handy Gourmet Multi Chopper",12.16,"http://ecx.images-amazon.com/images/I/319Gdd4r4GL._SX300_.jpg",560,1782.61,3.18
1574890832,"Home &amp; Kitchen",539445,"Cavallini Magnet Set Birds, 24 Assorted Magnets Packaged in a Tin",18.0,"http://ecx.images-amazon.com/images/I/51Fo5hiYP6L._SX300_.jpg",136,527.77,3.88
1574890824,"Home &amp; Kitchen",687082,"Cavallini Magnet Set Butterflies, 24 Assorted Magnets Packaged in a Tin",14.95,"http://ecx.images-amazon.com/images/I/51pdtVSXsQL._SX300_.jpg",471,1448.23,3.07
1574891936,"Home &amp; Kitchen",1127282,"Cavallini Magnet Set Animals, 24 Assorted Magnets Packaged in a Tin",14.95,"http://ecx.images-amazon.com/images/I/51W00U3DU2L._SX300_.jpg",955,3132.93,3.28
1574898922,"Home &amp; Kitchen",878948,"Cavallini Magnets ABC, 24 Assorted Magnets",17.75,"http://ecx.images-amazon.com/images/I/51Sx-23VWCL._SX300_.jpg",965,2936.73,3.04
1574898949,"Home &amp; Kitchen",598310,"Cavallini Magnets Paris, 24 Assorted Magnets",14.95,"http://ecx.images-amazon.com/images/I/51-9v6jBASL._SX300_.jpg",839,4087.8,4.87
1574898930,"Home &amp; Kitchen",66275,"Cavallini Magnets London, 24 Assorted Magnets",14.95,"http://ecx.images-amazon.com/images/I/51NDKdPpqgL._SX300_.jpg",963,2994.76,3.11
159668027X,"Kitchen & Dining",76654,"Interweave Press The Crocheter's Handy Guide To Yarn Requirements 680302",4.09,"http://ecx.images-amazon.com/images/I/31FHCZDWHML.jpg",753,2391.09,3.18
1613261535,"Kitchen & Dining",196296,"Gallery Leather 2014 Monthly Large Gold Planner",131.91,"http://ecx.images-amazon.com/images/I/41aREMEQbML._SX300_.jpg",891,3013.03,3.38
1614549168,"Toys & Games",494340,"Racing Car Cupcake Kit",16.98,"http://ecx.images-amazon.com/images/I/51X9okkXPNL._SY300_.jpg",885,3726.79,4.21
1614547831,"Home &amp; Kitchen",1546868,"Toot Sweet Cake Wrappers",7.95,"http://ecx.images-amazon.com/images/I/51TWdjsJeoL._SY300_.jpg",427,2124.55,4.98
1614547440,"Toys & Games",267216,"Elegant Gold Cupcake Cases - Pack of 48",5.54,"http://ecx.images-amazon.com/images/I/51S26YBJSKL._SY300_.jpg",399,1617.73,4.05
161552231X,"Kitchen & Dining",196877,"Alice In Wonderland Tea Set for Two 3oz Cups, Saucers and Spoons Retired Pattern",29.95,"http://ecx.images-amazon.com/images/I/51I6y8h5gjL._SX300_.jpg",103,401.33,3.9
161659120X,"Kitchen & Dining",146800,"Bettie Page Pint Glass Set of 4",368.36,"http://ecx.images-amazon.com/images/I/41jTLUQm5yL._SX300_.jpg",353,1648.83,4.67
161659232X,"Toys & Games",2470,"Game of Thrones Sigil Coasters Set",10.99,"http://ecx.images-amazon.com/images/I/41CkjPgsf7L._SY300_.jpg",457,1731.41,3.79
1619920239,"Home &amp; Kitchen",275565,"Cavallini Vintage Cats 24 Assorted Magnets",14.95,"http://ecx.images-amazon.com/images/I/51qEClON6RL._SX300_.jpg",180,543.63,3.02
1619920255,"Home &amp; Kitchen",449813,"Cavallini San Francisco 24 Assorted Magnets",14.95,"http://ecx.images-amazon.com/images/I/51JibneIVML._SX300_.jpg",924,3077.89,3.33
1621522172,"Kitchen & Dining",78679,"Lilly Pulitzer Thermal Mug - Chiquita Bonita",22.0,"http://ecx.images-amazon.com/images/I/51b6gJPfSCL._SY300_.jpg",503,2188.99,4.35
1625684185,"Kitchen & Dining",439120,"Dinosaur Roarrrr Party Hats - Pack of 8",15.26,"http://ecx.images-amazon.com/images/I/41aIYADPXIL._SY300_.jpg",283,885.13,3.13
1842104780,"Kitchen & Dining",387143,"QUEEN 2014 CALENDAR BY DREAM + FREE FRIDGE MAGNET",325.59,"http://ecx.images-amazon.com/images/I/51c8dqh7ouL._SX300_.jpg",544,2550.49,4.69
1842104470,"Home &amp; Kitchen",881175,"GREEN DAY 2014 CALENDAR BY DREAM + FREE GREEN DAY FRIDGE MAGNET",246.64,"http://ecx.images-amazon.com/images/I/61kP8MfECdL._SX300_.jpg",290,1332.66,4.6
1842104322,"Home &amp; Kitchen",934617,"CHRIS HEMSWORTH 2014 CALENDAR BY DREAM + FREE CHRIS HEMSWORTH FRIDGE MAGNET",485.55,"http://ecx.images-amazon.com/images/I/516Bfi4fEGL._SX300_.jpg",382,1609.88,4.21
1847503705,"Kitchen & Dining",88953,"Star Wars Saga Magnets Episode 4 classic characters set of 10 New Hope",8.13,"http://ecx.images-amazon.com/images/I/51CuGuL-fWL._SY300_.jpg",906,2799.53,3.09
184999949X,"Kitchen & Dining",47097,"CHANNING TATUM MAGIC MIKE SEXY HUNKS NAKED FRIDGE MAGNET - CT038",246.94,"http://ecx.images-amazon.com/images/I/51vzy%2Bj8i7L._SY300_.jpg",594,2489.92,4.19
1888861347,"Kitchen & Dining",103339,"Fully Covered in Crystal Monogram Wedding Cake Topper Letter - Letter P",29.96,"http://ecx.images-amazon.com/images/I/41ivSzVPn-L._SY300_.jpg",393,1424.06,3.62
1888861142,"Kitchen & Dining",334835,"Monogram Wedding Cake Topper Letter with Crystals - 1 Large Letter",31.35,"http://ecx.images-amazon.com/images/I/41jDJEglcbL._SY300_.jpg",971,3803.28,3.92
1888861622,"Kitchen & Dining",112240,"Letter T - Swarovski Crystal Monogram Wedding Cake Topper Letter",25.96,"http://ecx.images-amazon.com/images/I/41D60Arp%2BLL._SY300_.jpg",582,2184.27,3.75
1888861614,"Kitchen & Dining",84112,"Letter S - Swarovski Crystal Monogram Wedding Cake Topper Letter",26.97,"http://ecx.images-amazon.com/images/I/41VaST06fcL._SX300_.jpg",442,2101.91,4.76
1888861150,"Kitchen & Dining",161364,"Monogram Wedding Cake Topper Letter with Crystals - 1 Large Letter",32.67,"http://ecx.images-amazon.com/images/I/41h-lqY6T%2BL._SY300_.jpg",220,885.43,4.02
1891747401,"Kitchen & Dining",1315,"Mighty Bright Fold-n-Stow Book Holder",7.86,"http://ecx.images-amazon.com/images/I/31LvP5R28wL._SY300_.jpg",692,2403.01,3.47
1891747134,"Kitchen & Dining",511583,"Mini Super Led Book Light Purple (Book Lights)",128.39,"http://ecx.images-amazon.com/images/I/31a8tDlfzjL._SY300_.jpg",349,1543.55,4.42
1896639437,"Kitchen & Dining",262497,"Sushi For Two Japanese Sushi Set",372.41,"http://ecx.images-amazon.com/images/I/51wUReOPUeL._SY300_.jpg",225,823.64,3.66
1929780656,"Toys & Games",95702,"Martian Coasters",2.26,"http://ecx.images-amazon.com/images/I/41B2BbsJqSL._SX300_.jpg",707,2218.53,3.14
1932289348,"Kitchen & Dining",457348,"Latin Phrases Fridge Magnet",699.72,"http://ecx.images-amazon.com/images/I/51-r0I5I3FL._SY300_.jpg",111,356.83,3.21
1932648623,"Kitchen & Dining",271008,"Great Composers Mug",7.5,"http://ecx.images-amazon.com/images/I/41065VZKQHL._SY300_.jpg",540,1855.9,3.44
1933244038,"Kitchen & Dining",189003,"Wilton Curso: 3 Fondant y Pasteles de pisos / Wilton Course 3: Fondant and Tiered Cakes",645.09,"http://ecx.images-amazon.com/images/I/410Wf%2B9HFsL._SY300_.jpg",657,2697.89,4.11
1933506105,"Kitchen & Dining",417393,"Women Artists Mug",9.95,"http://ecx.images-amazon.com/images/I/41G0V6B1KBL._SY300_.jpg",585,2115.65,3.62
0130350591,"Kitchen & Dining",459680,"Le Creuset Kiwi (Green) Butter Dish Stoneware",280.72,"http://ecx.images-amazon.com/images/I/21zcx6RCDoL.jpg",104,488.15,4.69
0307394530,"Arts, Crafts & Sewing",3597,"Martha Stewart's Wedding Cakes",14.99,"http://ecx.images-amazon.com/images/I/51A4FWujzgL._SY300_.jpg",752,2436.53,3.24
0439903491,"Software",7065,,29.99,"http://ecx.images-amazon.com/images/I/61tVxckoYUL._SY300_.jpg",113,510.73,4.52
0587234792,"Home &amp; Kitchen",4867920,"&quot;Coos Bay Lighthouse&quot; Print (Canvas 20x30)",385.16,"http://ecx.images-amazon.com/images/I/51DPFpHmhuL._SX300_.jpg",926,4501.5,4.86
0587010584,"Home &amp; Kitchen",3727362,"Marionette Theater Presents RUR (Rossum's Universal Robots)",16.95,"http://ecx.images-amazon.com/images/I/41W9TsKkY5L._SY300_.jpg",475,1824.1,3.84
0587168978,"Home &amp; Kitchen",1707155,"&quot;Daybreak&quot; Print (Unframed Paper Print 20x30)",26.72,"http://ecx.images-amazon.com/images/I/415hRb4C0TL._SX300_.jpg",959,3289.09,3.43
0587218959,"Home &amp; Kitchen",3882566,"Look Pretty Have Fun - 12x18 Art Poster by Fashion Frocks",11.88,"http://ecx.images-amazon.com/images/I/310M9-V-RrL.jpg",904,4325.99,4.79
0587217189,"Home &amp; Kitchen",4172092,"The Great McEwen, famous Scottish hypnotist 20x30 Poster Paper",16.95,"http://ecx.images-amazon.com/images/I/51j27YQPyTL._SY300_.jpg",532,1864.32,3.5
0594006112,"Kitchen & Dining",308697,"Elf on the Shelf 10oz (Christmas Mug)",280.25,"http://g-ecx.images-amazon.com/images/G/01/x-site/icons/no-img-sm._CB192198896_.gif",900,4200.36,4.67
061533301X,"Sports &amp; Outdoors",388799,"There's a Cockroach in My Regulator : Bizarre and Brilliant Tales Scuba Diving Tales",420.23,"http://ecx.images-amazon.com/images/I/51bdWyatQeL._SY300_.jpg",433,1980.78,4.57
0615391206,"Kitchen & Dining",3900,"Zoku Quick Pops Recipe Book",17.29,"http://ecx.images-amazon.com/images/I/41EEhiqvnwL._SX300_.jpg",730,3538.14,4.85
0618307354,"Patio, Lawn & Garden",70926,"Houghton-Mifflin 0-618-30735-4 Peterson Color In Book Wildflowers",9.3,"http://ecx.images-amazon.com/images/I/51JRA51QNRL._SY300_.jpg",101,396.82,3.93
0641929307,"Kitchen & Dining",401687,"Vera Bradley Blue Rhapsody Mug W/Lid",762.97,"http://ecx.images-amazon.com/images/I/51QVEZ5cr%2BL._SY300_.jpg",307,1260.42,4.11
0641965974,"Kitchen & Dining",433061,"Text Me Coffee Mug - ILU",276.71,"http://ecx.images-amazon.com/images/I/51KSrW7WCzL._SX300_.jpg",341,1591.45,4.67
064178614X,"Kitchen & Dining",343165,"Alder Wood Folding Wooden Cookbook Book Stand ~ by Barnes &amp; Noble",666.68,"http://ecx.images-amazon.com/images/I/31hK6xv5%2BIL.jpg",967,2990.28,3.09
0641967969,"Kitchen & Dining",62139,"6 pc Japanese Large Noodle Soup bowl set Sakura LB",51.89,"http://ecx.images-amazon.com/images/I/41tSHQBWv-L._SX300_.jpg",951,2858.86,3.01
064180556X,"Home &amp; Kitchen",4862886,"Guaranteed Leak-proof Travel Mug 16 Oz",709.17,"http://ecx.images-amazon.com/images/I/21UdH-%2BpRhL.jpg",429,1425.35,3.32
0681795107,"Kitchen & Dining",48172,"Timolino PAB-46 16-Ounce Signature Travel Mug, Brushed Stainless",18.34,"http://ecx.images-amazon.com/images/I/318Cy2lIdML._SY300_.jpg",661,2320.04,3.51
0689027818,"Home &amp; Kitchen",1017975,"Good Night, Sweet Butterflies: A Color Dreamland",473.68,"http://ecx.images-amazon.com/images/I/51B0H32DMXL._SX300_.jpg",835,2622.64,3.14
0705342913,"Kitchen & Dining",870684,"Recipe Cards - McAlisters Seed Co. Q12 3086",265.8,"http://ecx.images-amazon.com/images/I/21JC4093JGL.jpg",608,2154.05,3.54
0705356280,"Kitchen & Dining",662039,"Green Coupon Organizer QCO 3715",647.57,"http://ecx.images-amazon.com/images/I/11PHV4PbZnL.jpg",847,3144.55,3.71
0705394492,"Kitchen & Dining",278556,"CR Gibson Black Deluxe Recipe Binder (Includes Recipe Cards, Sheet Protectors, Divider Pages &amp; Tie Clasp Envelope)",31.99,"http://ecx.images-amazon.com/images/I/5113OM8ZQkL._SX300_.jpg",368,1715.87,4.66
0740317024,"Home &amp; Kitchen",355259,"Horizons Health 3Rd Grade Set",19.8,"http://ecx.images-amazon.com/images/I/41O1o0q9oLL._SY300_.jpg",364,1123.52,3.09
0740315129,"Home &amp; Kitchen",495585,"Horizons Health 7Th - 8Th Grade Workbook",8.96,"http://ecx.images-amazon.com/images/I/41eO6D1VRGL._SY300_.jpg",578,1877.03,3.25
0740315048,"Home &amp; Kitchen",1678028,"Horizons Health 6Th Grade Student Book",382.14,"http://ecx.images-amazon.com/images/I/51CtgIHUGoL._SY300_.jpg",227,684.14,3.01
0740794019,"Home &amp; Kitchen",504183,"CALVIN &amp; HOBBES ART - BEST FRIEND",574.74,"http://ecx.images-amazon.com/images/I/51PzU6JSvoL._SX300_.jpg",187,652.76,3.49
0740794108,"Home &amp; Kitchen",1088245,"CALVIN &amp; HOBBES ART - DEER HUNT",414.77,"http://ecx.images-amazon.com/images/I/51aG4OcZeGL._SX300_.jpg",226,679.88,3.01
0740794248,"Home &amp; Kitchen",1565752,"CALVIN &amp; HOBBES ART - SHAKESPEARE SLIME",230.49,"http://ecx.images-amazon.com/images/I/51VGMBO0SFL._SX300_.jpg",170,798.97,4.7
0740794078,"Home &amp; Kitchen",568703,"CALVIN &amp; HOBBES ART - DANCING",431.86,"http://ecx.images-amazon.com/images/I/51j74hVqGxL._SX300_.jpg",484,2223.82,4.59
0740794124,"Home &amp; Kitchen",66979,"CALVIN &amp; HOBBES ART - FIRST CALVIN &amp; HOBBES",527.83,"http://ecx.images-amazon.com/images/I/41vroC4S4OL._SX300_.jpg",824,4105.75,4.98
0740794167,"Home &amp; Kitchen",55867,"CALVIN &amp; HOBBES ART - LAST CALVIN &amp; HOBBES",771.93,"http://ecx.images-amazon.com/images/I/51W4ytsgBZL._SX300_.jpg",141,661.21,4.69
0740794183,"Home &amp; Kitchen",767379,"CALVIN &amp; HOBBES ART - CHRISTMAS EVE",105.24,"http://ecx.images-amazon.com/images/I/51AMN8wAVEL._SX300_.jpg",572,2227.76,3.89
0740794140,"Home &amp; Kitchen",74739,"CALVIN &amp; HOBBES ART - GREAT TO BE MALE",111.24,"http://ecx.images-amazon.com/images/I/31YqAVfy04L._SX300_.jpg",291,1010.94,3.47
0748185259,"Kitchen & Dining",203625,"Weight Watchers Electronic Food Scale w/ Points Values Database",287.14,"http://ecx.images-amazon.com/images/I/51vQFMIC3pL._SX300_.jpg",752,2729.78,3.63
0756031184,"Arts, Crafts & Sewing",84592,"Rules/Tu Commands Spanish Poster Set",21.95,"http://ecx.images-amazon.com/images/I/51M8LRlQ69L._SX300_.jpg",992,4579.73,4.62
0756041244,"Toys & Games",651937,"Shakespeare's Insults Poster",13.95,"http://ecx.images-amazon.com/images/I/61IpN0Nbn6L._SX300_.jpg",497,2044.94,4.11
0756030242,"Home &amp; Kitchen",1542506,"Scientific Method Poster Set/8",80.95,"http://ecx.images-amazon.com/images/I/51MPbIsvqoL._SX300_.jpg",496,1717.85,3.46
0756032318,"Home &amp; Kitchen",994994,"Sentence Type Literature Poster Set Of 4",19.95,"http://ecx.images-amazon.com/images/I/51jr84fAR0L._SX300_.jpg",537,1892.7,3.52
0783433891,"Kitchen & Dining",195340,"Wine Map of France",62.99,"http://ecx.images-amazon.com/images/I/41xtCEhG0SL.jpg",202,990.71,4.9
0789319942,"Home &amp; Kitchen",2830658,"(12x14) Grandma Moses: Home for Christmas Advent Calendar",714.59,"http://ecx.images-amazon.com/images/I/619tb7Sw--L._SX300_.jpg",659,2190.68,3.32
0805471219,"Kitchen & Dining",1960,"Communion Cups - Box of 1000 - Disposable",15.59,"http://ecx.images-amazon.com/images/I/51IaPH9esYL._SX300_.jpg",793,3643.28,4.59
0823085511,"Arts, Crafts & Sewing",23341,"Kumihimo Wire Jewelry: Essential Techniques and 20 Jewelry Projects for the Japanese Art of Braiding",11.87,"http://ecx.images-amazon.com/images/I/51XSW41FC8L._SY300_.jpg",491,2162.89,4.41
0898216052,"Home &amp; Kitchen",96010,"The Everyday Slow Cooker Cookbook &amp; One Dish Recipes 2008",343.23,"http://ecx.images-amazon.com/images/I/51irZG8en-L._SX300_.jpg",767,3649.75,4.76
0912696591,"Kitchen & Dining",9690,"Wilton Decorating Cakes Book",14.26,"http://ecx.images-amazon.com/images/I/51SrvkbXJ5L._SY300_.jpg",909,3377.57,3.72
0922658536,"Home &amp; Kitchen",1622584,"Flickback 1953 Flickback Mini-Book * Commemorative Year Gift MBS1953",11.0,"http://ecx.images-amazon.com/images/I/514Ha15nafL._SY300_.jpg",570,1884.38,3.31
0939431556,"Home &amp; Kitchen",2112350,"Map of the Mendocino Coast, California (Laminated)",744.86,"http://ecx.images-amazon.com/images/I/51deVa7NVcL._SY300_.jpg",980,3514.88,3.59
095650843X,"Home &amp; Kitchen",258544,"History Timeline: Science (Historia Timelines)",17.5,"http://ecx.images-amazon.com/images/I/61tEKpEW%2B4L._SX300_.jpg",507,2147.77,4.24
0956508421,"Home &amp; Kitchen",224495,"History Timeline: Art (Historia Timelines)",17.5,"http://ecx.images-amazon.com/images/I/61O0%2BNgxnKL._SX300_.jpg",971,3440.54,3.54
0972187677,"Toys & Games",203310,"WineParty Game",9.99,"http://ecx.images-amazon.com/images/I/410KkghTmOL._SY300_.jpg",938,3666.89,3.91
0974889172,"Home &amp; Kitchen",712776,"Words Cubed",17.0,"http://ecx.images-amazon.com/images/I/41YGNftWhOL._SX300_.jpg",544,1819.28,3.34
0975412817,"Pet Supplies",74781,"The Notes Pocket Pal by Melissa Verplank",183.0,"http://ecx.images-amazon.com/images/I/51tJdWLFHvL._SY300_.jpg",239,1011.97,4.23
0977061604,"Home &amp; Kitchen",5142711,"The Ultimate Cure for the Dysfunctional Closet",19.99,"http://ecx.images-amazon.com/images/I/519REQ7JAJL._SY300_.jpg",675,2769.24,4.1
0977271609,"Home &amp; Kitchen",386555,"Pocket Pal Graphics Arts Book - 20th Edition",38.95,"http://ecx.images-amazon.com/images/I/51%2BTPn7QqdL._SY300_.jpg",409,1313.02,3.21
097736271X,"Arts, Crafts & Sewing",111327,"Table Runners A Second Helping",20.32,"http://ecx.images-amazon.com/images/I/61qE8cMMd-L._SY300_.jpg",293,881.78,3.01
0978561023,"Home &amp; Kitchen",1358390,"Knitting Software - Sock Wizard PC V2 Software",730.98,"http://ecx.images-amazon.com/images/I/410aSEq8BmL._SX300_.jpg",829,2862.09,3.45
097857141X,"Kitchen & Dining",206167,"Vi Whittington Cooked Sugar Art",12.27,"http://ecx.images-amazon.com/images/I/41FbWRpzbDL.jpg",784,3463.86,4.42
0978736885,"Kitchen & Dining",21899,"Smith &amp; Wollensky Steakhouse Knife Set",49.0,"http://ecx.images-amazon.com/images/I/41eB1pfullL._SX300_.jpg",694,2638.01,3.8
0980183227,"Arts, Crafts & Sewing",82892,"Cake Treasures Collection Volume 2 - Advanced Designs Using Cricut Cake and Design Studio",14.99,"http://ecx.images-amazon.com/images/I/51AuOInHvuL._SY300_.jpg",605,2270.05,3.75
0982119712,"Home &amp; Kitchen",347249,"Queening Chair / Female Domination Femdom Body Worship / Stools and Chairs / Pussy Cat / Face sitting / Facesitting / Body Worship",220.35,"http://ecx.images-amazon.com/images/I/4139t2EWWaL._SY300_.jpg",126,495.47,3.93
0984493697,"Kitchen & Dining",142946,"Sous Vide Cookbook, Easy",19.95,"http://ecx.images-amazon.com/images/I/51FURj-ix4L._SY300_.jpg",697,2953.25,4.24
0988315815,"Kitchen & Dining",4681,"Zoku The Art of Slush Recipe Book",19.99,"http://ecx.images-amazon.com/images/I/51zhh51JIcL._SY300_.jpg",898,4191.21,4.67
1059875837,"Home &amp; Kitchen",998852,"(20x28) Flower Spindles Wall Decal",725.13,"http://ecx.images-amazon.com/images/I/51GRxeIc4zL._SX300_.jpg",507,2150.29,4.24
1009245414,"Kitchen & Dining",573930,"The Original Apple Baker Set of 2 Baking Dishes from Christian Ridge Pottery",679.48,"http://ecx.images-amazon.com/images/I/51%2Bx97pHX8L._SX300_.jpg",862,3966.22,4.6
1223070743,"Kitchen & Dining",5754,"Vandor 52423 Star Wars Large Recycled Shopper Tote, Multicolored",2.95,"http://ecx.images-amazon.com/images/I/51uL97NehcL._SY300_.jpg",665,1997.34,3.0
1223071359,"Kitchen & Dining",42106,"The Beatles Black &amp; White 14 Oz. Ceramic Latte Mug",8.99,"http://ecx.images-amazon.com/images/I/41%2BbxovErAL._SY300_.jpg",348,1204.41,3.46
1223069818,"Kitchen & Dining",3927,"Vandor 18062 Hello Kitty Ceramic Mug, Pink, 18-Ounce",7.19,"http://ecx.images-amazon.com/images/I/41kpkotfl9L._SY300_.jpg",265,823.99,3.11
1403783624,"Kitchen & Dining",283552,"Stir Fry Pan Set - Style 37432",444.43,"http://ecx.images-amazon.com/images/I/41vuxN%2BFrbL._SY300_.jpg",334,1496.21,4.48
1412758181,"Home &amp; Kitchen",489937,"Family Health Organizer Doctor Medical Records Journal",778.18,"http://ecx.images-amazon.com/images/I/51WtBpnrPzL._SX300_.jpg",250,944.14,3.78
1438802552,"Home &amp; Kitchen",1288874,"(2x6) iCarly Pink TV Beaded Bookmark",217.15,"http://ecx.images-amazon.com/images/I/41t7l0OgShL._SY300_.jpg",284,965.63,3.4
1438823029,"Home &amp; Kitchen",1145029,"(12x12) Angry Birds 16-Month 2012 Wall Calendar",439.25,"http://ecx.images-amazon.com/images/I/51ZeR5F71%2BL._SX300_.jpg",856,3808.93,4.45
1439347069,"Home &amp; Kitchen",2147341,"&quot;ABC Products &quot; - Primitive Wall Hung ~ Shaped - Like A Key And Peppers - Wooden Keyholder (Handcrafted in America)",12.27,"http://ecx.images-amazon.com/images/I/41UlgEfzjAL._SX300_.jpg",376,1572.72,4.18
1450823661,"Kitchen & Dining",202364,"Handy Gourmet Multi Chopper",12.16,"http://ecx.images-amazon.com/images/I/319Gdd4r4GL._SX300_.jpg",159,787.9,4.96
1559936819,"Toys & Games",603417,"Large Print Word Finds",535.99,"http://ecx.images-amazon.com/images/I/51an9gNLovL._SX300_.jpg",648,2726.78,4.21
1574866893,"Arts, Crafts & Sewing",85730,"Leisure Arts-Quick Caps",6.32,"http://ecx.images-amazon.com/images/I/51yOL0IoUqL._SY300_.jpg",475,2012.3,4.24
1574890832,"Home &amp; Kitchen",539445,"Cavallini Magnet Set Birds, 24 Assorted Magnets Packaged in a Tin",18.0,"http://ecx.images-amazon.com/images/I/51Fo5hiYP6L._SX300_.jpg",575,2660.54,4.63
1574890824,"Home &amp; Kitchen",687082,"Cavallini Magnet Set Butterflies, 24 Assorted Magnets Packaged in a Tin",14.95,"http://ecx.images-amazon.com/images/I/51pdtVSXsQL._SX300_.jpg",881,3002.47,3.41
1574892398,"Home &amp; Kitchen",382709,"(20x28) London Map Gift Wrap Decorative Decoupage Vintage Retro Style Paper Poster Print",4.99,"http://ecx.images-amazon.com/images/I/51omt-VtWiL._SY300_.jpg",177,785.17,4.44
1574890220,"Home &amp; Kitchen",392940,"Cavallini Birds Carte Postale, 18 Postcards per Tin",12.75,"http://ecx.images-amazon.com/images/I/51Gi9G3eVUL._SY300_.jpg",346,1126.21,3.25
1574891936,"Home &amp; Kitchen",1127282,"Cavallini Magnet Set Animals, 24 Assorted Magnets Packaged in a Tin",14.95,"http://ecx.images-amazon.com/images/I/51W00U3DU2L._SX300_.jpg",863,2999.65,3.48
1574891898,"Home &amp; Kitchen",36490,"(20x28) Paris Map Gift Wrap Decorative Decoupage Vintage Retro Style Paper Poster Print",4.99,"http://ecx.images-amazon.com/images/I/51B%2BqpKYN%2BL._SY300_.jpg",134,416.94,3.11
1574892193,"Home &amp; Kitchen",2745586,"Cavallini Gigante Journals Olive 5 75 x 8 75, 416 Hardbound Leather",49.95,"http://ecx.images-amazon.com/images/I/41qniB%2BCDGL._SY300_.jpg",580,2573.57,4.44
1574893343,"Home &amp; Kitchen",18985,"Cavallini Toscana Journals Brown 5 x 7, Hardbound Leather",29.95,"http://ecx.images-amazon.com/images/I/41BQZoK3XRL._SY300_.jpg",893,3890.29,4.36
1574898922,"Home &amp; Kitchen",878948,"Cavallini Magnets ABC, 24 Assorted Magnets",17.75,"http://ecx.images-amazon.com/images/I/51Sx-23VWCL._SX300_.jpg",592,2566.33,4.34
1574898949,"Home &amp; Kitchen",598310,"Cavallini Magnets Paris, 24 Assorted Magnets",14.95,"http://ecx.images-amazon.com/images/I/51-9v6jBASL._SX300_.jpg",653,2086.84,3.2
1574898930,"Home &amp; Kitchen",66275,"Cavallini Magnets London, 24 Assorted Magnets",14.95,"http://ecx.images-amazon.com/images/I/51NDKdPpqgL._SX300_.jpg",248,960.64,3.87
1574893122,"Arts, Crafts & Sewing",89647,"Decorative Wrap 20x28 Skeleton",4.99,"http://ecx.images-amazon.com/images/I/51jfvPIFQdL._SY300_.jpg",355,1736.46,4.89
1574893335,"Home &amp; Kitchen",392004,"Cavallini Toscana Journals Black 5 x 7, Hardbound Leather",30.0,"http://ecx.images-amazon.com/images/I/41loY3XZXOL._SY300_.jpg",712,2182.83,3.07
1574899864,"Home &amp; Kitchen",903647,"Cavallini Roma Lussa Journals Black 5 x 7, 416 Softbound Leather",50.0,"http://ecx.images-amazon.com/images/I/41ks7VgIP7L._SY300_.jpg",817,2454.6,3.0
1586626310,"Home &amp; Kitchen",985531,"World Executive Poster Wall Map Framed 24x36",99.95,"http://ecx.images-amazon.com/images/I/511-pD79LmL._SX300_.jpg",776,2596.37,3.35
0618307354,"Patio, Lawn & Garden",70926,"Houghton-Mifflin 0-618-30735-4 Peterson Color In Book Wildflowers",9.3,"http://ecx.images-amazon.com/images/I/51JRA51QNRL._SY300_.jpg",298,977.16,3.28
0981850006,"Movies & TV",231134,"Primal Grill with Steven Raichlen, Volume One",299.22,"http://ecx.images-amazon.com/images/I/51cNn5DlHJL._SY300_.jpg",908,4422.83,4.87
144072007X,"Patio, Lawn & Garden",188289,"Sand Shark Margare Maron Audio CD",577.15,"http://ecx.images-amazon.com/images/I/31B9X0S6dqL._SX300_.jpg",436,1651.78,3.79
1554701503,"Patio, Lawn & Garden",196610,"Napoleon's Everyday Plank Grilling",26.39,"http://ecx.images-amazon.com/images/I/51cTWw9d-pL._SY300_.jpg",289,1333.33,4.61
1579822932,"Toys & Games",183251,"Bad Kitty Backpack Pull",3.65,"http://ecx.images-amazon.com/images/I/41nR62o%2BXJL._SY300_.jpg",968,3018.21,3.12
1754164498,"Patio, Lawn & Garden",80211,"5 pound SpaGuard Enhanced Spa Shock",29.99,"http://ecx.images-amazon.com/images/I/21cOwSPtBVL.jpg",695,3355.95,4.83
1880241064,"Patio, Lawn & Garden",73275,"Bird Watchers Digest 345 An Identification Guide to Common Backyard Birds",8.63,"http://ecx.images-amazon.com/images/I/51XAhDcWc2L._SY300_.jpg",982,3643.49,3.71
1885010753,"Sports &amp; Outdoors",259593,"Sportsmans Connection 8201 Western PA All Outdoor Atlas",30.2,"http://ecx.images-amazon.com/images/I/51LWbyDEkML._SY300_.jpg",989,3505.82,3.54
1887148914,"Patio, Lawn & Garden",391047,"Thayer Birding Software Birds of North America, v3.9 Macintosh",664.41,"http://ecx.images-amazon.com/images/I/51I7g16p%2BcL._SY300_.jpg",611,2180.59,3.57
1938146824,"Toys & Games",18523,"Dungeon Roll Hero Booster (1-Pack) Board Game",6.14,"http://ecx.images-amazon.com/images/I/51OZHwWd9IL._SY300_.jpg",241,1010.81,4.19
6035000045,"Patio, Lawn & Garden",217618,"13 Foot Market Patio Umbrella Outdoor Furniture Red",138.29,"http://ecx.images-amazon.com/images/I/61R9%2BfYdkaL._SY300_.jpg",133,662.79,4.98
6035000037,"Patio, Lawn & Garden",200506,"13ft Sycamore Wood Centre Pole Beige Umbrella Outdoor Patio Beach Market Garden",139.59,"http://ecx.images-amazon.com/images/I/318DUMsBYLL._SY300_.jpg",196,846.32,4.32
6035000029,"Patio, Lawn & Garden",41297,"All Weather Heavy Duty 13 ft Sycamore Wood Backyard Umbrella Green Color Canopy Pulley Patio Outdoor Beach Market Poolside Deck",119.79,"http://ecx.images-amazon.com/images/I/31TQPgdQarL._SY300_.jpg",243,954.37,3.93
6303146775,"Movies & TV",1023231,"Agri-Fab Part 48883 Pulley, 3-5/8&quot; Flat",351.83,"http://ecx.images-amazon.com/images/I/413I0-hgRjL._SY300_.jpg",679,2640.34,3.89
6304429150,"Movies & TV",298366,"Lilies of the Field [VHS]",226.35,"http://ecx.images-amazon.com/images/I/5109GD58PHL._SY300_.jpg",192,762.86,3.97
7106019410,"Patio, Lawn & Garden",169742,"Solar Powered Garden Yard Decor Art U.s. Flag Stake White Landscape LED Light",11.71,"http://ecx.images-amazon.com/images/I/51Sa1yTx8tL._SY300_.jpg",682,2081.27,3.05
751180022X,"Patio, Lawn & Garden",322592,"Bushnell Powerview 10x21 Compact Folding Binoculars",21.99,"http://ecx.images-amazon.com/images/I/41dQ%2B8qsgVL._SY300_.jpg",214,986.17,4.61
8386244453,"Patio, Lawn & Garden",436104,"Polish Art Collections in America",177.68,"http://ecx.images-amazon.com/images/I/51X7EeF3pdL._SY300_.jpg",755,2849.15,3.77
8393166616,"Patio, Lawn & Garden",454292,"Chopin 2010: Mazowsze Chopina DVD",402.32,"http://ecx.images-amazon.com/images/I/41UJd75HN%2BL._SY300_.jpg",790,3399.61,4.3
8390294540,"Patio, Lawn & Garden",200873,"Polish Language Black Prayer Book (Large Print) - Modlitewnik i Spiewnik dla os&oacute;b starszych",303.23,"http://ecx.images-amazon.com/images/I/41XyoTq6faL._SY300_.jpg",335,1015.83,3.03
8802000034,"Patio, Lawn & Garden",122643,"77x43 Outdoor Replacement Swing Canopy Cover Top Porch Patio Seat Furniture Pool",29.99,"http://ecx.images-amazon.com/images/I/51Rd6MBzKVL._SX300_.jpg",235,805.67,3.43
8802000026,"Patio, Lawn & Garden",155982,"Ivory Outdoor Patio Swing Canopy Replacement 6.25 Foot",29.99,"http://ecx.images-amazon.com/images/I/41bhkx5HXqL._SY300_.jpg",547,2388.56,4.37
8805002682,"Patio, Lawn & Garden",365862,"All Weather Heavy Duty Green Color 2 Tier Backyard Patio Sun Shade 12x12 Ft Garden Canopy Gazebo Replacement Top",90.7,"http://ecx.images-amazon.com/images/I/41MJb%2BERsUL._SY300_.jpg",436,1344.3,3.08
8805001058,"Patio, Lawn & Garden",19670,"13ft Sycamore Wood Centre Pole Beige Umbrella Outdoor Patio Beach Market Garden",119.99,"http://ecx.images-amazon.com/images/I/318DUMsBYLL._SY300_.jpg",937,4043.96,4.32
8805002585,"Patio, Lawn & Garden",54554,"All Weather Ivory Color Heavy Duty Backyard Patio Sun Shade 8x8 Ft Garden Canopy Gazebo Replacement Top",54.99,"http://ecx.images-amazon.com/images/I/31tlcCeorhL._SY300_.jpg",282,1194.06,4.23
8805002577,"Patio, Lawn & Garden",320437,"All Weather Heavy Duty Red Color Patio Sun Shade 8x8 Ft Garden Canopy Gazebo Replacement Top",54.99,"http://ecx.images-amazon.com/images/I/31zhoNeYBhL._SY300_.jpg",158,564.8,3.57
8805002690,"Patio, Lawn & Garden",284173,"Heavy Duty All Weather Red Color Polyester 2 Tier Backyard Patio Sun Shade 12x12 Ft Garden Canopy Gazebo Replacement Top UV Protection",69.99,"http://ecx.images-amazon.com/images/I/31zhoNeYBhL._SY300_.jpg",227,1081.8,4.77
8805002720,"Patio, Lawn & Garden",85444,"All Weather Heavy Duty 2 Tier Patio Sun Shade 10x10 Ft Gazebo Top Replacement Canopy Top Cover - Tan",89.99,"http://ecx.images-amazon.com/images/I/41xcFn10FeL._SY300_.jpg",555,2131.71,3.84
8805002631,"Patio, Lawn & Garden",121829,"All Weather Heavy Duty Red Color 2 Tier Backyard Patio Sun Shade 10x10 Ft Garden Canopy Gazebo Replacement Top - Red Color",64.89,"http://ecx.images-amazon.com/images/I/414JebF6kyL._SY300_.jpg",384,1896.95,4.94
8805002666,"Patio, Lawn & Garden",34569,"Heavy Duty All Season Ivory Color Water Resistant Back yard Patio Single Sun Shade 10x10 Ft Garden Canopy Gazebo Replacement Top Polyester Cover UV Protection",69.99,"http://ecx.images-amazon.com/images/I/41efIcV0IbL._SY300_.jpg",293,1379.42,4.71
8805002704,"Patio, Lawn & Garden",144424,"Heavy Duty Outdoor All Weather Ivory Color 2 Tier Patio 12x12 Ft Garden Canopy Gazebo Replacement Top UV Block Sun Shade Waterproof Polyester Fabric 145 Sq. In. Tent",69.99,"http://ecx.images-amazon.com/images/I/41VXMdhwIEL._SY300_.jpg",598,1836.85,3.07
8805003263,"Patio, Lawn & Garden",341966,"5.5 Foot Heavy Duty Ivory Outdoor Patio Swing Canopy Replacement",36.08,"http://ecx.images-amazon.com/images/I/41gW6oYDAnL._SY300_.jpg",992,3327.09,3.35
880500264X,"Patio, Lawn & Garden",165441,"All Weather Heavy Duty Ivory Color 2 Tier Polyester Backyard Patio Sun Shade 10x10 Ft Garden Canopy Gazebo Replacement Top",64.89,"http://ecx.images-amazon.com/images/I/41k1VFDl-XL._SY300_.jpg",447,2194.15,4.91
8805003549,"Patio, Lawn & Garden",20135,"9ft Red Sunshade Umbrella Metal Pole Outdoor Garden Yard Patio Beach Market Cafe 9'",40.0,"http://ecx.images-amazon.com/images/I/51teaQIK5BL._SY300_.jpg",296,1463.95,4.95
8805003255,"Patio, Lawn & Garden",359822,"5.5 Foot Heavy Duty Green Outdoor Patio Swing Canopy Replacement",508.24,"http://ecx.images-amazon.com/images/I/41CAKLfRSnL._SY300_.jpg",739,3168.52,4.29
8805002593,"Patio, Lawn & Garden",113813,"Heavy Duty All Weather 2 Tier Backyard Patio Sun Shade 10x10 Ft Garden Canopy Gazebo Replacement Polyester Top UV Protection Water Resistant - Green Color",69.89,"http://ecx.images-amazon.com/images/I/31ENhAItTDL._SY300_.jpg",575,2755.5,4.79
8805002674,"Patio, Lawn & Garden",216777,"All Weather Heavy Duty RED Color Backyard Patio Single Sun Shade 10x10 Ft Garden Canopy Gazebo Replacement Polyester Top UV Protection Water Resistant Tent",67.09,"http://ecx.images-amazon.com/images/I/31WNlBmX3PL._SY300_.jpg",302,1231.1,4.08
8805003573,"Patio, Lawn & Garden",29858,"9ft White Sunshade Umbrella Metal Pole Outdoor Garden Yard Patio Beach Market Cafe 9'",54.89,"http://ecx.images-amazon.com/images/I/51-ZjLHosIL._SY300_.jpg",841,3854.68,4.58
8805002615,"Patio, Lawn & Garden",52777,"Heavy Duty 2 Tier Backyard Patio Sun Shade 10x10 Ft Garden Canopy Gazebo Replacement Top - Ivory Color",69.99,"http://ecx.images-amazon.com/images/I/41HGKF1DsgL._SY300_.jpg",522,2524.31,4.84
8805003603,"Patio, Lawn & Garden",124616,"10ft Tan Sunshade Umbrella Replacement Top Outdoor Garden Yard Patio Beach Market Cafe 10'",39.09,"http://ecx.images-amazon.com/images/I/41Luk2Lg%2BoL._SY300_.jpg",686,3223.37,4.7
8805003298,"Patio, Lawn & Garden",89247,"All Weather 77x43 Outdoor Replacement Swing Canopy Cover Top Porch Patio Seat Furniture Pool - Green",36.59,"http://ecx.images-amazon.com/images/I/51uQAzQHFAL._SY300_.jpg",216,964.55,4.47
8805002607,"Patio, Lawn & Garden",234766,"All Weather Heavy Duty Red Color 2 Tier Backyard Patio Sun Shade 10x10 Ft Garden Canopy Gazebo Replacement Top",69.89,"http://ecx.images-amazon.com/images/I/31BDvuHYeDL._SY300_.jpg",584,1939.11,3.32
9539732360,"Patio, Lawn & Garden",277009,"3 x 5 Feet Chicago Blackhawks Nylon - outdoor NHL Flag Made in US.",24.89,"http://ecx.images-amazon.com/images/I/21UYdgUKwAL.jpg",383,1558.31,4.07
9822221274,"Patio, Lawn & Garden",494356,"Mid Pressure Misting System Kit (DIY) - Standard Package Cool-Off",238.59,"http://ecx.images-amazon.com/images/I/41j7kf61oWL._SX300_.jpg",900,3068.64,3.41
B0000001QY,"Music",15691,"Collection",12.55,"http://ecx.images-amazon.com/images/I/51MgsdzNXeL._SX300_.jpg",147,732.52,4.98
B000001ULX,"Music",375913,"Raincheck",16.99,"http://ecx.images-amazon.com/images/I/51Gt3TElmgL._SY300_.jpg",323,1270.71,3.93
B000003GJ2,"Music",390308,"8 Compositions",15.65,"http://ecx.images-amazon.com/images/I/515EWKN092L._SX300_.jpg",359,1163.21,3.24
B000005R78,"Music",491217,"Daydream",20.74,"http://ecx.images-amazon.com/images/I/415NZ3G3VQL.jpg",223,754.32,3.38
B000005XFE,"Music",795304,"Zydeco Bayou",17.09,"http://ecx.images-amazon.com/images/I/31NY5JFVVHL.jpg",406,1382.73,3.41
B0000071CF,"Music",59061,"Killer Dwarfs",15.37,"http://ecx.images-amazon.com/images/I/51ZSPW5FRRL._SY300_.jpg",261,1033.85,3.96
B00000GC69,"Toys & Games",310850,"Spy Gear Spy Metal Detector with detachable handle",697.49,"http://ecx.images-amazon.com/images/I/41ZZAYPK0QL._SY300_.jpg",508,1556.49,3.06
B00000JAJ8,"Music",958622,"Picnic With the Greys",16.46,"http://ecx.images-amazon.com/images/I/61Cwg2fh01L._SY300_.jpg",202,938.55,4.65
B00000K2MB,"Music",447293,"Watsonville Patio",14.58,"http://ecx.images-amazon.com/images/I/41M6XEK3K9L.jpg",465,1685.09,3.62
B00002240Y,"Patio, Lawn & Garden",142199,"R2 BISCUITS 100PK DBJ50 RYOBI - RIDGID 4600412",273.87,"http://ecx.images-amazon.com/images/I/7157A30NDRL._SY300_.gif",343,1285.04,3.75
B00002240X,"Patio, Lawn & Garden",206202,"R1 BISCUITS 110PK DBJ50 RYOBI - RIDGID 4600411",597.28,"http://ecx.images-amazon.com/images/I/7120GDDHK5L._SY300_.gif",643,2659.91,4.14
B0000224HT,"Patio, Lawn & Garden",144926,"Milwaukee Replacement Chain for Milwaukee 6215 Chainsaw 48-58-0030 (Discontinued by Manufacturer)",549.45,"http://ecx.images-amazon.com/images/I/81YJMTJQCHL._SX300_.gif",177,706.19,3.99
B0000224HU,"Patio, Lawn & Garden",295842,"Milwaukee 16-Inch 13-AMP 2.25 HP Electric Chain Saw 6215 (Discontinued by Manufacturer)",243.48,"http://ecx.images-amazon.com/images/I/711AX78QYCL._SX300_.gif",110,412.47,3.75
B0000224PU,"Patio, Lawn & Garden",33134,"Bully Tools 91300 Floor Bully 6-Inch Steel Flooring Remover with Fiberglass Handle",49.99,"http://ecx.images-amazon.com/images/I/31QkcxtFgTL._SY300_.jpg",847,3410.83,4.03
B0000224TZ,"Patio, Lawn & Garden",60112,"Bully Tools 91400 Stud Tuner Lumber Straightener with Steel Handle, U-Shaped Head",39.99,"http://ecx.images-amazon.com/images/I/31X6cmu%2BbIL._SY300_.jpg",633,2611.2,4.13
B00002255X,"Patio, Lawn & Garden",42376,"Davis Instruments Rain Collector II Model #7852 (Discontinued by Manufacturer)",73.92,"http://ecx.images-amazon.com/images/I/415XF4NT4KL._SY300_.jpg",820,3605.73,4.4
B0000225DC,"Patio, Lawn & Garden",139480,"Prosine 1800 12V Power Inverter",503.55,"http://ecx.images-amazon.com/images/I/41T2bw6Z1lL._SX300_.jpg",191,626.13,3.28
B0000225DB,"Patio, Lawn & Garden",111468,"Prosine 1000 12V Power Inverter",589.99,"http://ecx.images-amazon.com/images/I/41BMJNytFAL._SX300_.jpg",613,2389.28,3.9
B0000225DD,"Patio, Lawn & Garden",230381,"Xantrex Technologies 808-1800 Prosine Interface Panel",56.94,"http://ecx.images-amazon.com/images/I/41lm-TdlQ4L._SX300_.jpg",335,1030.72,3.08
B0000225D6,"Patio, Lawn & Garden",573765,"Xantrex 803-0312 300 Watt - 500 Watt Portable Power Inverter",511.77,"http://ecx.images-amazon.com/images/I/412CHVGG9KL._SX300_.jpg",316,1052.58,3.33
B0000225DA,"Patio, Lawn & Garden",282017,"Xantrex Technologies 813-3000 XPower 3,000-Watt Inverter (Discontinued by Manufacturer)",56.49,"http://ecx.images-amazon.com/images/I/51VN5V3K78L._SX300_.jpg",836,3327.44,3.98
B0000224WX,"Patio, Lawn & Garden",389812,"Brentwood Industries ProBoss 6-Cubic-Foot Heavy Duty Wheelbarrow PW6D (Discontinued by Manufacturer)",212.96,"http://ecx.images-amazon.com/images/I/412MT8V5R8L._SX300_.jpg",847,3690.21,4.36
B0000225CS,"Patio, Lawn & Garden",418711,"Makita G6100R 5,800-Watt 11 HP Portable Power Generator (Discontinued by Manufacturer)",60.19,"http://ecx.images-amazon.com/images/I/810MC9P4WQL._SX300_.gif",320,1381.11,4.32
B0000225CT,"Patio, Lawn & Garden",538255,"Makita G6101R 5,800-Watt 11 HP Portable Power Generator with Electric Start (Discontinued by Manufacturer)",697.93,"http://ecx.images-amazon.com/images/I/81FEPV2BSXL._SX300_.gif",760,3774.34,4.97
B0000225CU,"Patio, Lawn & Garden",269837,"Makita 110004-A 2-Wheel Mobility Kit for Makita Generators (Discontinued by Manufacturer)",190.08,"http://ecx.images-amazon.com/images/I/713Q23039GL._SX300_.gif",652,3247.6,4.98
B00002265F,"Patio, Lawn & Garden",445435,"Century 87106 Bench Charger (Discontinued by Manufacturer)",346.16,"http://ecx.images-amazon.com/images/I/71D6QG331TL._SX300_.gif",303,1439.34,4.75
B00002265H,"Patio, Lawn & Garden",669496,"Century 87421 Wheel Charger (Discontinued by Manufacturer)",760.85,"http://ecx.images-amazon.com/images/I/71T80DWWW2L._SY300_.gif",381,1712.89,4.5
B00002265G,"Patio, Lawn & Garden",632984,"Century 87151 Bench Charger (Discontinued by Manufacturer)",132.45,"http://ecx.images-amazon.com/images/I/71D6QG331TL._SX300_.gif",314,978.34,3.12
B00002265E,"Patio, Lawn & Garden",660123,"Century 87105 Bench Charger (Discontinued by Manufacturer)",462.1,"http://g-ecx.images-amazon.com/images/G/01/x-site/icons/no-img-sm._CB192198896_.gif",886,2909.87,3.28
B00002265K,"Patio, Lawn & Garden",295116,"Century J900 Rechargeable 12-Volt Portable Power Supply (Discontinued by Manufacturer)",693.82,"http://ecx.images-amazon.com/images/I/81AMQ415K0L._SX300_.gif",198,744.45,3.76
B000024LGY,"Music",295767,"Fire in the Brain",6.99,"http://ecx.images-amazon.com/images/I/51IoNnkXo7L._SY300_.jpg",522,2359.34,4.52
B0000296SV,"Music",519571,"Swimming",17.27,"http://ecx.images-amazon.com/images/I/51BYMDS97YL.jpg",484,2141.88,4.43
B00002DE4X,"Music",573458,"Calore Umano",12.9,"http://ecx.images-amazon.com/images/I/419D1R3PZSL.jpg",149,598.44,4.02
B00002N53T,"Patio, Lawn & Garden",280511,"Fulton 1000 Vertical Black Mailbox (Discontinued by Manufacturer)",17.03,"http://ecx.images-amazon.com/images/I/71EGKWR832L._SY300_.gif",646,3179.38,4.92
B00002N53V,"Patio, Lawn & Garden",179593,"Fulton 21-Inch Galvanized Steel Rural Mailbox, Gray (Discontinued by Manufacturer)",413.48,"http://ecx.images-amazon.com/images/I/41tCcONWCZL._SY300_.jpg",555,2251.82,4.06
B00002N5FN,"Patio, Lawn & Garden",4691,"Intermatic T101 24 Hour Dial Timer, Indoor Only",46.99,"http://ecx.images-amazon.com/images/I/51z5fI1-KSL._SY300_.jpg",391,1775.47,4.54
B00002N5N8,"Patio, Lawn & Garden",141200,"Estwing E3-S Shingling Hatchet",40.97,"http://ecx.images-amazon.com/images/I/31FRTVFQY7L.gif",910,4195.0,4.61
B00002N5VA,"Patio, Lawn & Garden",31262,"Council Bush Hook (212)",57.95,"http://ecx.images-amazon.com/images/I/31GQFVC1FML.gif",802,3349.82,4.18
B00002N5N7,"Sports &amp; Outdoors",2962742,"Estwing Mfg E45A 26-Inch Camper's Axe",334.3,"http://ecx.images-amazon.com/images/I/21yLxR08zNL._SY300_.jpg",123,551.54,4.48
B00002N5VE,"Patio, Lawn & Garden",93649,"Clay Pick Handle",11.57,"http://ecx.images-amazon.com/images/I/11CRQJK60HL.gif",674,3302.68,4.9
B00002N65P,"Patio, Lawn & Garden",665953,"D.C. America 1430 Bypass Lopping Shears (Discontinued by Manufacturer)",588.98,"http://ecx.images-amazon.com/images/I/71HRWCWH6HL._SX300_.gif",281,939.22,3.34
B00002N5ZD,"Patio, Lawn & Garden",230051,"Lodge Manufacturing 410 Hibachi Iron Sportsman's Grill (Discontinued by Manufacturer)",409.55,"http://ecx.images-amazon.com/images/I/51YNM1ENGNL._SX300_.jpg",795,3436.51,4.32
B00002N65A,"Patio, Lawn & Garden",23600,"Link Shovel D-Handle",10.45,"http://ecx.images-amazon.com/images/I/715TYG797KL._SX300_.gif",357,1665.53,4.67
B00002N67C,"Patio, Lawn & Garden",416263,"Gilmour Metal Impulse Sprinkler on Polymer Sled Base 967D (Discontinued by Manufacturer)",26.03,"http://ecx.images-amazon.com/images/I/41QRLWxGsRL._SX300_.jpg",626,2151.26,3.44
B00002N66W,"Patio, Lawn & Garden",24670,"Gilmour Male Hose Coupling 05M Teal",1.52,"http://ecx.images-amazon.com/images/I/41uOwZmH69L._SX300_.jpg",568,2121.29,3.73
B00002N67N,"Patio, Lawn & Garden",111584,"Gilmour 36-Inch Bow Saw 536",12.45,"http://ecx.images-amazon.com/images/I/215opUrMzuL._SX300_.jpg",355,1311.11,3.69
0077614992,"Health & Personal Care",168429,"Principles of Mgmt + Oper-CSUF Custom C",93.17,"http://ecx.images-amazon.com/images/I/51G%2BRqOCiqL._SY300_.jpg",866,3213.03,3.71
0205616461,"Health & Personal Care",461765,"Bio-Active Anti-Aging Serum (Firming Ultra-Hydrating Serum)",488.2,"http://ecx.images-amazon.com/images/I/41DecrGODDL._SY300_.jpg",870,2736.45,3.15
0578085844,"Health & Personal Care",770958,"Meditations on the Holy Cross by John Warren Oakes",24.95,"http://ecx.images-amazon.com/images/I/41mt%2BfSYBpL._SY300_.jpg",794,3126.32,3.94
0615208479,"Health & Personal Care",1346973,"Brain Fitness Exercises Software",163.47,"http://ecx.images-amazon.com/images/I/41kbZB047NL._SY300_.jpg",157,735.71,4.69
0615269990,"Toys & Games",110575,"Occam's Razor",34.99,"http://ecx.images-amazon.com/images/I/51fH-ABeBAL._SY300_.jpg",158,709.36,4.49
0615406394,"Health & Personal Care",377936,"Aphrodite Reborn - Women's Stories of Hope, Courage and Cancer",34.88,"http://ecx.images-amazon.com/images/I/51rJLgsi0%2BL._SX300_.jpg",221,768.05,3.48
0641710577,"Health & Personal Care",1039561,"Foster Grant Women's Reading Glasses Romance With Case +2.75",115.97,"http://ecx.images-amazon.com/images/I/414Fx6sGGFL._SX300_.jpg",958,3200.13,3.34
0641691858,"Health & Personal Care",205095,"24 Greeting Card Assortment By Punch Studio, Easter Spring Ephemera with Bunny Rabbits, Chicks, Flower Baskets, Decorated Easter Eggs, Victorian Children",19.97,"http://ecx.images-amazon.com/images/I/51Fe8KMksqL._SX300_.jpg",194,596.85,3.08
0641678584,"Health & Personal Care",177816,"24 Valentine Card Assortment By Punch Studio, Victorian Ephemera Collection of Hearts, Flowers, Kitty Cats, Roses, Cupid, Valentine's Day February 14",19.99,"http://ecx.images-amazon.com/images/I/61tHvVs3UkL._SX300_.jpg",942,4704.26,4.99
068107289X,"Health & Personal Care",1229585,"New Baby Greeting Card - Happy Baby Shower",667.87,"http://ecx.images-amazon.com/images/I/21DgcJxk-mL.jpg",974,4766.0,4.89
0681796723,"Health & Personal Care",1090817,"Happy Chanukah! In English &amp; Hebrew. These Greeting Cards Are The Perfect Way To Celebrate The Holidays With Friends &amp; Family Both Near &amp; Far!",231.71,"http://ecx.images-amazon.com/images/I/51iY5NeP1kL._SX300_.jpg",103,429.06,4.17
0681861193,"Health & Personal Care",541204,"&quot;My Wife, My Heart, My Soul, ... My Life&quot; Greeting Card",5.99,"http://ecx.images-amazon.com/images/I/51i4joi3asL._SY300_.jpg",119,361.68,3.04
0705394638,"Health & Personal Care",72478,"C.r. Gibson Baby Boy Zoom-Zoom Loose-leaf Memory Book BO-6436S",382.89,"http://ecx.images-amazon.com/images/I/51hf80nuqXL._SY300_.jpg",918,4044.9,4.41
076493211X,"Health & Personal Care",476779,"Wayne Thiebaud Confections Cakes and Pies, 1995",36.99,"http://ecx.images-amazon.com/images/I/51gP-0ponrL._SY300_.jpg",439,1650.93,3.76
0764945300,"Health & Personal Care",409917,"Boxed Holiday Cards: Edward Gorey Holidays",680.07,"http://ecx.images-amazon.com/images/I/61ltHxenijL._SY300_.jpg",351,1322.96,3.77
0764954601,"Health & Personal Care",290788,"Shoson Ohara Japanese Prints - 20 Assorted Holiday Cards with Envelopes",74.83,"http://ecx.images-amazon.com/images/I/51RzpZKAbLL._SY300_.jpg",933,3995.07,4.28
0767196767,"Arts, Crafts & Sewing",165177,"Graphique - I'm Easy on the Eyes Harder on the Wallet Purse Notes, 3 x 4&quot;, Multi-Colored, 75 note pages",7.89,"http://ecx.images-amazon.com/images/I/41syy5e05VL._SY300_.jpg",786,2716.9,3.46
0767196813,"Arts, Crafts & Sewing",184386,"Graphique - Bunco Purse Notes, 3 x 4&quot;, Multi-Colored, 75 note pages",3.95,"http://ecx.images-amazon.com/images/I/41JnrieafdL._SY300_.jpg",520,1778.43,3.42
0895640163,"Health & Personal Care",515118,"Essene Teachings of Zarathustra",279.76,"http://ecx.images-amazon.com/images/I/214TOKc-jWL.jpg",717,3337.93,4.66
0898004640,"Health & Personal Care",438325,"White Peacock Gift Wrapping Paper",8.95,"http://ecx.images-amazon.com/images/I/61Qs5VsNWJL._SX300_.jpg",730,2801.9,3.84
0898004659,"Health & Personal Care",881053,"Iris &amp; Wisteria Gift Wrapping Paper",8.95,"http://ecx.images-amazon.com/images/I/61c5ICDyJ4L._SX300_.jpg",684,2708.28,3.96
0898004667,"Health & Personal Care",264369,"Peacock Gift wrapping paper",8.95,"http://ecx.images-amazon.com/images/I/61vD1Qda3wL._SX300_.jpg",669,2873.63,4.3
0907785212,"Health & Personal Care",1232763,"Renoir and Monet Notecards",662.04,"http://ecx.images-amazon.com/images/I/41Sl5y9MpIL._SY300_.jpg",829,3519.66,4.25
0929619730,"Health & Personal Care",199107,"New Generation B-Flax-D",24.95,"http://ecx.images-amazon.com/images/I/41YpSZ%2B9qdL._SX300_.jpg",462,1461.06,3.16
093926322X,"Health & Personal Care",473737,"Kama Sutra of Sexual Positions DVD: A Tantric Vision of Love",18.41,"http://ecx.images-amazon.com/images/I/512VVF4EFYL._SY300_.jpg",233,737.23,3.16
0954751302,"Health & Personal Care",142353,"IBS Audio Program 100 for Irritable Bowel Syndrome Self-Hypnosis - Official Distributor",114.87,"http://ecx.images-amazon.com/images/I/51OgAIm3amL._SY300_.jpg",238,869.42,3.65
0964967804,"Health & Personal Care",560671,"Partiers Guide To 51 Drinking Games",0.04,"http://ecx.images-amazon.com/images/I/51Q8K2SYJYL._SY300_.jpg",942,4333.45,4.6
0967930480,"Health & Personal Care",195549,"Body Sculpting Bibles Sport Supplement Reference Guide by William Llewellyn 1 book",45.79,"http://ecx.images-amazon.com/images/I/51F0UUwaszL._SY300_.jpg",178,857.07,4.82
0972433503,"Music",492668,"Ionic Yoga: Healing Relaxation for Ionic Footbath",15.42,"http://ecx.images-amazon.com/images/I/51PF4FXRXuL._SX300_.jpg",172,769.78,4.48
0974593613,"Health & Personal Care",430904,"FitBALL The Lower Body Challenge DVD with Cheryl Soleway",19.86,"http://ecx.images-amazon.com/images/I/51iC-pgr4fL._SY300_.jpg",153,690.09,4.51
097459363X,"Health & Personal Care",424852,"FitBALL All Round Workout DVD with Lisa Westlake",15.82,"http://ecx.images-amazon.com/images/I/51pil3uZReL._SY300_.jpg",139,524.23,3.77
0974959200,"Sports &amp; Outdoors",56744,"EAS Sports Nutrition Review - The Latest Research on Performance Nutrition",174.96,"http://ecx.images-amazon.com/images/I/51gHyuoLXEL._SY300_.jpg",279,1163.27,4.17
0976202107,"Health & Personal Care",285667,"Methods of Theoretical Physics, Parts 1 and 2",769.36,"http://ecx.images-amazon.com/images/I/41Z2D4M77HL._SY300_.jpg",502,1861.7,3.71
0978559088,"Health & Personal Care",405706,"Nutrihill Resveratrol Lozenges",692.4,"http://ecx.images-amazon.com/images/I/31znLKmNNuL._SY300_.jpg",859,4188.92,4.88
097968191X,"Health & Personal Care",208310,"White Coat Clipboard 2.0",588.32,"http://ecx.images-amazon.com/images/I/41QR2SuLK9L._SX300_.jpg",699,2508.0,3.59
0982828004,"Health & Personal Care",55620,"Anabolics 10th Edition Softcover (William Llewellyn's ANABOLICS)",59.99,"http://ecx.images-amazon.com/images/I/41rd0N5jhGL._SY300_.jpg",468,2161.84,4.62
098288446X,"Health & Personal Care",546887,"Astrology Quick Reference Sheet - Living Magick",3.63,"http://ecx.images-amazon.com/images/I/61SLDzw6IpL._SY300_.jpg",774,3673.9,4.75
0982884443,"Health & Personal Care",385550,"Tarot Reversals Quick Reference Sheet - Living Magick (Living Magick)",5.5,"http://ecx.images-amazon.com/images/I/61jx4mHuJ7L._SY300_.jpg",832,2692.93,3.24
0982884451,"Health & Personal Care",454918,"Runes Quick Reference Sheet - Living Magick",3.63,"http://ecx.images-amazon.com/images/I/61bGlb87GZL._SY300_.jpg",247,1226.34,4.96
0985013346,"Health & Personal Care",128098,"Emotions &amp; Essential Oils: A Modern Resource for Healing",82.5,"http://ecx.images-amazon.com/images/I/51YuBO%2B3UYL._SY300_.jpg",723,3380.9,4.68
1063010632,"Health & Personal Care",89870,"Hydrocollator Heating Element 1000W 120V",58.95,"http://ecx.images-amazon.com/images/I/3113KOnFFZL._SX300_.jpg",669,3035.63,4.54
1093486147,"Health & Personal Care",514430,"PU-70 PU70 Universal Quick Release Plate for Benro B1 B2 B3 J1 J2 Ballhead",9.59,"http://ecx.images-amazon.com/images/I/51UkpNyZF0L._SY300_.jpg",259,1008.28,3.89
1133442021,"Health & Personal Care",368257,"Tennessee State of the Nation",151.95,"http://ecx.images-amazon.com/images/I/51fCb-4XhzL._SY300_.jpg",182,615.8,3.38
1285114752,"Health & Personal Care",232706,"General Chemistry 121 -- WWU Edition",611.1,"http://ecx.images-amazon.com/images/I/41NYZwp6R1L._SY300_.jpg",302,1288.95,4.27
1300451076,"Pet Supplies",89096,"Allergy X Plus Dog and Cat Herbal Supplement",11.99,"http://ecx.images-amazon.com/images/I/31WXw7Q0p8L._SY300_.jpg",132,509.42,3.86
1424333083,"Health & Personal Care",70200,"Kinesiotaping in Pediatrics: Fundamentals and Whole Body Taping",48.9,"http://ecx.images-amazon.com/images/I/51auQd4I4HL._SY300_.jpg",778,3159.84,4.06
1427600228,"Health & Personal Care",473942,"Zenlet Green Tea Love Bracelet - All Natural",601.77,"http://ecx.images-amazon.com/images/I/31nxjufe%2BOL._SX300_.jpg",482,1826.74,3.79
1427742642,"Health & Personal Care",230138,"2013 CFA LEVEL 2 SCHWESER STUDY NOTES",400.0,"http://ecx.images-amazon.com/images/I/517YSEqZveL._SX300_.jpg",747,2732.31,3.66
1456605755,"Health & Personal Care",390552,"Beating Diabetes for Type 2 eBook 2012",39.99,"http://ecx.images-amazon.com/images/I/51K-tJGE4iL._SY300_.jpg",195,968.02,4.96
1467553298,"Health & Personal Care",853908,"Big, Bold, Easy to Write and Read Check Register",718.44,"http://ecx.images-amazon.com/images/I/51Ygm4DUItL._SX300_.jpg",851,3623.88,4.26
1560622016,"Health & Personal Care",132046,"Wellness Briefs Original, w/ NASA Technology, Large, Case/60 (3/20s)",77.92,"http://ecx.images-amazon.com/images/I/51ZFfZQ0jPL._SX300_.jpg",424,1895.79,4.47
1569375607,"Health & Personal Care",176756,"Green Tara Card (3 cards)",7.5,"http://ecx.images-amazon.com/images/I/314JQQTNNTL.jpg",784,2859.73,3.65
1574891790,"Home &amp; Kitchen",368396,"Cavallini Notebooks Paris 6 x 8",15.61,"http://ecx.images-amazon.com/images/I/51e6TUvUWIL._SY300_.jpg",927,4449.64,4.8
1574892142,"Health & Personal Care",390124,"Cavallini &amp; Co. San Francisco Decorative Decoupage Poster Wrapping Paper Sheet",4.95,"http://ecx.images-amazon.com/images/I/61F1BFXoAdL._SY300_.jpg",753,3164.29,4.2
1574890522,"Health & Personal Care",329315,"Cavallini &amp; Co. Cake Decorative Decoupage Poster Wrapping Paper Sheet",4.95,"http://ecx.images-amazon.com/images/I/517gm1x3cpL._SY300_.jpg",830,2716.76,3.27
157489112X,"Home &amp; Kitchen",616903,"Cavallini Glitter Gift Tags Christmas Birds, 36 Assorted Gift Tags",14.0,"http://ecx.images-amazon.com/images/I/51nqPUXiZyL._SX300_.jpg",530,1765.14,3.33
1574890107,"Home &amp; Kitchen",653899,"Cavallini Glitter Gift Tags Vintage Christmas, 36 Assorted Gift Tags",361.33,"http://ecx.images-amazon.com/images/I/51RBQCndvwL._SX300_.jpg",650,2846.89,4.38
1574890719,"Home &amp; Kitchen",418197,"Cavallini and Glitter Gift Tags Birds 36 Assorted Gift Tags Packaged in a Tin",12.45,"http://ecx.images-amazon.com/images/I/51y-x0mpvkL._SX300_.jpg",518,2168.47,4.19
1574892711,"Health & Personal Care",564144,"Cavallini &amp; Co. Flora &amp; Fauna Butterfly Decorative Decoupage Poster Wrapping Paper Sheet",4.95,"http://ecx.images-amazon.com/images/I/61qdo2FJ5nL._SY300_.jpg",963,3379.3,3.51
1574890859,"Home &amp; Kitchen",395314,"Cavallini Small Notebooks San Francisco 4 x 6",10.05,"http://ecx.images-amazon.com/images/I/51OnOh6DVRL._SY300_.jpg",681,2539.58,3.73
1574891138,"Home &amp; Kitchen",692251,"Cavallini Glitter Gift Tags Christmas Cheer, 36 Assorted Gift Tags",330.55,"http://ecx.images-amazon.com/images/I/51wAJBGWBML._SX300_.jpg",171,519.22,3.04
1574890735,"Home &amp; Kitchen",852405,"Cavallini Gift Tags Paris, 36 Assorted Gift Tags",9.5,"http://ecx.images-amazon.com/images/I/5141ly4I9HL._SX300_.jpg",106,405.61,3.83
157489093X,"Health & Personal Care",139059,"Cavallini &amp; Co. Phrenology Decorative Decoupage Poster Wrapping Paper Sheet",4.95,"http://ecx.images-amazon.com/images/I/51Zxc0OhZyL._SY300_.jpg",676,2329.39,3.45
1574894064,"Health & Personal Care",319434,"Cavallini &amp; Co. Vintage Posters Decorative Decoupage Poster Wrapping Paper Sheet",3.5,"http://ecx.images-amazon.com/images/I/61j-DSPTwiL._SY300_.jpg",366,1364.81,3.73
1574892444,"Home &amp; Kitchen",901825,"Cavallini Small Notebooks Flora &amp; Fauna 4 x 6,",10.05,"http://ecx.images-amazon.com/images/I/51fbgOiX-xL._SY300_.jpg",616,2944.6,4.78
1574895761,"Health & Personal Care",44412,"Cavallini &amp; Co. Hemispheres Map Decorative Decoupage Poster Wrapping Paper Sheet",4.95,"http://ecx.images-amazon.com/images/I/61SJC73wh1L._SX300_.jpg",149,720.83,4.84
1574895273,"Health & Personal Care",437183,"Cavallini &amp; Co. Italian Postcards Decorative Wrapping Paper 20x28",141.65,"http://ecx.images-amazon.com/images/I/61LUjuy9IQL._SY300_.jpg",274,833.91,3.04
1574896849,"Health & Personal Care",301904,"Cavallini &amp; Co. Vintage Christmas Toys Decorative Decoupage Poster Wrapping Paper Sheet",4.95,"http://ecx.images-amazon.com/images/I/61v2Lv7cOZL._SY300_.jpg",755,3156.76,4.18
1574892363,"Health & Personal Care",111288,"Cavallini &amp; Co. Italy Map Decorative Decoupage Poster Wrapping Paper Sheet",750.34,"http://ecx.images-amazon.com/images/I/61fwnl9bOBL._SY300_.jpg",765,2945.91,3.85
1574895990,"Home &amp; Kitchen",313597,"Cavallini Notebooks World Travels 6 x 8",11.55,"http://ecx.images-amazon.com/images/I/61YXql7pHFL._SY300_.jpg",505,1600.47,3.17
1574894633,"Home &amp; Kitchen",699074,"Cavallini Small Notebooks World Map Travels 4 x 6",10.75,"http://ecx.images-amazon.com/images/I/510qGretq7L._SY300_.jpg",862,3827.15,4.44
1574894137,"Health & Personal Care",166477,"Cavallini &amp; Co. Rome Map Decorative Decoupage Poster Wrapping Paper Sheet",4.95,"http://ecx.images-amazon.com/images/I/61IVTXwq02L._SX300_.jpg",438,2163.29,4.94
157489577X,"Health & Personal Care",141414,"Cavallini &amp; Co. Paris Eiffel Tower Decorative Wrapping Paper 20x28",4.95,"http://ecx.images-amazon.com/images/I/51FA%2BY6F9EL._SY300_.jpg",386,1628.86,4.22
1574896857,"Health & Personal Care",320991,"Cavallini &amp; Co. Snowman Decorative Decoupage Poster Wrapping Paper Sheet",302.77,"http://ecx.images-amazon.com/images/I/61D9rc2QpHL._SY300_.jpg",924,3950.14,4.28
1574898450,"Health & Personal Care",223155,"Cavallini &amp; Co. Vintage Office Decorative Decoupage Poster Wrapping Paper Sheet",4.95,"http://ecx.images-amazon.com/images/I/61DPDN%2BWURL._SY300_.jpg",377,1597.07,4.24
1574896865,"Health & Personal Care",383703,"Cavallini &amp; Co. Christmas Owls Decorative Decoupage Poster Wrapping Paper Sheet",4.95,"http://ecx.images-amazon.com/images/I/61XHMnINT2L._SY300_.jpg",294,1269.54,4.32
1574897748,"Home &amp; Kitchen",354667,"Cavallini Small Notebooks Keep Calm and Carry On, 4 x 6",7.85,"http://ecx.images-amazon.com/images/I/41qiH7mj6-L._SY300_.jpg",888,3567.94,4.02
1574898205,"Home &amp; Kitchen",608432,"Cavallini Small Notebooks Vintage Typewriter 4 x 6",14.86,"http://ecx.images-amazon.com/images/I/51XuDPP65-L._SY300_.jpg",249,1073.91,4.31
0110400550,"Cell Phones & Accessories",83460,"Pink &amp; White 3d Melt Ice-cream Skin Hard Case Cover for Apple Iphone 4 4s Protect Cell",3.33,"http://ecx.images-amazon.com/images/I/31zn6SOL1rL._SY300_.jpg",329,1601.39,4.87
011040047X,"Cell Phones & Accessories",495795,"Purple Hard Case Cover for Iphone 4 4s 4g with 3d Sculpture Design Blossom Rose Flower",1.94,"http://ecx.images-amazon.com/images/I/41WCZc2dCzL._SY300_.jpg",394,1753.79,4.45
0195866479,"Cell Phones & Accessories",371302,"Hello Kitty Light-weighted Chrome Case Black Color for iphone 4 4G (HOT ITEM)",2.94,"http://ecx.images-amazon.com/images/I/41fy1%2B5S5eL._SY300_.jpg",346,1581.47,4.57
0214514706,"Cell Phones & Accessories",778100,"Cool Summer Breeze in the Ocean Beach Collection: iPhone4/4s Case with Embossment- The Fish",0.94,"http://ecx.images-amazon.com/images/I/415cmp6QmML._SY300_.jpg",837,4005.63,4.79
0214714705,"Cell Phones & Accessories",654894,"Cool Summer Breeze In The Ocean Beach Collection: iPhone4/4S Case with Embossment-The Star of the Ocean",5.79,"http://ecx.images-amazon.com/images/I/41XDwPt2WzL._SY300_.jpg",905,3965.45,4.38
0214614700,"Cell Phones & Accessories",587215,"Cool Summer Breeze in the Ocean Beach Collection: iPhone4/4s Case with Embossment- Coral Sea",1.54,"http://ecx.images-amazon.com/images/I/41TyJ1nKFKL._SY300_.jpg",877,4259.99,4.86
0594033918,"Cell Phones & Accessories",294331,"Barnes &amp; Noble Industriell Easel Cover",0.99,"http://ecx.images-amazon.com/images/I/31ISOlKRb8L._SY300_.jpg",974,4750.05,4.88
0641554214,"Cell Phones & Accessories",384198,"--NEW AT&amp;T RIM Blackberry Curve 8300 8310 8320 Original OEM Full Housing Case Cover with Lens Battery Back Door Faceplate Bottom U Piece Red Color GSM Plus Tool Kit T5 Screw Driver &amp; Opener",13.99,"http://ecx.images-amazon.com/images/I/51IqRa0iLUL._SX300_.jpg",913,3668.23,4.02
0989890945,"Cell Phones & Accessories",763066,"Meme / Rage Face Iphone 4 / 4s Black Slim Case - Troll 4chan 9gag Over 60+ Memes",12.19,"http://ecx.images-amazon.com/images/I/51h47sbjPIL._SY300_.jpg",519,1617.86,3.12
1059375362,"Cell Phones & Accessories",1774154,"SlimPort (MyDP) HDMI Adapter for HTC Nexus 10 Tablet! Now you can stream to any HDMI enabled HDTV or device instantly using the newest adapter available. (Black)",591.23,"http://ecx.images-amazon.com/images/I/31rjYE2wSeL._SX300_.jpg",831,2603.42,3.13
1049830512,"Cell Phones & Accessories",115687,"Fashion Design Heart-Shaped Style Silver Beautiful Bracelets for Girls",7.91,"http://ecx.images-amazon.com/images/I/416vBqYVG0L._SY300_.jpg",129,407.95,3.16
1059130386,"Cell Phones & Accessories",165355,"Slim Garmin Virb Elite HD Camera Standard LED Wall Home Charger! AC / 110V-240V (Black)",59.33,"http://ecx.images-amazon.com/images/I/313N%2BatTDiL.jpg",166,792.39,4.77
103984068X,"Cell Phones & Accessories",2291263,"Matte Retro Cell Phone Handset for iPhone 4 4S With Volume Remote Control",401.76,"http://ecx.images-amazon.com/images/I/41LAaLGF-XL._SY300_.jpg",555,1690.52,3.05
1059236222,"Cell Phones & Accessories",784292,"Professional 2.1A Sony Vaio Tap 11 Tablet Blue LED Car Charger that charges over 2X Faster than 1A Chargers!",621.64,"http://ecx.images-amazon.com/images/I/31AG0KqOc0L.jpg",620,2408.71,3.89
1059983346,"Cell Phones & Accessories",382220,"Asus Transformer Book T100TA POWERED (OTG) Micro-USB to USB 2.0 Adapter High Speed Data-Transfer Cable for connecting any compatible USB Accessory/Device/Drive/Flash/ and truly On-The-Go with Power Port!",631.8,"http://ecx.images-amazon.com/images/I/41e4lIWfNlL._SY300_.jpg",704,2729.44,3.88
1059947692,"Cell Phones & Accessories",1230999,"Samsung SM-N900V POWERED (OTG) Micro-USB to USB 2.0 Adapter High Speed Data-Transfer Cable for connecting any compatible USB Accessory/Device/Drive/Flash/ and truly On-The-Go with Power Port!",328.45,"http://ecx.images-amazon.com/images/I/41e4lIWfNlL._SY300_.jpg",156,574.07,3.68
1059661160,"Cell Phones & Accessories",930703,"Portable Sony Vaio Tap 11 Tablet Lightweight, Compact, Travel Micro-USB Home Charger is designed so the cord wraps around the base! Never lose or damage your charger pieces again! (BLACK , 0.7A - 2.1A)",692.6,"http://ecx.images-amazon.com/images/I/418OU2y9zuL._SY300_.jpg",142,617.76,4.35
1059949202,"Cell Phones & Accessories",585672,"Dell Venue 8 Pro POWERED (OTG) Micro-USB to USB 2.0 Adapter High Speed Data-Transfer Cable for connecting any compatible USB Accessory/Device/Drive/Flash/ and truly On-The-Go with Power Port!",562.96,"http://ecx.images-amazon.com/images/I/41e4lIWfNlL._SY300_.jpg",172,729.25,4.24
1059274930,"Cell Phones & Accessories",478363,"SlimPort (MyDP) HDMI Adapter for LG G Flex Smartphone! Now you can stream to any HDMI enabled HDTV or device instantly using the newest adapter available. (White)",15.97,"http://ecx.images-amazon.com/images/I/31rjYE2wSeL._SX300_.jpg",258,979.89,3.8
1059844591,"Cell Phones & Accessories",1675768,"SlimPort (MyDP) to 6FT/2M HDMI Adapter for LG G3 Smartphone! Stream to any HDMI enabled HDTV or device instantly using the newest adapter available. (Black)",496.83,"http://ecx.images-amazon.com/images/I/41vcoUCd9tL._SY300_.jpg",639,2668.27,4.18
1059766019,"Cell Phones & Accessories",1706972,"Solar Powered Sony Vaio Tap 11 Tablet Charger comes in a Eco-Slim, Smooth, Durable Designed window mount. Reliable Dual Direct Solar comes from sunshine and the internal battery so you can rid yourself of the wall plug even on cloudy days, save money, and go green! (YELLOW)",238.97,"http://ecx.images-amazon.com/images/I/4171Y3WFbaL._SY300_.jpg",520,2006.4,3.86
1059370514,"Cell Phones & Accessories",1645611,"Professional 1A Looxcie 2 Camera BLUE LED Car Charger with digital automatic rapid and slow charge! (Black)",8.99,"http://ecx.images-amazon.com/images/I/31XwQxxnlNL.jpg",468,2230.68,4.77
103824174X,"Cell Phones & Accessories",1919108,"Samsung Galaxy S2 Skyrocket Smartphone Detachable Multi Travel 2A USB Charger with Micro-USB Cable by Samsung!",722.09,"http://ecx.images-amazon.com/images/I/41ZKje4JOaL._SX300_.jpg",533,1699.84,3.19
1059641577,"Cell Phones & Accessories",1308880,"Garmin nuvi 2555LMT GPS Standard Red LED Wall / AC / Home Charger! (Fuse Protected)",581.63,"http://ecx.images-amazon.com/images/I/21JuNoXqvxL._SY300_.jpg",806,2446.99,3.04
1059777851,"Cell Phones & Accessories",1299314,"Solar Powered Amazon Kindle Fire HDX 7 Tablet Charger comes in a Eco-Slim, Smooth, Durable Designed window mount. Reliable Dual Direct Solar comes from sunshine and the internal battery so you can rid yourself of the wall plug even on cloudy days, save money, and go green! (RED)",603.78,"http://ecx.images-amazon.com/images/I/4171Y3WFbaL._SY300_.jpg",319,1520.97,4.77
1059359189,"Cell Phones & Accessories",810863,"FULL Power Samsung Galaxy Note 10.1 2014 Edition Tablet Charging Micro-USB Data Cable's Dual Chipset can charge up to 4.2A/4200mah speeds! (White)",10.95,"http://ecx.images-amazon.com/images/I/31olwFVwaVL._SY300_.jpg",364,1303.54,3.58
1098409183,"Cell Phones & Accessories",724102,"High-Technique 3D Analog Joystick Cap Button for Sony PSP 3000",1.99,"http://ecx.images-amazon.com/images/I/31RwGsbvTsL._SY300_.jpg",411,1848.7,4.5
1059598515,"Cell Phones & Accessories",759138,"Solar Powered Casio G'zOne Commando 4G LTE Smartphone Charger comes in a Eco-Slim, Smooth, Durable Designed window mount. Reliable Dual Direct Solar comes from sunshine and the internal battery so you can rid yourself of the wall plug even on cloudy days, save money, and go green!",174.24,"http://ecx.images-amazon.com/images/I/4171Y3WFbaL._SY300_.jpg",743,3424.84,4.61
1059556936,"Cell Phones & Accessories",1715893,"Professional Samsung Galaxy Note 10.1 2014 Edition Tablet Folding Blade Wall Charger!",198.12,"http://ecx.images-amazon.com/images/I/31OuirhcPfL.jpg",713,2523.9,3.54
1111306079,"Cell Phones & Accessories",434416,"Ec00166c 3d Car Transformers Hard Case Cover for Apple Iphone4 4g/4s + Free Screen Protector",5.99,"http://ecx.images-amazon.com/images/I/41X7q13a4YL._SY300_.jpg",683,2669.75,3.91
1111305218,"Cell Phones & Accessories",1453008,"Iac Ebk in Owl 24 Mos Chem",0.78,"http://ecx.images-amazon.com/images/I/51UCweWGizL._SY300_.jpg",356,1538.69,4.32
111130114X,"Cell Phones & Accessories",371305,"Ec00151b Hello Kitty Iphone 4s Case Hard Case Cover for Apple Iphone4 4g/4s + Free Screen Protector",0.78,"http://ecx.images-amazon.com/images/I/41v82qNkv9L._SY300_.jpg",436,1575.73,3.61
1111306052,"Cell Phones & Accessories",355942,"Ecbuy Store Ec00166b 3d Car Transformers Hard Case Cover for Apple Iphone 4 4g/4s and Free Screen Protector",5.99,"http://ecx.images-amazon.com/images/I/41LEtdC0OQL._SY300_.jpg",952,3491.74,3.67
1111301166,"Cell Phones & Accessories",549212,"Ec00151d Hello Kitty Iphone 4s Case Hard Case Cover",0.78,"http://ecx.images-amazon.com/images/I/41BafNGxQnL._SY300_.jpg",742,3635.11,4.9
118270882X,"Cell Phones & Accessories",1050972,"Ec00063k Hello Kitty Home Button Sticker for Apple Ipad/iphone 3g/4g/ipad2/ipod 4g + Free Screen Protector",20.52,"http://ecx.images-amazon.com/images/I/51LLCuFiJRL._SY300_.jpg",445,1816.56,4.08
1182707866,"Cell Phones & Accessories",846794,"Ec00142black Cleave Premium Aluminum Metal Bumper for Iphone 4g Iphone 4s + Free Screen Protector",675.3,"http://ecx.images-amazon.com/images/I/4162k2yzLQL._SY300_.jpg",449,2166.37,4.82
1182702295,"Cell Phones & Accessories",331738,"Ec00019pink Panda Case Hard Case Cover for Apple Iphone4 4g + Free Screen Protector",7.4,"http://ecx.images-amazon.com/images/I/41Fbhehx-bL._SY300_.jpg",232,1071.07,4.62
1182701647,"Cell Phones & Accessories",1115670,"Ec00066c Smurfs Case Gutsy Hard Case Cover for Apple Iphone4 4g + Free Screen Protector",497.54,"http://ecx.images-amazon.com/images/I/41OJAUEQnPL._SY300_.jpg",455,2054.55,4.52
1182701434,"Cell Phones & Accessories",1394371,"Transformers Case Hard Case Cover with Metal (Aluminum Alloy) for Apple Iphone4 4g-blue + Free Screen Protector",790.41,"http://ecx.images-amazon.com/images/I/51iMprQcuvL._SY300_.jpg",727,2978.99,4.1
1182701566,"Cell Phones & Accessories",745990,"Rilakkuma Case TPU Soft Case Cover for Apple Iphone4 4g - A + Free Screen Protector",222.93,"http://ecx.images-amazon.com/images/I/41Nfy-aw-qL._SY300_.jpg",879,3634.8,4.14
1182701906,"Cell Phones & Accessories",1312580,"Hello Kitty Flip Leather Case Hard Case Cover for Apple Iphone4 4g - B + Free Screen Protector",622.9,"http://ecx.images-amazon.com/images/I/51vKJC2QM2L._SY300_.jpg",877,3609.33,4.12
1182700721,"Cell Phones & Accessories",614519,"Spongebob Squarepants Home Button Sticker for Apple Ipad/iphone 3g/3gs/4g/ipad2/ipod 4g - Ec00064f + Free Screen Protector",3.36,"http://ecx.images-amazon.com/images/I/411yodCnA4L._SY300_.jpg",745,2846.96,3.82
1182701450,"Cell Phones & Accessories",544145,"Transformers Case Hard Case Cover with Metal (Aluminum Alloy) for Apple Iphone4 4g- Ec00073glod + Free Screen Protector",5.99,"http://ecx.images-amazon.com/images/I/51TJgQ-U4KL._SY300_.jpg",258,834.18,3.23
1182701582,"Cell Phones & Accessories",951091,"Rilakkuma Case TPU Soft Case Cover for Apple Iphone4 4g - C + Free Screen Protector",303.71,"http://ecx.images-amazon.com/images/I/41KBLGdinEL._SY300_.jpg",929,3135.12,3.37
1182702589,"Cell Phones & Accessories",430985,"Bunny Rabito Case Silicone TPU Case Cover for Apple Iphone4 4g - Lightblue + Free Screen Protector",3.67,"http://ecx.images-amazon.com/images/I/41Aned3S8yL._SX300_.jpg",889,4439.05,4.99
1182701604,"Cell Phones & Accessories",1097100,"Kutusitanyanko Case TPU Soft Case Cover for Apple Iphone4 4g - E + Free Screen Protector",533.24,"http://ecx.images-amazon.com/images/I/41qqIRSQw4L._SY300_.jpg",696,3198.93,4.6
1182702627,"Cell Phones & Accessories",340563,"Hello Kitty Home Button Sticker plus Free Screen Protector",1.8,"http://ecx.images-amazon.com/images/I/41nqaKcaorL._SX300_.jpg",557,2583.04,4.64
120401308X,"Cell Phones & Accessories",37145,"Spongebob Squarepants Home Button Sticker for Iphone 4g/4s Ipad2 Ipod Ib043k with Free Screen Protector",3.66,"http://ecx.images-amazon.com/images/I/41rCCxhbmYL._SY300_.jpg",903,3195.42,3.54
1182707599,"Cell Phones & Accessories",2431221,"Ec00088h Spongebob Squarepants Case Hard Case Cover for Apple Iphone4 4g + Free Screen Protector",666.89,"http://ecx.images-amazon.com/images/I/51hJlzSxnoL._SY300_.jpg",376,1638.29,4.36
1182710026,"Cell Phones & Accessories",649196,"Ec00072i Lacoste Case Hard Case Cover for Apple Iphone4 4g + Free Screen Protector",0.78,"http://ecx.images-amazon.com/images/I/41UbRz3zOxL._SY300_.jpg",796,2892.16,3.63
120402040X,"Cell Phones & Accessories",160794,"Hello Kitty Home Button Sticker for Iphone 4g/4s Ipad2 Ipod Ib046n + Free Screen Protector",1.8,"http://ecx.images-amazon.com/images/I/51sp85PtD%2BL._SY300_.jpg",275,1143.4,4.16
1204036179,"Cell Phones & Accessories",706094,"Football Club Hard Case for iPhone 5 + Free Screen Protector",579.8,"http://ecx.images-amazon.com/images/I/417Y1smwCuL._SY300_.jpg",390,1232.55,3.16
1204012970,"Cell Phones & Accessories",273956,"Hello Kitty Home Button Sticker for Iphone 4g/4s Ipad2 Ipod Jc063d + Free Screen Protector",1.94,"http://ecx.images-amazon.com/images/I/412nAuNmpoL._SY300_.jpg",364,1771.69,4.87
1204040982,"Cell Phones & Accessories",2262796,"Cool Cartoon Cat Leather Flip Cover For iPad2/New iPad/iPad4 J",767.72,"http://ecx.images-amazon.com/images/I/510gaUdIaLL._SY300_.jpg",619,2491.63,4.03
120401387X,"Cell Phones & Accessories",292583,"Leopard Jc064ax Home Button Sticker for Iphone 4g/4s Ipad2 Ipod (AT&amp;T Only) and Free Screen Protector",6.27,"http://ecx.images-amazon.com/images/I/51sQyyqNntL._SY300_.jpg",968,3078.37,3.18
1182701574,"Cell Phones & Accessories",1006672,"Rilakkuma Case TPU Soft Case Cover for Apple Iphone4 4g - B + Free Screen Protector",32.47,"http://ecx.images-amazon.com/images/I/41dzYe19IHL._SY300_.jpg",353,1222.65,3.46
120401325X,"Cell Phones & Accessories",20964,"Leopard Home Button Sticker for Iphone 4g/4s Ipad2 Ipod (At&amp;t Only) Jc064an + Free Screen Protector",1.94,"http://ecx.images-amazon.com/images/I/51dHuetk2NL._SY300_.jpg",436,1451.93,3.33
1204037159,"Cell Phones & Accessories",1290529,,412.24,"http://ecx.images-amazon.com/images/I/41bN76rXFUL._SY300_.jpg",293,1027.31,3.51
1182701477,"Cell Phones & Accessories",645403,"Transformers Case Hard Case Cover with Metal (Aluminum Alloy) for Apple Iphone4 4g-ec00073sliver+ Free Screen Protector",531.43,"http://ecx.images-amazon.com/images/I/51x0PkC%2BKoL._SY300_.jpg",903,3015.96,3.34
1204013179,"Cell Phones & Accessories",472825,"Transformers Home Button Sticker for Iphone 4g/4s Ipad2 Ipod Jc064aa + Free Screen Protector",1.09,"http://ecx.images-amazon.com/images/I/41MER0VmZdL._SY300_.jpg",563,2442.68,4.34
1204037809,"Cell Phones & Accessories",1271968,,606.2,"http://ecx.images-amazon.com/images/I/51jeMrmbBXL._SY300_.jpg",130,598.5,4.6
1304958612,"Cell Phones & Accessories",288959,"12x Zoom Telescope Camera Lens Kit + Tripod + Case For Apple iPhone 4 4S",15.46,"http://ecx.images-amazon.com/images/I/51cC-aOJgNL._SY300_.jpg",231,1062.43,4.6
134739740X,"Cell Phones & Accessories",581374,"PU Leather Purse Wallet Case Card Holder For iPhone 4/4S/3G Purple",9.82,"http://ecx.images-amazon.com/images/I/410gBAxNOkL._SY300_.jpg",669,2450.15,3.66
1395871035,"Cell Phones & Accessories",80120,"Car Grip Pad Non Slip Sticky Anti Slide Dash Cell Phone Mount Holder Mat",5.99,"http://ecx.images-amazon.com/images/I/41l-wSs5UGL._SY300_.jpg",879,3338.6,3.8
1384095802,"Cell Phones & Accessories",289423,"Black Durable Front Lens Cap Snap-on Cover 72mm Suitable For Sony Nikon Canon",4.16,"http://ecx.images-amazon.com/images/I/41WOc6TPqeL._SY300_.jpg",422,1298.45,3.08
1412789788,"Cell Phones & Accessories",145271,"School Days School Memories Keepsake Album -- 8 pockets for storing treasured mementos --- space to attach school photos --- prompts to record details of each school year",5.06,"http://ecx.images-amazon.com/images/I/51AFFNlgQnL._SX300_.jpg",382,1478.58,3.87
1439618038,"Cell Phones & Accessories",423036,"12X Magnifier Zoom Aluminum Tripod Camera Telephoto Lens for Apple iPhone 5",17.45,"http://ecx.images-amazon.com/images/I/41OEHdzNwsL._SY300_.jpg",970,3312.23,3.41
1466736038,"Cell Phones & Accessories",56138,"Samsung Galaxy S III I747 New Unlocked 16GB - Blue",284.49,"http://ecx.images-amazon.com/images/I/51hAD8gsrqL._SY300_.jpg",499,1566.2,3.14
1610121155,"Cell Phones & Accessories",1203738,"NEWEST Sliver Color Arachnophobia Durable Aluminium Metal Cover Case for iphone 5 5G",13.88,"http://ecx.images-amazon.com/images/I/51rhs6wyDBL._SY300_.jpg",844,3743.3,4.44
1610121147,"Cell Phones & Accessories",21884,"NEWEST Black Color Arachnophobia Durable Aluminium Metal Cover Case for iphone 5 5G",5.21,"http://ecx.images-amazon.com/images/I/410T733f72L._SY300_.jpg",232,764.47,3.3
1615600612,"Cell Phones & Accessories",651116,"NOOK Replacement Battery Pack with Scrwedriver &amp; Instructions for NOOK Wi-Fi &amp; NOOK 3G + Wi-Fi 1530 mAh Lithium Polymer Battery 52995",10.45,"http://ecx.images-amazon.com/images/I/41T%2BhIQxxlL._SY300_.jpg",656,2356.2,3.59
1621520722,"Cell Phones & Accessories",419027,"Jonathan Adler iPhone 5 Cover - Mod Floral",21.68,"http://ecx.images-amazon.com/images/I/51wUDUO2lQL._SY300_.jpg",908,2737.67,3.02
1621911888,"Cell Phones & Accessories",209436,"Samsung Galaxy S Advance I9070 8Gb White WiFi Android 3G Cell Phone",239.99,"http://ecx.images-amazon.com/images/I/41oafU78GUL._SY300_.jpg",903,4425.44,4.9
1894736982,"Cell Phones & Accessories",2193398,"AC Wall Charger + In-Car Adapter for Canon LP-E8 LPE8 w /AU Plug",72.25,"http://ecx.images-amazon.com/images/I/41LI41OZjxL._SY300_.jpg",796,3095.34,3.89
1908510986,"Cell Phones & Accessories",449273,"USB Data Sync Charger Cable Cord for Samsung Galaxy Tab P1000 P7300 P7310 P6200",0.58,"http://ecx.images-amazon.com/images/I/41wJoHbCZOL._SY300_.jpg",351,1133.53,3.23
1934790613,"Cell Phones & Accessories",69871,"Replacement Front /Back Camera Flex for iPod Touch 4th Gen 4G",7.8,"http://ecx.images-amazon.com/images/I/41h8H5WXAZL._SY300_.jpg",813,3325.38,4.09
1938759834,"Cell Phones & Accessories",30126,"Wireless Bluetooth Gaming Headset for Sony Playstation 3 PS3 New",11.53,"http://ecx.images-amazon.com/images/I/51pYZb1LQsL._SY300_.jpg",541,1964.18,3.63
1948701847,"Cell Phones & Accessories",5948,"Micro USB to 30 pin Female/Male Charger Adapter for Apple iPhone 4S/iPad /iPod",2.21,"http://ecx.images-amazon.com/images/I/41HTa9gF91L._SY300_.jpg",320,1028.97,3.22
1958103942,"Cell Phones & Accessories",519744,"Bumper Case Cover Skin Red White for iPhone 4 4S W/ Metal Buttons Red",6.39,"http://ecx.images-amazon.com/images/I/51Awa83EiOL._SY300_.jpg",392,1877.98,4.79
2309458104,"Cell Phones & Accessories",584560,"Bluetooth A2DP Audio Music Earphone Headset Wireless Receiver Adapter Handy",11.8,"http://ecx.images-amazon.com/images/I/41AtAU75y4L._SX300_.jpg",347,1237.05,3.56
2498604987,"Cell Phones & Accessories",131437,"Leegoal 60X Zoom LED Cell Phone Mobile Phone Microscope Micro Lens for Apple iPhone 5 5G",4.62,"http://ecx.images-amazon.com/images/I/41%2ByYOZz2zL._SY300_.jpg",400,1999.01,5.0
2904809562,"Cell Phones & Accessories",1369223,"Ring Vibrate Mute Toggle Switch Button Key For iPhone 3GS 3G",28.71,"http://ecx.images-amazon.com/images/I/41TquZjV4LL._SY300_.jpg",320,997.9,3.12
2912010594,"Cell Phones & Accessories",113389,"Earphone Jack Accessory 1pcs Of Bling Crown / Dust Plug / Ear Jack For For Iphone 4 4S / Samsung / iPad / iPod Touch / Other 3.5mm Ear Jack",5.21,"http://ecx.images-amazon.com/images/I/41FjwvdUZPL._SY300_.jpg",381,1575.37,4.13
3283005737,"Cell Phones & Accessories",24491,"Google Glass Explorer Edition(XE) Version 2.0 (Charcoal)",695.6,"http://ecx.images-amazon.com/images/I/416-YQ60bCL._SX300_.jpg",457,1871.63,4.1
399889988X,"Cell Phones & Accessories",39031,"PowerBear&reg; Samsung Galaxy S4 Rechargeable Battery Case - Black (Go Beyond Your Power)",25.99,"http://ecx.images-amazon.com/images/I/41BXkF6IfvL._SY300_.jpg",773,3335.78,4.32
3993854705,"Cell Phones & Accessories",278977,"OnlineBestDigital - Sink Plunger Mini Stand for Apple iPhone, iPod, iPad, iPad mini, Samsung Galaxy",3.29,"http://ecx.images-amazon.com/images/I/41tlBPUw4hL._SY300_.jpg",833,2944.92,3.54
3993854373,"Cell Phones & Accessories",187585,"OnlineBestDigital - iPhone 4S / iPhone 4 Gameboy Style Silicone Skin Case / Cover / Shell - Yellow",4.89,"http://ecx.images-amazon.com/images/I/51MvJtH2K0L._SY300_.jpg",423,1837.27,4.34
3998899561,"Cell Phones & Accessories",23441,"PowerBear&reg; Samsung Galaxy S4 Battery Case - White (Double Your Power)",21.95,"http://ecx.images-amazon.com/images/I/41J0zT637zL._SY300_.jpg",107,507.42,4.74
3993854128,"Cell Phones & Accessories",170318,"OnlineBestDigital - iPhone 4S / iPhone 4 Brick Style Silicone Skin Case / Cover / Shell - Black with Blue and Orange",4.89,"http://ecx.images-amazon.com/images/I/51y9vSDidpL._SY300_.jpg",153,641.11,4.19
0736513299,"Industrial & Scientific",439204,"Films Media Group Periodic Table of Elements Poster Series, 22&quot; x 17&quot; (Set of 8)",164.23,"http://ecx.images-amazon.com/images/I/61KqHy9v8sL._SX342_.jpg",346,1687.41,4.88
074032859X,"Industrial & Scientific",136587,"2013 switched on Schoolhouse, 5th Grade, Grade 5 Language Arts Curriculum by AOP (Alpha Omega HomeSchooling), SOS CD-ROM",99.95,"http://ecx.images-amazon.com/images/I/51-GTBzyEqL._SX342_.jpg",150,633.06,4.22
074032957X,"Industrial & Scientific",162495,"2013 switched on Schoolhouse, American Literature Elective for Grades 7, 8, 9, 10, 11, 12 SOS, CD-ROM",56.95,"http://ecx.images-amazon.com/images/I/51-GTBzyEqL._SX342_.jpg",331,1108.35,3.35
0954751302,"Health & Personal Care",142353,"IBS Audio Program 100 for Irritable Bowel Syndrome Self-Hypnosis - Official Distributor",114.87,"http://ecx.images-amazon.com/images/I/51OgAIm3amL._SY300_.jpg",386,1747.51,4.53
0965484947,"Industrial & Scientific",69945,"Framework and Space Filling Chemistry Models",212.14,"http://ecx.images-amazon.com/images/I/51vAp%2Bzr83L._SX342_.jpg",429,2042.02,4.76
1063010632,"Health & Personal Care",89870,"Hydrocollator Heating Element 1000W 120V",58.95,"http://ecx.images-amazon.com/images/I/3113KOnFFZL._SX300_.jpg",556,2630.75,4.73
1593807473,"Industrial & Scientific",173729,"Discovery Education Mythbusters: Chemistry Video - Chemical Reactions DVD",59.95,"http://ecx.images-amazon.com/images/I/51u3IAc3jVL._SY445_.jpg",175,527.5,3.01
1904369995,"Movies & TV",429808,"Interactive Functional Anatomy DVD-ROM",68.69,"http://ecx.images-amazon.com/images/I/21tyrORdImL.jpg",108,428.21,3.96
1907061126,"Software",9574,,192.81,"http://ecx.images-amazon.com/images/I/315nxKfRupL.jpg",694,2250.02,3.24
1907544453,"Industrial & Scientific",110600,"Rowan Summer Textures Pattern Book SS13",17.95,"http://ecx.images-amazon.com/images/I/511yV-JcokL._SX342_.jpg",534,1995.23,3.74
193493139X,"Electronics",3212,"Turning Technologies Response Card RF Clicker",56.99,"http://ecx.images-amazon.com/images/I/41kB9YuUQzL._SX300_.jpg",973,3640.95,3.74
1934931055,"Computers & Accessories",1319,"Turning Technologies ResponseCard XR Clicker RCXR-01",51.97,"http://ecx.images-amazon.com/images/I/51suewGN3zL._SY300_.jpg",854,3036.38,3.56
4056051836,"Industrial & Scientific",83948,"SX-150 Analog Synthesizer Kit",69.31,"http://ecx.images-amazon.com/images/I/61NVT3XilgL._SY445_.jpg",803,3490.83,4.35
7209037217,"Industrial & Scientific",109979,"New Video Otoscope USB Digital Ear Camera Earscope",149.0,"http://ecx.images-amazon.com/images/I/417%2BC6e8vJL._SX342_.jpg",697,2445.74,3.51
750803855X,"Industrial & Scientific",23737,"Video Otoscope 2.0MP USB digital Auriscope Ear Camera",149.0,"http://ecx.images-amazon.com/images/I/417%2BC6e8vJL._SX342_.jpg",982,3882.07,3.95
8805002194,"Industrial & Scientific",22832,"Manual Heavy Duty Grommet Eyelet Die Press Machine Tool #0 #2 #4 Dies 900 Grommets",65.3,"http://ecx.images-amazon.com/images/I/51lrv%2BRBRdL._SX342_.jpg",647,2229.43,3.45
8805002275,"Arts, Crafts & Sewing",96944,"2000 Pieces Top Quality 1/4&quot; #0 Grommets and Washers Nickel Eyelet Die Press Tool Ideal For Making Posters Tags Bags Curtains Belts Dresses Shoes",29.95,"http://ecx.images-amazon.com/images/I/61xnnVxsbBL._SY300_.jpg",434,1926.76,4.44
8805002283,"Arts, Crafts & Sewing",336952,"1000 Pieces Upgrade Durable 3/8&quot; #2 Grommets and Washers Brass Eyelet Die Press Tool Ideal For Making Posters Tags Bags Curtains Belts Dresses Shoes",28.04,"http://ecx.images-amazon.com/images/I/61tsNpQlr2L._SY300_.jpg",487,2133.46,4.38
8805002259,"Arts, Crafts & Sewing",243739,"1/2&quot; #4 Nickle Grommets and Washers for Posters, Tags, Bags 1000 Package",29.54,"http://ecx.images-amazon.com/images/I/61xnnVxsbBL._SY300_.jpg",903,3028.75,3.35
9792219757,"Industrial & Scientific",167189,"Owon PDS6062S 60 MHz Portable Digital Oscilloscope, USB interface, 250MS/s, Dual Channel",130.63,"http://ecx.images-amazon.com/images/I/51Q9XMdH40L._SX342_.jpg",455,2098.18,4.61
9820940192,"Industrial & Scientific",127394,"12V DC BRUSHLESS FAN WITH VAPO BEARINGS",7.95,"http://ecx.images-amazon.com/images/I/41mBIaLSsML._SX342_.jpg",363,1627.34,4.48
9827012088,"Industrial & Scientific",161392,"ENCLOSURE,ABS,FIT ARDUINO MEGA,DUEMILANOVE OR UNO,3.4x2.5x1.1",15.45,"http://ecx.images-amazon.com/images/I/21GWLIVIVWL.jpg",321,1448.64,4.51
9827052918,"Industrial & Scientific",77435,"Basic Stamp 2 Module",48.95,"http://ecx.images-amazon.com/images/I/41Y4x2XRX%2BL._SX342_.jpg",836,2529.32,3.03
9861011536,"Industrial & Scientific",249393,"Black X-Ray Skull Design Rubberized Snap on Hard Cover Protector Faceplate Skin Cell Phone Case for T-Mobile Samsung Vibrant T959 Galaxy S + LCD Screen Guard Film + Free iTuffy Flannel Bag",355.9,"http://ecx.images-amazon.com/images/I/41YRsQ121VL._SX342_.jpg",332,1585.61,4.78
994991812X,"Industrial & Scientific",166486,"Haapsalu r&auml;tt/ The Haapsalu Scarf",84.95,"http://ecx.images-amazon.com/images/I/41GvR-fOgDL._SY445_.jpg",798,3467.52,4.35
B000001QB1,"Music",190346,"Gershwin: Porgy and Bess (Concert Suites)",586.95,"http://ecx.images-amazon.com/images/I/51Oz1WCKRdL._SY300_.jpg",163,703.82,4.32
B0000064YS,"Music",561202,"End Construction: Resume Speed",8.62,"http://ecx.images-amazon.com/images/I/41J39FY8XFL.jpg",809,2992.66,3.7
B00000GBXA,"Industrial & Scientific",73609,"Very First Magnet Kit",16.0,"http://ecx.images-amazon.com/images/I/71Fqy3tW%2BiL._SX342_.gif",637,2728.09,4.28
B00000J01Z,"Industrial & Scientific",117678,"OLD BACHELOR: THE 90'T VERSON OF OLD MAID",20.0,"http://ecx.images-amazon.com/images/I/519B6RM6Z9L._SY445_.jpg",540,2185.03,4.05
B00000JFRR,"Music",563658,"A Mellow Bit of Rhythm",11.31,"http://ecx.images-amazon.com/images/I/51ocqeo8cXL._SY300_.jpg",627,3061.03,4.88
B00000JH56,"Industrial & Scientific",174444,"Lego System Adventurers Series-Sphinx Secret Surprise",457.45,"http://ecx.images-amazon.com/images/I/71H2RG2K61L._SX342_.gif",885,3115.9,3.52
B0000223X4,"Home &amp; Kitchen",3774351,"ShopVac Clean Stream Wet/dry Vac Replace Filtr",410.93,"http://ecx.images-amazon.com/images/I/41R418XRDXL._SY300_.jpg",883,3246.15,3.68
B00002254I,"Industrial & Scientific",18078,"Starrett 120A-6 Dial Caliper, Stainless Steel, White Face, 0-6&quot; Range, +/-0.001&quot; Accuracy, 0.001&quot; Resolution",188.23,"http://ecx.images-amazon.com/images/I/6154PFEPJVL._SX342_.gif",219,1035.91,4.73
B00002N5JZ,"Industrial & Scientific",157647,"Nicholson 80950 10-Inch Economy Hacksaw Frame",10.97,"http://ecx.images-amazon.com/images/I/31BD5XYWFGL._SX342_.jpg",776,3446.19,4.44
B00002N5JT,"Industrial & Scientific",10494,"Nicholson 6 Piece Hobby File Set (Carded), 5-1/2&quot; Length",25.7,"http://ecx.images-amazon.com/images/I/41TK6PKD13L._SY445_.jpg",170,681.42,4.01
B00002N5ME,"Industrial & Scientific",6575,"Nicholson Rectangular Mill Hand File Without Handle, Single Cut, American Pattern, Bastard Cut, 10&quot; Length",5.47,"http://ecx.images-amazon.com/images/I/31cFOYE1p-L._SX342_.jpg",424,1776.44,4.19
B00002N5K3,"Industrial & Scientific",181167,"MSA Coping Saw",9.35,"http://ecx.images-amazon.com/images/I/31-G5n7K3gL._SX342_.jpg",675,3214.62,4.76
B00002N5M5,"Industrial & Scientific",48542,"Nicholson Rectangular Mill Hand File Without Handle, Single Cut, American Pattern, Bastard Cut, 12&quot; Length",10.15,"http://ecx.images-amazon.com/images/I/11SDJ2GK0BL._SX342_.jpg",431,1984.93,4.61
B00002N60O,"Industrial & Scientific",359,"Rubbermaid Commercial FG263200GRAY Brute LLDPE Round Container without Lid, 32-gallon, Gray",29.81,"http://ecx.images-amazon.com/images/I/316unHNIwQL._SX342_.jpg",273,1063.85,3.9
B00002N60G,"Home &amp; Kitchen",5577,"Rubbermaid Commercial - PVA Sponge Mop w/Wringer Lever, 12w, Blue Head",23.33,"http://ecx.images-amazon.com/images/I/61EB5A7WWGL._SY300_.gif",119,450.7,3.79
B00002N631,"Home &amp; Kitchen",2109325,"Electrolux Home Care Products Sc688a Commercial Vacuum 6.5 Amp",222.95,"http://ecx.images-amazon.com/images/I/41137QY1W3L._SY300_.jpg",171,785.41,4.59
B00002N68M,"Industrial & Scientific",3192,"Insulated Hose Nozzle (Color May Vary)",7.63,"http://ecx.images-amazon.com/images/I/41CFhMBo12L._SX342_.jpg",362,1102.34,3.05
B00002N74D,"Industrial & Scientific",194288,"Pemko Flat Saddle Threshold, Mill Finish Aluminum, 36&quot;L x 3&quot;W x 0.25&quot;H",19.08,"http://ecx.images-amazon.com/images/I/31vF%2B2dIEIL._SX342_.jpg",360,1535.1,4.26
B00002N78W,"Patio, Lawn & Garden",25729,"Rope Caulk Weatherstripping, 90' White",8.49,"http://ecx.images-amazon.com/images/I/41ZSD7W4AEL.gif",102,390.85,3.83
B00002N6SO,"Industrial & Scientific",9954,"Rubbermaid Inc 200Ct 4Ozcone Paper Cup 1634-06-Blwht Cooler Accessories",6.81,"http://ecx.images-amazon.com/images/I/61JS4YVWE5L._SX300_.gif",541,2262.82,4.18
B00002N7RJ,"Industrial & Scientific",269883,"Cooper Tools #21694 8&quot; MillBastard Cut File",8.53,"http://ecx.images-amazon.com/images/I/2172EBSHY3L.gif",447,1959.7,4.38
B00002N8A9,"Industrial & Scientific",165606,"Rubbermaid FG611200YEL Yellow 26&quot; Caution Sign",17.44,"http://ecx.images-amazon.com/images/I/4178AMAVJHL.gif",280,1090.72,3.9
B00002N7RK,"Industrial & Scientific",199431,"Cooper Tools #21701 10&quot; MillBastard Cut File",7.05,"http://ecx.images-amazon.com/images/I/2172EBSHY3L.gif",983,3270.96,3.33
B00002N8AA,"Industrial & Scientific",154322,"Rubbermaid Commercial RCP2005CHA Heavy-Duty Dustpan 8-1/4&quot; Wide Polypropylene, Charcoal",6.78,"http://ecx.images-amazon.com/images/I/71FH6CGXGDL._SX342_.gif",823,2494.32,3.03
B00002N8AI,"Industrial & Scientific",3126,"Brute Round Dolly 350 Lb. Load Cap Black",38.56,"http://ecx.images-amazon.com/images/I/31DZV5P95QL.gif",550,2141.97,3.89
B00002N8DH,"Home &amp; Kitchen",30233,"Hoover Type Y Allergen Bag (3-Pack), 4010100Y",7.5,"http://ecx.images-amazon.com/images/I/41RN9674KHL._SX300_.jpg",169,603.83,3.57
0000031909,"Toys & Games",201847,"Girls Ballet Tutu Neon Pink",7.0,"http://ecx.images-amazon.com/images/I/41xBoP0FVzL._SY300_.jpg",817,3998.28,4.89
0000031852,"Toys & Games",211836,"Girls Ballet Tutu Zebra Hot Pink",3.17,"http://ecx.images-amazon.com/images/I/51fAmVkTbyL._SY300_.jpg",220,1007.45,4.58
0000031895,"Toys & Games",36575,"Girls Ballet Tutu Neon Blue",2.99,"http://ecx.images-amazon.com/images/I/41Csjlr%2BxpL._SY300_.jpg",171,537.26,3.14
0188477284,"Sports &amp; Outdoors",338400,"Klean Kanteen Classic Stainless Steel Water Bottle 18 oz with Loop Cap (Reef Blue)",33.97,"http://ecx.images-amazon.com/images/I/317dKBZkuVL._SY300_.jpg",207,642.43,3.1
0531904822,"Sports &amp; Outdoors",1163159,"Police Protect &amp; Serve Gun Shape Spring Assist Knife 4.5&quot; Black",14.48,"http://ecx.images-amazon.com/images/I/41mU7VIKBCL._SX300_.jpg",892,2730.42,3.06
060791548X,"Sports &amp; Outdoors",306656,"Medicine Bow National Forest Map - Waterproof",18.99,"http://ecx.images-amazon.com/images/I/51%2BiFVUaDrL._SY300_.jpg",683,3070.12,4.5
0607968699,"Sports &amp; Outdoors",694678,"Black Hills National Forest Map",17.99,"http://ecx.images-amazon.com/images/I/41F-DI9uadL._SY300_.jpg",297,1053.7,3.55
0615302939,"Sports &amp; Outdoors",215250,"Journey to Excellence",21.6,"http://ecx.images-amazon.com/images/I/51ffn%2BO1KqL._SY300_.jpg",721,3000.83,4.16
0615329020,"Sports &amp; Outdoors",17089,"Booklegger Golf Genie Tee To Green Pocket Guide Book",14.99,"http://ecx.images-amazon.com/images/I/51Dv6q0LwvL._SX300_.jpg",137,568.87,4.15
0615375790,"Sports &amp; Outdoors",2573149,"The Serious Observer's Baseball Scorebook",139.93,"http://ecx.images-amazon.com/images/I/51j9Wah0vDL._SY300_.jpg",883,4272.91,4.84
0615532209,"Sports &amp; Outdoors",1084582,"What Color Is The Wind? - A FEEL Guide to the Out-of-doors for Parents with Young Children",20.0,"http://ecx.images-amazon.com/images/I/619C-73QFkL._SY300_.jpg",641,2862.0,4.46
0641869169,"Sports &amp; Outdoors",71623,"Contigo 14 oz Elle Autoseal Insulated Travel Mug - Pink",23.69,"http://ecx.images-amazon.com/images/I/31KAwW%2BWdeL._SY300_.jpg",509,1841.58,3.62
0736060332,"Sports &amp; Outdoors",1288415,"Power Systems Advanced Strength Training",36.18,"http://ecx.images-amazon.com/images/I/51-ZZHhFGWL._SY300_.jpg",942,4639.44,4.93
0743273575,"Sports &amp; Outdoors",27809,"Hogan'S Five Lessons (P) - Golf Book",9.99,"http://ecx.images-amazon.com/images/I/41HumwrZwJL._SY300_.jpg",503,1885.3,3.75
0743608658,"Sports &amp; Outdoors",1959393,"WPC 002 Connecticut River,",21.95,"http://ecx.images-amazon.com/images/I/51H8efdoeJL._SY300_.jpg",932,3083.41,3.31
074360962X,"Sports &amp; Outdoors",332102,"Maptech ChartKit Book w/ Companion CD - Chesapeake and Delaware Bays",125.95,"http://ecx.images-amazon.com/images/I/41Gp5EKs3tL.jpg",481,1536.5,3.19
074360900X,"Sports &amp; Outdoors",1017518,"Maptech Waterproof Chart 25: Upper Chesapeake Bay",396.48,"http://ecx.images-amazon.com/images/I/31lb5V2TXqL.jpg",361,1289.82,3.57
074361058X,"Electronics",38983,"Maptech Embassy Cruising Guide - Long Island Sound to Cape May, NJ",44.95,"http://ecx.images-amazon.com/images/I/41VBBdv7TpL.jpg",288,1337.44,4.64
0743609972,"Sports &amp; Outdoors",117831,"Maptech ChartKit&reg; Book w/ Companion CD: Region 3 - New York to Nantucket and to Cape May",120.0,"http://ecx.images-amazon.com/images/I/31kGOYj1M%2BL.jpg",140,685.22,4.89
078341384X,"Sports &amp; Outdoors",76791,"Three Sisters Wilderness Area Map - Paper",98.04,"http://ecx.images-amazon.com/images/I/5143AqVcRZL._SY300_.jpg",622,2203.43,3.54
0892724323,"Movies & TV",391962,"Joan Wulff's Dynamics of Fly Casting [VHS]",24.95,"http://ecx.images-amazon.com/images/I/51DZNZHPTPL._SY300_.jpg",374,1277.6,3.42
0899334113,"Software",1245,,77.0,"http://ecx.images-amazon.com/images/I/610VeuchVfL._SY300_.jpg",224,1008.51,4.5
0930559029,"Sports &amp; Outdoors",372679,"Karate - Uechi-ryu Basic 4 dvd Course",58.0,"http://ecx.images-amazon.com/images/I/41BmpYomV3L._SY300_.jpg",617,2312.56,3.75
0960169814,"Sports &amp; Outdoors",133724,"Boston Rocks, 2ed",24.0,"http://ecx.images-amazon.com/images/I/517w3puGaSL._SY300_.jpg",737,2889.05,3.92
0963235982,"Sports &amp; Outdoors",563551,"The Ray-Way Tarp Book - Essential",24.95,"http://ecx.images-amazon.com/images/I/51EbTpGSpJL._SY300_.jpg",809,3568.71,4.41
0963993208,"Movies & TV",476594,"Yoga With Richard Freeman:  Ashtanga Yoga: The Primary Series [VHS]",615.57,"http://ecx.images-amazon.com/images/I/4102JQ6E5ZL._SY300_.jpg",165,586.48,3.55
0965042138,"Sports &amp; Outdoors",411093,"Combat Conditioning: Functional Exercises for Fitness and Combat Sports",317.12,"http://ecx.images-amazon.com/images/I/516WZgV5tWL._SY300_.jpg",993,3470.56,3.5
0965976823,"Sports &amp; Outdoors",64753,"A Comprehensive Guide To Marine Medicine by Eric A Weiss and Michael Jacobs",625.29,"http://ecx.images-amazon.com/images/I/51%2BwVM3I7JL._SY300_.jpg",880,3022.1,3.43
0970704615,"Sports &amp; Outdoors",590590,"Build Your Own Log Furniture DVD",126.33,"http://ecx.images-amazon.com/images/I/31Ffo8-2i6L.jpg",817,2975.99,3.64
0971100764,"Sports &amp; Outdoors",95647,"Pocket Guides Guide to Fly Fishing Knots",7.26,"http://ecx.images-amazon.com/images/I/51BiLGFyeIL._SY300_.jpg",981,3992.59,4.07
0973259361,"Sports &amp; Outdoors",584686,"Cuba Climbing - 2nd Edition Paperback by Quickdraw Publications",267.68,"http://ecx.images-amazon.com/images/I/51FP-X7toxL._SY300_.jpg",540,2450.08,4.54
0974593613,"Health & Personal Care",430904,"FitBALL The Lower Body Challenge DVD with Cheryl Soleway",19.86,"http://ecx.images-amazon.com/images/I/51iC-pgr4fL._SY300_.jpg",200,673.8,3.37
097459363X,"Health & Personal Care",424852,"FitBALL All Round Workout DVD with Lisa Westlake",15.82,"http://ecx.images-amazon.com/images/I/51pil3uZReL._SY300_.jpg",390,1342.25,3.44
0974632058,"Sports &amp; Outdoors",85471,"Adirondack Paddler Map",16.95,"http://ecx.images-amazon.com/images/I/51-oZrcYgjL._SY300_.jpg",531,2053.96,3.87
0974696153,"Video Games",74586,,736.7,"http://ecx.images-amazon.com/images/I/512wtN5%2BE%2BL._SY300_.jpg",903,3876.25,4.29
0975780743,"Sports &amp; Outdoors",92554,"Vinyasa Unlocked DVD - Developing the Salute to the Sun, Jumping Through and Jumping Back, Back Bending and Inversions",24.0,"http://ecx.images-amazon.com/images/I/317w-Nt7gCL._SY300_.jpg",849,4064.03,4.79
0976778408,"Sports &amp; Outdoors",526906,"River Flow Opening the Currents of a Yoga Practice DVD! Level 1,",67.18,"http://ecx.images-amazon.com/images/I/31D%2BCckxM7L._SY300_.jpg",219,819.71,3.74
0977416607,"Sports &amp; Outdoors",517176,"Blue Lines-Adirondack Ice Guide",25.95,"http://ecx.images-amazon.com/images/I/41YgEaFz81L._SY300_.jpg",851,3767.68,4.43
0977943550,"Sports &amp; Outdoors",978820,"Voyageur Map Number Five For the BWCA",532.15,"http://ecx.images-amazon.com/images/I/51ou472CSML._SY300_.jpg",835,3155.39,3.78
0977943518,"Sports &amp; Outdoors",294410,"Voyageur Map Number One For the BWCA",9.95,"http://ecx.images-amazon.com/images/I/51XLpeaP4UL._SY300_.jpg",455,2129.27,4.68
0977943593,"Sports &amp; Outdoors",95207,"Voyageur Map Number Nine For the BWCA",9.95,"http://ecx.images-amazon.com/images/I/51ZRAM89dTL._SY300_.jpg",532,2109.27,3.96
0977943585,"Sports &amp; Outdoors",230865,"Voyageur Map Number Eight For the BWCA",9.95,"http://ecx.images-amazon.com/images/I/51GZ0cQXylL._SY300_.jpg",779,2915.29,3.74
0977943577,"Sports &amp; Outdoors",125695,"Voyageur Map Number Seven For the BWCA",9.95,"http://ecx.images-amazon.com/images/I/51BuugW42EL._SY300_.jpg",511,1662.82,3.25
0978890981,"Sports &amp; Outdoors",1095189,"Spinervals Flexible Warrior 3-Pack DVD",600.47,"http://ecx.images-amazon.com/images/I/511kf93vhIL._SY300_.jpg",827,3400.29,4.11
0978890957,"Sports &amp; Outdoors",387338,"Spinervals Flexible Warrior 2.0",25.95,"http://ecx.images-amazon.com/images/I/41P-dfZGAPL._SY300_.jpg",565,1929.44,3.41
0979413281,"Sports &amp; Outdoors",388810,"Green Trails Maps Central Park, NYC",13.99,"http://ecx.images-amazon.com/images/I/61MpmCdzQhL._SY300_.jpg",705,2557.11,3.63
0979585007,"Sports &amp; Outdoors",491405,"EBBQ Realtree Pocket Bible, APG Camo",374.53,"http://ecx.images-amazon.com/images/I/51O5pWjT6vL._SY300_.jpg",480,2307.3,4.81
0979625505,"Books",623700,"Instant Karma: The Heart and Soul of a Ski Bum",772.23,"http://ecx.images-amazon.com/images/I/51RgCJBv76L._SY300_.jpg",576,1985.66,3.45
0981899382,"Sports &amp; Outdoors",910951,"Ron Schara's 2013 Outdoor Information Calendar, Wisconsin",160.87,"http://ecx.images-amazon.com/images/I/51a5MGaaVAL._SX300_.jpg",265,984.86,3.72
0981963501,"Sports &amp; Outdoors",2308963,"Pocket Pro (P)",504.93,"http://ecx.images-amazon.com/images/I/41%2Bmkp0OL2L._SY300_.jpg",476,1934.59,4.06
0982123248,"Sports &amp; Outdoors",416225,"Wagner's &quot;Ring&quot; Playing Cards ~ Ring of the Nibelungen",9.95,"http://ecx.images-amazon.com/images/I/610nHh2TNdL._SY300_.jpg",879,3357.02,3.82
0983318638,"Sports &amp; Outdoors",161800,"Chi Walk-Run DVD &amp; Program",59.5,"http://ecx.images-amazon.com/images/I/31uFla%2B-MFL.jpg",355,1667.26,4.7
0984445161,"Camera &amp; Photo",23067,"&quot;Tamara Lackey's Capturing Life Through (Better) Photography Gift Box Set with 90-Minute DVD, 100-Page Book, and Quick Reference Guide&quot; (Booklist Editors' Choice Award for Media 2011)",32.15,"http://ecx.images-amazon.com/images/I/219uc53u8hL.jpg",275,855.75,3.11
0989065502,"Sports &amp; Outdoors",522754,"How to Climb Trad Instructional Climbing DVD Volumes 1 and 2",309.03,"http://ecx.images-amazon.com/images/I/51WFJRYYD0L._SX300_.jpg",820,2491.99,3.04
0989450805,"Sports &amp; Outdoors",311469,"Americas Own-A Celebration of America and its Horses",64.49,"http://ecx.images-amazon.com/images/I/511vtM%2BK4vL._SY300_.jpg",853,3862.85,4.53
1105869555,"Arts, Crafts & Sewing",143260,"alexander gurman fishing hooks",555.59,"http://ecx.images-amazon.com/images/I/41RX5YmhQ4L._SX300_.jpg",942,4611.47,4.9
1118306767,"Sports &amp; Outdoors",471955,"Golf For Dummies Mini Edition Rules Etiquette Swing Advice",4.0,"http://ecx.images-amazon.com/images/I/51TvEWJH6XL._SY300_.jpg",481,1451.26,3.02
1300354372,"Sports &amp; Outdoors",1282448,"Schooling Castable Umbrella Rig Bass Fishing Improved",681.02,"http://ecx.images-amazon.com/images/I/311imPLDHnL._SX300_.jpg",367,1355.91,3.69
0000143561,"Movies & TV",376041,"Everyday Italian (with Giada de Laurentiis), Volume 1 (3 Pack): Italian Classics, Parties, Holidays",12.99,"http://g-ecx.images-amazon.com/images/G/01/x-site/icons/no-img-sm._CB192198896_.gif",155,478.91,3.09
0000031909,"Toys & Games",201847,"Girls Ballet Tutu Neon Pink",7.0,"http://ecx.images-amazon.com/images/I/41xBoP0FVzL._SY300_.jpg",195,972.39,4.99
0001048775,"Books",13243226,"Measure for Measure: Complete &amp; Unabridged",696.22,"http://ecx.images-amazon.com/images/I/5166EBHDQYL.jpg",480,1521.87,3.17
0000031852,"Toys & Games",211836,"Girls Ballet Tutu Zebra Hot Pink",3.17,"http://ecx.images-amazon.com/images/I/51fAmVkTbyL._SY300_.jpg",775,3412.03,4.4
0001048236,"Books",8973864,"The Sherlock Holmes Audio Collection",9.26,"http://ecx.images-amazon.com/images/I/51DH145C5JL.jpg",966,3475.14,3.6
0001057170,"Books",9318563,"Classic Connolly Boxed Set (Vol 1 &amp; 2)",269.25,"http://ecx.images-amazon.com/images/I/51M65KR89XL.jpg",810,2644.64,3.26
0001053396,"Books",12249714,"War Poems: An Anthology of Poetry from the 18th Cantury to the Present Day",17.99,"http://ecx.images-amazon.com/images/I/51WTKK4V2DL.jpg",406,1246.86,3.07
0001072986,"Books",8296784,"As You Like it: Complete &amp; Unabridged",76.27,"http://ecx.images-amazon.com/images/I/51X8Z6CJ10L.jpg",625,2015.06,3.22
0001053744,"Books",5665835,"Pearl and Sir Orfeo",6.05,"http://ecx.images-amazon.com/images/I/712C-G3XiTL.jpg",461,1885.11,4.09
0001055178,"Books",14149327,"Master Georgie",16.95,"http://ecx.images-amazon.com/images/I/51ZSC6TKS3L.jpg",794,2388.46,3.01
0001042335,"Books",4849400,"Hamlet: Complete &amp; Unabridged",400.07,"http://ecx.images-amazon.com/images/I/51ZSAPAXN4L.jpg",168,675.64,4.02
000136118X,"Books",8798712,"One, Two, Guess Who?",461.98,"http://ecx.images-amazon.com/images/I/51HK6S3HJNL.jpg",815,2665.63,3.27
0001360000,"Books",1760368,"Mog's Kittens",10.76,"http://ecx.images-amazon.com/images/I/514Y3NCWBTL.jpg",799,2732.08,3.42
0001018043,"Books",13835337,"The Enchanted Horse",8.09,,535,2416.73,4.52
0000143529,"Movies & TV",463562,"My Fair Pastry (Good Eats Vol. 9)",19.99,"http://ecx.images-amazon.com/images/I/51QY79CDfjL._SY300_.jpg",632,3054.93,4.83
000102521X,"Books",13970164,"The Fatal Strand (Tales from the Wyrd Museum)",185.53,"http://ecx.images-amazon.com/images/I/516TRJBF9XL.jpg",930,2828.79,3.04
0000031887,"Sports &amp; Outdoors",8547,"Ballet Dress-Up Fairy Tutu",6.79,"http://ecx.images-amazon.com/images/I/314qZjYevsL.jpg",276,1283.41,4.65
0000143502,"Movies & TV",467172,"Rise and Swine (Good Eats Vol. 7)",62.51,"http://ecx.images-amazon.com/images/I/51NQ%2B7AMXpL._SY300_.jpg",844,2578.3,3.05
0000191639,"Toys & Games",612379,"Dr. Suess 19163 Dr. Seuss Puzzle 3 Pack Bundle",37.12,"http://ecx.images-amazon.com/images/I/414PLROXy-L._SY300_.jpg",534,1618.94,3.03
0000031895,"Toys & Games",36575,"Girls Ballet Tutu Neon Blue",2.99,"http://ecx.images-amazon.com/images/I/41Csjlr%2BxpL._SY300_.jpg",608,1946.44,3.2
0001056107,"Books",12617688,"Farmer Giles of Ham: And Other Stories",794.39,"http://ecx.images-amazon.com/images/I/51SC9FWR8RL.jpg",584,2119.6,3.63
0000143588,"Movies & TV",309405,"Barefoot Contessa (with Ina Garten), Entertaining With Ina Vol. 2 (3 Pack): Brunch 'n' Lunch, Picnic Parties, Summer Entertaining",9.15,"http://ecx.images-amazon.com/images/I/51-qpMfgseL._SY300_.jpg",732,3043.24,4.16
0001517791,"Movies & TV",557724,"Praise Aerobics [VHS]",337.51,"http://ecx.images-amazon.com/images/I/51T8Q9BG42L._SY300_.jpg",370,1742.82,4.71
0001056530,"Books",12033348,"The Grass Is Always Greener and Other Stories",11.18,"http://ecx.images-amazon.com/images/I/51A4zWHY4QL.jpg",630,2553.79,4.05
0001006657,"Books",12568876,"I Want My Dinner",7.99,"http://ecx.images-amazon.com/images/I/510AQCZVBGL.jpg",126,588.23,4.67
000171287X,"Books",576826,"The Berenstains' B Book (Bright &amp; Early Books)",3.13,"http://ecx.images-amazon.com/images/I/31hjUxZugDL.jpg",925,3641.6,3.94
000171130X,"Books",9031863,"The Travels of Doctor Dolittle (Beginner Series)",3.6,"http://ecx.images-amazon.com/images/I/51Q7XxU5OBL.jpg",212,955.49,4.51
000100039X,"Books",587803,"The Prophet",3.99,"http://ecx.images-amazon.com/images/I/81ZKLPivYUL.jpg",447,1459.07,3.26
0001473905,"Books",1536630,"Rightly Dividing the Word",2.99,"http://ecx.images-amazon.com/images/I/61KPC59B81L.jpg",343,1301.29,3.79
0001714546,"Books",2806916,"Wings on Things (Bright and Early Books)",8.09,"http://ecx.images-amazon.com/images/I/51RA5485J4L.jpg",739,3630.13,4.91
0001516035,"Movies & TV",435882,"Worship with Don Moen [VHS]",19.99,"http://g-ecx.images-amazon.com/images/G/01/x-site/icons/no-img-sm._CB192198896_.gif",468,1962.1,4.19
0001839225,"Books",738272,"Spring Story (Brambly Hedge)",7.99,"http://ecx.images-amazon.com/images/I/61qIWAs9HxL.jpg",990,4798.61,4.85
0001501348,"Movies & TV",359265,"Lift Him Up With Ron Kenoly [VHS]",705.84,"http://ecx.images-amazon.com/images/I/412JH6CMZ5L._SY300_.jpg",673,2431.59,3.61
0001384163,"Books",3057822,"Mog and Me (Mog the Cat Board Books)",8.99,"http://ecx.images-amazon.com/images/I/51NRP9JWN3L.jpg",709,2406.16,3.39
0001837397,"Books",1133514,"Autumn Story Brambly Hedge",7.99,"http://ecx.images-amazon.com/images/I/61SVJoaIhlL.jpg",165,651.0,3.95
0000791156,"Movies & TV",350631,"Spirit Led-Moving By Grace In The Holy Spirit's Gifts",13.62,"http://ecx.images-amazon.com/images/I/41VOn2LBVJL.jpg",497,1831.25,3.68
0001714538,"Books",1397256,"The Berenstain Bears on the Moon (Bright and Early Books)",8.09,"http://ecx.images-amazon.com/images/I/A1zj84uC9HL.jpg",461,2158.66,4.68
0001857169,"Books",4075602,"A Treasury of Narnia",93.2,"http://ecx.images-amazon.com/images/I/61MH3TCT6ZL.jpg",333,1199.68,3.6
0001711342,"Books",553552,"Doctor Dolittle and the Pirates (Beginner Series)",593.74,"http://ecx.images-amazon.com/images/I/910DqBRB4-L.jpg",437,1798.43,4.12
0001393774,"Music",41017,"Songs for the Shepherd",16.64,"http://ecx.images-amazon.com/images/I/51MC7A5NBZL._SX300_.jpg",487,2417.92,4.96
0001714384,"Books",1509476,"The Very Bad Bunny (Beginner Series)",8.09,"http://ecx.images-amazon.com/images/I/51TQrn6vfmL.jpg",949,4708.91,4.96
0001845357,"Books",9410457,"Ballad of Favour",6.15,"http://ecx.images-amazon.com/images/I/41XjAqAfhcL.jpg",409,2008.3,4.91
0001981315,"Books",3701146,"The Treasure Hunt (Percy the Park Keeper)",9.9,"http://ecx.images-amazon.com/images/I/515N1PSRV4L.jpg",259,804.31,3.11
0001384155,"Books",4346921,"Mog's Family of Cats",8.99,"http://ecx.images-amazon.com/images/I/513HM15VZEL.jpg",353,1351.34,3.83
0001857029,"Books",9434480,"Deathscent (Intrigues of the reflected realm)",7.99,"http://ecx.images-amazon.com/images/I/51NCTA96XJL.jpg",453,1788.43,3.95
0001950541,"Books",436752,"Dictionary in French (Beginner Series)",8.09,"http://ecx.images-amazon.com/images/I/51B61PVDAXL.jpg",907,3571.58,3.94
000198327X,"Books",1115109,"Outings for the Mice of Brambly Hedge: &quot;Spring Story&quot;, &quot;High Hills&quot;",245.94,"http://ecx.images-amazon.com/images/I/61C1PXFXW0L.jpg",292,1416.04,4.85
0001984020,"Books",7133154,"My ABC Dictionary (Collins Children's Dictionaries)",518.47,"http://ecx.images-amazon.com/images/I/7123R964SWL.gif",845,3572.2,4.23
0001939777,"Books",1238211,"The Lion, the Witch and the Wardrobe (The Chronicles of Narnia)",4.51,"http://ecx.images-amazon.com/images/I/51P0HXJ9GSL.jpg",139,501.52,3.61
0001983261,"Books",1114457,"Baby Mice in Brambly Hedge: &quot;Summer Story&quot;, &quot;Poppy's Babies&quot;",226.74,"http://ecx.images-amazon.com/images/I/61ZAT6K14XL.jpg",269,1215.3,4.52
0001983415,"Books",1560034,"Nice for Mice",396.56,"http://ecx.images-amazon.com/images/I/51H2XC7QEZL.jpg",384,1870.62,4.87
000198392X,"Books",4878883,"The Story of the Wandering Hedgehog (Little Grey Rabbit Classic Series)",417.08,"http://ecx.images-amazon.com/images/I/41XJZPNGV9L.jpg",775,3842.72,4.96
0001983393,"Books",2691455,"House for a Mouse",488.02,"http://ecx.images-amazon.com/images/I/51N62HQ36DL.jpg",359,1194.59,3.33
0001473123,"Books",1344709,"The Book of Revelation",2.96,"http://ecx.images-amazon.com/images/I/317G8R2TYBL.jpg",162,729.6,4.5
0001983938,"Books",1710212,"Little Grey Rabbit Goes to the Sea (Little Grey Rabbit Classic Series)",526.29,"http://ecx.images-amazon.com/images/I/717T9EBQRCL.gif",927,3956.63,4.27
0002000547,"Books",2507931,"Fatal passage: The untold story of John Rae, the Arctic adventurer who discovered the fate of Franklin",10.74,"http://ecx.images-amazon.com/images/I/51vTvI-3TEL.jpg",219,1070.56,4.89
0001981692,"Books",11831050,"Pirates",495.25,"http://ecx.images-amazon.com/images/I/51WN7BJMJSL.jpg",412,1584.06,3.84
0001983857,"Books",2718416,"Mog's Bad Thing",10.76,"http://ecx.images-amazon.com/images/I/416MEAEJ3WL.jpg",851,3601.06,4.23
0001713256,"Books",1934079,"Go, Dog. Go! (Beginner Series)",6.04,"http://ecx.images-amazon.com/images/I/51NH4PXHR6L.jpg",193,718.2,3.72
0001956264,"Books",3886376,"Once There Was a House and You Can Make it",115.33,"http://ecx.images-amazon.com/images/I/41mCGpObyJL.jpg",332,1252.98,3.77
0001839233,"Books",1490896,"Summer Story (Brambly Hedge)",767.24,"http://ecx.images-amazon.com/images/I/614-rvKEk%2BL.jpg",465,1995.46,4.29
000211268X,"Books",2630597,"Frederick Barbarossa;",486.44,"http://ecx.images-amazon.com/images/I/91ZxPhtHIrL.jpg",536,1656.22,3.09
0001485423,"Movies & TV",347723,"The Life of Sister Faustina: The Apostle of Divine Mercy [VHS]",596.98,"http://ecx.images-amazon.com/images/I/41kas0C4vbL._SY300_.jpg",541,2226.66,4.12
0002113570,"Books",571745,"In the Shadow of Man",12.1,"http://ecx.images-amazon.com/images/I/51iMi0zYqeL.jpg",176,706.75,4.02
0002007649,"Books",5696309,"Apple A Day: The Myths, Misconceptions and Truths About the Foods We Eat",9.99,"http://ecx.images-amazon.com/images/I/41PXJdZoi4L.jpg",921,4054.76,4.4
0001712772,"Books",3404002,"I'll Teach My Dog 100 Words (Bright and Early Books)",7.69,"http://ecx.images-amazon.com/images/I/51HESAR69TL.jpg",366,1817.6,4.97
0001526863,"Movies & TV",251847,"Steve Green: Hide 'em in Your Heart: 13 Bible Memory Music Videos for Children of All Ages [VHS]",195.27,"http://ecx.images-amazon.com/images/I/519MDYK5C1L._SY300_.jpg",810,3886.09,4.8
0001856871,"Books",4970790,"Dear Olly",6.75,"http://ecx.images-amazon.com/images/I/51B%2B9TmgFzL.jpg",227,1030.95,4.54
0002153238,"Books",2208619,"The Jews in America",330.66,"http://ecx.images-amazon.com/images/I/51UjvUE2HDL.jpg",188,833.8,4.44
0002154781,"Books",3317074,"Luchino Visconti: The Flames of Passion",209.98,,377,1772.88,4.7
0002111306,"Books",2458280,"The companion guide to Rome",22.47,"http://ecx.images-amazon.com/images/I/41MYxeXQ0cL.jpg",619,1932.07,3.12
0001983660,"Books",2921177,"Bloomer: The Dog You Can Play With!",376.05,"http://ecx.images-amazon.com/images/I/517P0RMQYVL.jpg",284,918.74,3.23
0002153246,"Books",750001,"The Art of Adventure",19.86,"http://ecx.images-amazon.com/images/I/41Pd7NY5DFL.jpg",469,2010.33,4.29
000014357X,"Movies & TV",48477,"Everyday Italian With Giada De Laurentis V2: Anytime Italian",19.79,"http://ecx.images-amazon.com/images/I/51lPVGdSRJL._SY300_.jpg",977,4457.95,4.56
0001983806,"Books",1440719,"Pookie Believes in Santa Claus",5.39,"http://ecx.images-amazon.com/images/I/51BF081P82L.jpg",819,3404.56,4.16
0002114186,"Books",2366283,"Illustrissimi: The Letters of Pope John Paul I",290.7,"http://ecx.images-amazon.com/images/I/51MTj9fVVAL.jpg",827,3069.33,3.71
0002158183,"Books",3283960,"On Happiness, U.S. Edition",218.91,"http://ecx.images-amazon.com/images/I/414GNcYil1L._SL500_.jpg",982,4909.63,5.0
0002153432,"Books",1057402,"Infallible? An Inquiry",13.82,"http://ecx.images-amazon.com/images/I/41hUW0dRtcL.jpg",310,1451.34,4.68
0002007681,"Books",10108469,"Soames on the Range",4.0,"http://ecx.images-amazon.com/images/I/41V7BVNSDJL.jpg",206,883.51,4.29
0002154129,"Books",754658,"France: The Beautiful Cookbook- Authentic Recipes from the Regions of France",738.1,"http://ecx.images-amazon.com/images/I/51ED0F88FXL.jpg",220,989.03,4.5
0002157330,"Books",1895733,"Younghusband: The Last Great Imperial Adventurer",11.09,"http://ecx.images-amazon.com/images/I/51frAAbdkjL.jpg",269,1061.27,3.95
000215949X,"Books",83031,"Mexico The Beautiful Cookbook: Authentic Recipes from the Regions of Mexico",22.94,"http://ecx.images-amazon.com/images/I/5159ZN5BGAL.jpg",738,3272.44,4.43
0002154579,"Books",3915343,"Letters to Leontine Zanta",475.75,"http://ecx.images-amazon.com/images/I/A1%2BNXqYog9L.jpg",166,777.73,4.69
0002153211,"Books",1103688,"A Day in the Life of China",95.53,"http://ecx.images-amazon.com/images/I/81zuAxYxWGL.jpg",378,1369.39,3.62
0002158442,"Books",12037308,"Witches and Neighbours: The Social and Cultural Context of European Witchcraft",105.56,"http://ecx.images-amazon.com/images/I/A1YHSFYn%2BOL.jpg",216,848.61,3.93
000215854X,"Books",545964,"America: The Beautiful Cookbook",507.65,"http://ecx.images-amazon.com/images/I/21DVRx7iZ0L.jpg",184,724.49,3.94
0002155435,"Books",8829356,"Mr. Balfour's Poodle: Peers Versus People",6.15,"http://ecx.images-amazon.com/images/I/51pNNI263lL.jpg",979,4023.67,4.11
0002176203,"Books",4656707,"Paris on the Eve 1900-1914",397.13,,953,4143.7,4.35
0002159317,"Books",198533,"California, The Beautiful Cookbook: Authentic Recipes from California",37.69,"http://ecx.images-amazon.com/images/I/51762E1Z2YL.jpg",338,1291.45,3.82
0002157292,"Books",656296,"A Day in the Life of Italy: Photographed by 100 of the World's Leading Photojournalists on One Day, April 27, 1990 (Day in the Life Photography Series)",590.53,"http://ecx.images-amazon.com/images/I/91qnCEe8y%2BL.jpg",414,1929.47,4.66
0002159643,"Books",3040520,"Dirt &amp; Deity: A Life of Robert Burns",319.85,"http://ecx.images-amazon.com/images/I/41BYY9Z96AL.jpg",820,3812.6,4.65
000216194X,"Books",4039905,"The Life of My Choice",11.11,"http://ecx.images-amazon.com/images/I/718CRESPTJL.gif",885,2712.69,3.07
0002179741,"Books",965095,"The Wall: Images and Offerings from the Vietnam Veterans Memorial",22.09,"http://ecx.images-amazon.com/images/I/41h92gLQMeL.jpg",207,655.49,3.17
0002159627,"Books",855455,"The days of the dead: Mexico's Festival of Communion with the Departed",18.72,"http://ecx.images-amazon.com/images/I/81bsa2bIYSL.jpg",822,2681.52,3.26
0002199181,"Books",3438556,"Insects of Britain &amp; Northern Europe: The Complete Insect Guide (Collins Field Guide)",224.95,"http://ecx.images-amazon.com/images/I/51BDHCJKBFL.jpg",665,2176.31,3.27
0002187027,"Books",2881660,"David Leadbetter 100% Golf: How to Unlock Your True Golfing Potential",566.39,"http://ecx.images-amazon.com/images/I/51FS1DY2ATL.jpg",249,1192.5,4.79
0001713108,"Books",2265450,"Animal Riddles (Beginner Series)",7.6,"http://ecx.images-amazon.com/images/I/71QRPW0JP8L.gif",885,4194.52,4.74
0001711296,"Books",647461,"Come Over to My House (Beginner Series)",7.6,"http://ecx.images-amazon.com/images/I/51JyIAoa-kL.jpg",985,4120.71,4.18
000217989X,"Books",3333953,"A History of the House of Lords",613.23,"http://ecx.images-amazon.com/images/I/51145YEJCTL.jpg",621,2573.44,4.14
0002167425,"Books",2374669,"The Stationary Ark",16.95,"http://ecx.images-amazon.com/images/I/51upohNcYdL.jpg",157,716.92,4.57
0002173808,"Books",768516,"A Day in the Life of Canada",11.59,"http://ecx.images-amazon.com/images/I/51r6v8%2BPjDL.jpg",725,2357.72,3.25
0002179911,"Books",3600435,"The Other Nuremberg: The Untold Story of the Tokyo War Crimes Trials",14.97,"http://ecx.images-amazon.com/images/I/41LNUCtQFdL._SL500_.jpg",625,2321.92,3.72
0002175983,"Books",14047467,"Secret Servant: My Life with the K. G. B.",774.94,"http://ecx.images-amazon.com/images/I/519sTMn6IEL.jpg",495,2076.61,4.2
0002198940,"Books",1193843,"Birds of Britain and Europe with North Africa and the Middle East: Over 3,000 Colour Illustrations (Collins Pocket Guide)",22.47,"http://ecx.images-amazon.com/images/I/41JPJSFVNEL.jpg",860,3983.51,4.63
000218494X,"Books",10957239,"Botham: My Autobiography",539.61,"http://ecx.images-amazon.com/images/I/414MSNP654L.jpg",442,1808.61,4.09
0002159511,"Books",935971,"A Day in the Life of Ireland",424.57,"http://ecx.images-amazon.com/images/I/91DN8ntjpwL.jpg",930,3095.16,3.33
0002197790,"Books",4257552,"Mammals of Britain &amp; Europe (Collins Field Guide)",17.0,"http://ecx.images-amazon.com/images/I/41HQHKEA6XL.jpg",852,2826.17,3.32
0002175800,"Books",359410,"A Day in the Life of Japan",24.59,"http://ecx.images-amazon.com/images/I/71uT9mAgL9L.jpg",624,2048.48,3.28
0002185385,"Books",1571618,"Harvey Penick's Little Red Golf Book: Lessons and Teachings from a Lifetime in Golf",10.99,"http://ecx.images-amazon.com/images/I/41JB1K72ACL.jpg",661,3076.45,4.65
000215725X,"Books",767068,"City of Djinns: A Year in Delhi",10.7,"http://ecx.images-amazon.com/images/I/51xVoZwHYvL.jpg",906,4523.16,4.99
0002189615,"Books",2866969,"Foggy: The Explosive Autobiography",676.22,"http://ecx.images-amazon.com/images/I/51x6cVDRVzL.jpg",470,1930.31,4.11
000219984X,"Books",5427734,"How to Identify Edible Mushrooms (Collins)",9.87,"http://ecx.images-amazon.com/images/I/511AA9XG7XL.jpg",188,832.99,4.43
0002178559,"Books",233967,"Demanding the Impossible: A History of Anarchism",12.99,"http://ecx.images-amazon.com/images/I/61Ufn5kWy9L.jpg",773,2451.6,3.17
0002210495,"Books",4560181,"The Snow Tiger",14.08,"http://ecx.images-amazon.com/images/I/51P2%2BuTXIfL.jpg",848,2827.28,3.33
0002199963,"Books",7810589,"Wild Flowers of Britain &amp; Europe (Collins Nature Guides)",517.45,"http://ecx.images-amazon.com/images/I/514WRSHPWFL.jpg",977,4732.91,4.84
0002191369,"Books",4411731,"Grasses, Sedges, Rushes and Ferns of Britain and Northern Europe (Collins Pocket Guide)",306.59,"http://ecx.images-amazon.com/images/I/518YTCMNKYL.jpg",936,3506.57,3.75
0002154838,"Books",8312799,"Masai Days",94.42,"http://ecx.images-amazon.com/images/I/6171Oh82d-L.jpg",662,2995.79,4.53
0002188384,"Books",3187022,"Faults and Fixes",17.81,"http://ecx.images-amazon.com/images/I/51X1HN4W90L.jpg",318,1284.92,4.04
0002154463,"Books",491805,"Italy, The Beautiful Cookbook: Authentic Recipes from the Regions of Italy",37.69,"http://ecx.images-amazon.com/images/I/51QNHEJ290L.jpg",745,2608.37,3.5
0002199645,"Books",2471091,"A Field Guide to the Reptiles and Amphibians of Britain and Europe (Collins Field Guide)",727.08,"http://ecx.images-amazon.com/images/I/51J0JZA6B1L.jpg",638,2558.68,4.01
0002117088,"Books",1148326,"Renoir, My Father",12.47,"http://ecx.images-amazon.com/images/I/41isN3EczFL.jpg",192,912.51,4.75
0002212129,"Books",2522079,"Erl King",24.3,"http://ecx.images-amazon.com/images/I/51rsdmQjtdL.jpg",274,942.13,3.44
0002218321,"Books",2035464,"Tramp in Armour",54.9,"http://ecx.images-amazon.com/images/I/51XEv5zjmzL.jpg",108,489.12,4.53
0002210967,"Books",371136,"The Black Moon",365.88,"http://ecx.images-amazon.com/images/I/51M3SkV-AZL.jpg",520,2285.54,4.4
000221735X,"Books",3445941,"The Shadow of the Lynx",26.95,"http://ecx.images-amazon.com/images/I/519Ne2492aL.jpg",1000,4261.35,4.26
0002202123,"Books",4657136,"Mosses and Liverworts (Collins New Naturalist)",766.68,"http://ecx.images-amazon.com/images/I/51EB4Z3KHDL.jpg",908,3616.38,3.98
0002179679,"Books",841581,"A Day in the Life of Spain",20.65,"http://ecx.images-amazon.com/images/I/51zV21jCvYL.jpg",193,836.31,4.33
0002202158,"Books",5967420,"Over London",592.05,"http://ecx.images-amazon.com/images/I/61MMJRAM9QL.jpg",511,2088.7,4.09
0002197782,"Books",673443,"Mammals of Africa Including Madagascar",15.55,"http://ecx.images-amazon.com/images/I/5168QRNGYFL.jpg",441,1483.03,3.36
0002192888,"Books",1263958,"The Alpine Flowers of Britain and Europe (Collins Field Guide)",221.79,"http://ecx.images-amazon.com/images/I/91KcnG46lIL.jpg",353,1643.77,4.66
0002219417,"Books",4010051,"The Winds of War",4.99,"http://ecx.images-amazon.com/images/I/41qvc1Xmo3L.jpg",850,3216.12,3.78
0002214709,"Books",5822462,"Camp 7 last stop;",539.9,"http://ecx.images-amazon.com/images/I/51EdIxk3mwL.jpg",830,3953.67,4.76
0002213311,"Books",5492849,"Harlequin",13.46,,622,2733.73,4.4
0002189607,"Books",4461842,"Foggy",25.68,"http://ecx.images-amazon.com/images/I/51KEJZNG88L.jpg",203,791.49,3.9
0002219492,"Books",5352485,"A Web of Salvage",249.25,"http://ecx.images-amazon.com/images/I/515mxEi7yKL.jpg",627,2219.74,3.54
0002215357,"Books",13474339,"The Moonraker Mutiny",59.49,"http://ecx.images-amazon.com/images/I/51LNRxpET4L.jpg",597,2787.01,4.67
0002199823,"Books",4827287,"Scottish Wild Flowers (Collins Guide)",12.44,"http://ecx.images-amazon.com/images/I/4121J5XT6ML.jpg",124,581.18,4.69
0002200120,"Books",4016047,"Mushrooms of Britain &amp; Europe (Collins Wild Guide)",291.78,"http://ecx.images-amazon.com/images/I/51D6Y0JMVSL.jpg",726,3535.76,4.87
0002237245,"Books",7025163,"Getting Used to Dying",356.45,"http://ecx.images-amazon.com/images/I/41NI1KOJptL._SL500_.jpg",592,2495.54,4.22
0002231832,"Books",8111363,"Red wolf, red wolf",7.99,"http://ecx.images-amazon.com/images/I/715JXEPQxbL.jpg",370,1280.86,3.46
0002226901,"Books",2857031,"The Partisans",6.99,"http://ecx.images-amazon.com/images/I/51cqfx8faJL.jpg",154,710.25,4.61
0002236761,"Books",2383219,"Duncton Tales",262.24,"http://ecx.images-amazon.com/images/I/21HZXY8uyiL.jpg",674,2426.61,3.6
000225073X,"Books",3641246,"Boyz II Men: Us II You",13.07,"http://ecx.images-amazon.com/images/I/516BZ8GBM2L.jpg",143,514.25,3.6
0002231026,"Books",14171492,"Janus Man",82.39,,127,554.32,4.36
0002228645,"Books",1856236,"The Loving Cup (The Poldark novels)",15.29,"http://ecx.images-amazon.com/images/I/51%2BLdcTMzdL.jpg",213,1015.68,4.77
0002250667,"Books",1496074,"Italian Dreams",752.56,"http://ecx.images-amazon.com/images/I/51LEn6f4O3L.jpg",960,3524.21,3.67
0002250713,"Books",478366,"The Artist's Table: A Cookbook by Master Chefs Inspired by Paintings in the National Gallery of Art",37.94,"http://ecx.images-amazon.com/images/I/51VQVZT596L.jpg",965,3635.15,3.77
0002251183,"Books",3548204,"Christmas Around the World (Day in the Life Series)",790.98,"http://ecx.images-amazon.com/images/I/413X3RT3X3L.jpg",673,2163.93,3.22
0002251965,"Books",669609,"The South The Beautiful Cookbook",201.91,"http://ecx.images-amazon.com/images/I/6145ZB15N8L.jpg",555,2161.61,3.89
0002251043,"Books",591656,"A Day in the Life of India",42.25,"http://ecx.images-amazon.com/images/I/51YT6ZGSXNL.jpg",595,2250.43,3.78
0002252104,"Books",2732046,"Grains (Gourmet Pantry)",98.18,"http://ecx.images-amazon.com/images/I/51TZC77XC5L.jpg",359,1370.71,3.82
000225218X,"Books",4436755,"'Tis the Season to Be Crabby (Festive Peanuts)",542.48,"http://ecx.images-amazon.com/images/I/41NC25DHRFL.gif",294,1247.0,4.24
0002251337,"Books",111095,"Balsamic Vinegar Cookbook",20.52,"http://ecx.images-amazon.com/images/I/51EQN2CM4VL.jpg",314,1093.39,3.48
0002243741,"Books",7170690,"Sonya &amp; Jack: A Novel",544.63,"http://ecx.images-amazon.com/images/I/41T5A6QQ0QL.jpg",904,4194.79,4.64
000222383X,"Books",4349448,"The Mauritius Command",9.99,"http://ecx.images-amazon.com/images/I/51S6XET6X0L.jpg",836,3927.05,4.7
0002252015,"Books",1071851,"Scones, Muffins, and Tea Cakes: Breakfast Breads and Teatime Spreads",8.96,"http://ecx.images-amazon.com/images/I/61TMVT6MS9L.jpg",403,1340.17,3.33
0002250462,"Books",1690880,"Impressionists' Seasons",51.88,"http://ecx.images-amazon.com/images/I/41fvj4klg0L.jpg",841,4117.06,4.9
0002254182,"Books",11065768,"Maid of the Mist",2.99,"http://ecx.images-amazon.com/images/I/51EZXFKHCDL.jpg",844,3807.7,4.51
000225686X,"Books",5169376,"Like Venus Fading",568.98,"http://ecx.images-amazon.com/images/I/413GDVDQ65L.jpg",490,1873.12,3.82
0002250748,"Books",4391474,"All My Friends Are Characters Address Book",358.5,"http://ecx.images-amazon.com/images/I/519PdWbwQNL.jpg",406,1246.72,3.07
0002226618,"Books",3820613,"Flashman and the Redskins: From the Flashman Papers, 1849-50 and 1875-76",10.99,"http://ecx.images-amazon.com/images/I/51GN0M3HX7L.jpg",796,2539.98,3.19
000223677X,"Books",1959023,"The Wolves of Time: Journeys to the Heartland v. 1",15.51,"http://ecx.images-amazon.com/images/I/316HXJH8PEL.jpg",854,3371.22,3.95
0002251507,"Books",2022531,"Wine Journal: A Wine Lover's Album for Cellaring and Tasting",17.09,"http://ecx.images-amazon.com/images/I/41lFbOz6sDL.jpg",139,645.62,4.64
0002254816,"Books",3489566,"The Devil's Own",114.71,"http://ecx.images-amazon.com/images/I/51VZTCHHGNL.jpg",439,1556.76,3.55
0002258579,"Books",13909208,"Resurrection Club",689.81,"http://ecx.images-amazon.com/images/I/51ZS9NS098L.jpg",524,1868.63,3.57
0002253968,"Books",7436335,"Kara's Game",9.99,"http://ecx.images-amazon.com/images/I/A1cfNxUR-JL.jpg",412,1546.32,3.75
0002254565,"Books",3808049,"Footsteps",231.58,"http://ecx.images-amazon.com/images/I/51NVFMSPWWL.jpg",633,1998.35,3.16
0002259192,"Books",2683932,"The Mastership Game",507.54,"http://ecx.images-amazon.com/images/I/51D1KM22WKL.jpg",726,3619.22,4.99
0002251833,"Books",2519714,"Have Another Cookie: (It'll Make You Feel Better) (Peanuts Wisdom)",52.53,"http://ecx.images-amazon.com/images/I/71F12N88PAL.gif",587,2909.17,4.96
000225705X,"Books",4743704,"This Was the Old Chief's Country: Collected African Stories v. 1",13.06,"http://ecx.images-amazon.com/images/I/51V4YN3MFNL.jpg",584,2512.74,4.3
0002243768,"Books",4330940,"Furnace",17.89,"http://ecx.images-amazon.com/images/I/416L5bEVxcL._SL500_PIsitb-sticker-arrow-big,TopRight,35,-73_OU01_.jpg",798,3239.9,4.06
0002250381,"Books",597394,"Mermaids: Nymphs of the Sea",13.0,"http://ecx.images-amazon.com/images/I/2120YTV2JAL.jpg",503,2164.27,4.3
0002250519,"Books",56996,"The Best of Clay Pot Cooking",11.32,"http://ecx.images-amazon.com/images/I/51HBF54YANL.jpg",923,3728.23,4.04
0002254123,"Books",2247179,"Buddha of Brewer Street",8.89,"http://ecx.images-amazon.com/images/I/519XD1TCWWL.jpg",723,3151.9,4.36
0002250616,"Books",438280,"Markets of Provence: A Culinary Tour of Southern France",10.93,"http://ecx.images-amazon.com/images/I/61AKEMNP19L.jpg",568,2710.87,4.77
0002221020,"Books",6030428,"Circus",6.64,"http://ecx.images-amazon.com/images/I/51bgPPPH8FL.jpg",480,2373.82,4.95
0002250535,"Books",852748,"Italy Today: The Beautiful Cookbook",182.91,"http://ecx.images-amazon.com/images/I/51QQG9CJQJL.jpg",575,2160.89,3.76
0002312263,"Books",14013381,"Filmi, Filmi, Inspector Ghote",7.83,"http://ecx.images-amazon.com/images/I/51pAKo0KW5L.jpg",622,2511.87,4.04
0002222590,"Books",11757171,"The Golden Gate",6.64,"http://ecx.images-amazon.com/images/I/51RjrfZe3bL.jpg",535,2108.87,3.94
0002221365,"Books",6304263,"The paths of the sea",694.93,"http://ecx.images-amazon.com/images/I/417DbukpOdL.jpg",437,1556.55,3.56
0002315963,"Books",187993,"Miss Marple's Final Cases",11.83,"http://ecx.images-amazon.com/images/I/41THTQX34YL.jpg",168,802.5,4.78
0002261200,"Books",11352821,"The Coins of Judas",78.08,"http://ecx.images-amazon.com/images/I/41MNHYHC4KL.jpg",863,3240.94,3.76
0002250756,"Books",11073973,"The Color Garden (Red : Single Color Plantings for Dramatic Landscapes)",517.81,"http://ecx.images-amazon.com/images/I/51hvoWlEkqL.jpg",947,4692.62,4.96
0002202085,"Books",4361377,"London 360: Views Around British Airways London Eye",480.14,"http://ecx.images-amazon.com/images/I/51HND6G0G0L.jpg",758,3672.52,4.85
0002235013,"Books",4929258,"Alistair MacLean's Night Watch",286.39,"http://ecx.images-amazon.com/images/I/51aMGUnQlOL.jpg",668,2663.5,3.99
0002251981,"Books",1187333,"See You Later, Litigator! (Peanuts at Work and Play)",89.18,"http://ecx.images-amazon.com/images/I/71CVXGA557L.gif",748,2725.42,3.64
0002326698,"Books",5970712,"The Company of Strangers",796.09,"http://ecx.images-amazon.com/images/I/41EHNK1DM7L.jpg",782,2917.18,3.73
0002251205,"Books",2326010,"Planet Vegas : A Portrait of Las Vegas by 20 of the World's Leading Photographers",77.61,"http://ecx.images-amazon.com/images/I/51P594KFFNL.jpg",461,2180.82,4.73
0002251213,"Books",1169573,"Ronald Reagan: The Wisdom and Humor of the Great Communicator",16.42,"http://ecx.images-amazon.com/images/I/41FkvmdkykL.jpg",872,3129.13,3.59
0002226049,"Books",4512351,"The Last Frontier",6.64,"http://ecx.images-amazon.com/images/I/61u8S-gBIiL.jpg",178,782.55,4.4
0002326876,"Books",10959482,"The Ambiguity of Murder (Inspector Alvarez Novel)",88.21,"http://ecx.images-amazon.com/images/I/51Q7MPPYNXL.jpg",258,1111.23,4.31
0002311240,"Books",14117905,"Cover-up story",534.02,,149,586.84,3.94
0002314282,"Books",7079528,"Tartan Ringers (The Crime club)",7.89,"http://ecx.images-amazon.com/images/I/718cQTK2yFL.jpg",970,4582.89,4.72
0002218844,"Books",3925183,"Sweet Dreams",13.83,"http://ecx.images-amazon.com/images/I/51eNktzSm1L.jpg",437,1813.61,4.15
0002550865,"Books",933332,"The Best of France",12.68,"http://ecx.images-amazon.com/images/I/51FJP23DTYL.jpg",229,1127.12,4.92
0002551152,"Books",435545,"Asia: The Beautiful Cookbook",37.69,"http://ecx.images-amazon.com/images/I/5104VNXX96L.jpg",781,3166.02,4.05
0002254131,"Books",3926992,"Acts of Betrayal",11.55,"http://ecx.images-amazon.com/images/I/51Z7TC6JHBL.jpg",392,1364.81,3.48
0002239221,"Books",1613835,"Problem at Pollensa Bay",17.68,"http://ecx.images-amazon.com/images/I/31zZVN0UD3L.jpg",189,823.25,4.36
0002310899,"Books",4066640,"Destination Unknown (Agatha Christie Collection)",6.64,"http://ecx.images-amazon.com/images/I/41S8HFJ2HYL.jpg",988,4060.94,4.11
0002550296,"Books",105457,"Thailand: The Beautiful Cookbook",37.69,"http://ecx.images-amazon.com/images/I/51GNSGJ110L.jpg",558,2389.56,4.28
0002551489,"Books",484814,"The Best of Mexico",17.36,"http://ecx.images-amazon.com/images/I/614WQDMDWWL.jpg",578,1977.12,3.42
0002251884,"Books",2423526,"Snoopy: Not Your Average Dog",752.62,"http://ecx.images-amazon.com/images/I/41VM84SEMML.gif",153,610.29,3.99
0002552264,"Books",1208019,"Potatoes: A Country Garden Cookbook",355.12,"http://ecx.images-amazon.com/images/I/51LUq%2B0sJJL.jpg",972,4619.2,4.75
0002255553,"Books",9646187,"The Boy in the Moon",728.18,"http://ecx.images-amazon.com/images/I/41HCNGMR10L.jpg",545,1747.39,3.21
0002327031,"Books",12340012,"An Artful Death (Inspector Alvarez Novel)",306.83,"http://ecx.images-amazon.com/images/I/517M5HJWDXL.jpg",923,3462.65,3.75
0002214407,"Books",11646560,"The Fetishist and Other Stories, translation of Le coq de bruyere",24.3,"http://ecx.images-amazon.com/images/I/41EGV8Rup-L.jpg",759,3451.41,4.55
0002552256,"Books",1024148,"Apples: A Country Garden Cookbook",9.12,"http://ecx.images-amazon.com/images/I/51QXSBNPGZL.jpg",872,3303.13,3.79
0002553430,"Books",930066,"Tomatoes: A Country Garden Cookbook",16.93,"http://ecx.images-amazon.com/images/I/51YXF82335L.jpg",177,544.54,3.08
0002552574,"Books",2174646,"I Dream of Madonna: Women's Dreams of the Goddess of Pop",412.44,"http://ecx.images-amazon.com/images/I/61INrxMCCaL.jpg",858,2684.81,3.13
0002311216,"Books",4032503,"Passenger to Frankfurt",6.64,"http://ecx.images-amazon.com/images/I/21nsasmPMwL.jpg",788,2556.94,3.24
0002553341,"Books",1205478,"Roy Rogers: King of the Cowboys",12.42,"http://ecx.images-amazon.com/images/I/51bns6ixoEL.jpg",367,1485.67,4.05
0002553449,"Books",987738,"Berries: A Country Garden Cookbook",10.77,"http://ecx.images-amazon.com/images/I/51S0V5A61RL.jpg",528,2392.85,4.53
000255223X,"Books",851831,"The Best of India: A Cookbook",21.88,"http://ecx.images-amazon.com/images/I/618%2BS4rbeoL.jpg",744,3061.5,4.11
0002554216,"Books",3929205,"A Heart for Children: Inspirations for Parents and Their Children",90.84,"http://ecx.images-amazon.com/images/I/51N1ZXN8CYL.jpg",293,969.82,3.31
0002553473,"Books",3253441,"Souvenirs: Gifts from the Garden",131.03,"http://ecx.images-amazon.com/images/I/51cdr3g1vlL.jpg",663,2802.24,4.23
0002229781,"Books",13908993,"The White Tiger",719.48,"http://ecx.images-amazon.com/images/I/71aASV23bLL.jpg",513,2194.93,4.28
0002554364,"Books",1799010,"Sindh Revisited: A Journey in the Footsteps of Captain Sir Richard Francis Burton 1842-1849 : The India Years",435.06,"http://ecx.images-amazon.com/images/I/51E90CMF29L.jpg",977,3530.83,3.61
0002251930,"Books",1568228,"Way Beyond Therapy (Peanuts at Work and Play)",742.21,"http://ecx.images-amazon.com/images/I/415WDZS8GKL.gif",316,1342.36,4.25
000255397X,"Books",2415010,"Wild Stone Heart: An Apprentice in the Fields",58.22,"http://ecx.images-amazon.com/images/I/517P1SA99ML.jpg",913,2924.59,3.2
0002550857,"Books",1013860,"The Best of Italy",19.77,"http://ecx.images-amazon.com/images/I/51KZXECW8EL.jpg",545,2217.31,4.07
0002255731,"Books",3625201,"Mariana",13.93,"http://ecx.images-amazon.com/images/I/510599TE8VL.jpg",628,2861.77,4.56
0002239418,"Books",2389211,"Duncton Rising (Book of Silence)",341.57,"http://ecx.images-amazon.com/images/I/61FhPle-%2B4L.jpg",924,2952.4,3.2
0002553481,"Books",586718,"Southwest: The Beautiful Cookbook",23.3,"http://ecx.images-amazon.com/images/I/51WRG0VDQJL.jpg",613,2276.71,3.71
0002318075,"Books",7509277,"Third Girl (Agatha Christie Collection)",6.64,"http://ecx.images-amazon.com/images/I/41Z3DDQFH6L.jpg",380,1524.47,4.01
0002253305,"Books",1530753,"The Biographer's Moustache",181.35,"http://ecx.images-amazon.com/images/I/41b6FlqjZyL.jpg",416,1437.87,3.46
0002554755,"Books",225751,"The Best of Waffles &amp; Pancakes",11.04,"http://ecx.images-amazon.com/images/I/518DW2HJ4KL.jpg",927,3607.2,3.89
0002553708,"Books",162958,"Mediterranean the Beautiful Cookbook: Authentic Recipes from the Mediterranean Lands",266.45,"http://ecx.images-amazon.com/images/I/51-OHb0XCkL.jpg",557,2334.84,4.19
0002553732,"Books",2077181,"Healthy Gourmet Cookbook (Healthy Gourmet Series)",18.12,"http://ecx.images-amazon.com/images/I/5161ATx6yHL._SL500_.jpg",924,3293.47,3.56
000225977X,"Books",667987,"The Element of Fire",775.32,"http://ecx.images-amazon.com/images/I/41VX1VREC5L.jpg",957,4007.76,4.19
0002553457,"Books",1014655,"Pears: A Country Garden Cookbook",17.95,"http://ecx.images-amazon.com/images/I/51GoHxmHvAL.jpg",431,1723.21,4.0
0002553295,"Books",2906880,"The Real Meaning of Money",470.68,"http://ecx.images-amazon.com/images/I/41TK6DJDF6L.jpg",826,3085.29,3.74
0002556642,"Books",1973300,"Stanley Spencer: A Biography",528.96,"http://ecx.images-amazon.com/images/I/419DEMG95YL.jpg",745,2661.27,3.57
0002554534,"Books",1041564,"Herbs: A Country Garden Cookbook",13.66,"http://ecx.images-amazon.com/images/I/61E1B08MHWL.jpg",717,2720.79,3.79
0002554593,"Books",7856342,"Feast for Life: A Benefit Cookbook",370.32,"http://ecx.images-amazon.com/images/I/51TTZTZKRFL.jpg",214,697.46,3.26
0002551470,"Books",4268140,"The Kiss",87.06,"http://ecx.images-amazon.com/images/I/41AvzJGeh-L._SL500_.jpg",335,1315.1,3.93
000255738X,"Books",3410201,"At the border called hope: Where refugees are neighbours",388.16,"http://ecx.images-amazon.com/images/I/51PPRY6NEFL.jpg",182,671.36,3.69
0002554798,"Books",2140066,"Coffee: Delectable Seasons (Delectables for all seasons)",8.99,"http://ecx.images-amazon.com/images/I/61SX0A29SML.jpg",457,1532.38,3.35
0002552531,"Books",2772961,"The Best of Ice Cream: A Cookbook",12.85,"http://ecx.images-amazon.com/images/I/51HGgPww16L.jpg",312,1399.28,4.48
000255383X,"Books",4150781,"Latin for All Occasions",9.99,"http://ecx.images-amazon.com/images/I/61HMJ7ZQEDL.jpg",647,2892.52,4.47
0002554909,"Books",5846430,"The Country Decorative Painting Companion (Country Companion)",518.03,"http://ecx.images-amazon.com/images/I/51yznJhkfOL._SL500_.jpg",101,357.0,3.53
0002557681,"Books",2730436,"The Complete Merde (Real French You Were Never Taught at School)",13.46,"http://ecx.images-amazon.com/images/I/51KonkpTKDL.jpg",134,507.91,3.79
0002551659,"Books",677170,"Lemons: A Country Garden Cookbook",13.3,"http://ecx.images-amazon.com/images/I/214ws0fHpFL.jpg",851,3430.67,4.03
0002554194,"Books",12244298,"The way we are",706.34,"http://ecx.images-amazon.com/images/I/51oOl3HQesL.jpg",553,1710.05,3.09
0002550326,"Books",488496,"Tuscany: The Beautiful Cookbook",135.08,"http://ecx.images-amazon.com/images/I/51Q1WK7MS3L.jpg",858,3941.01,4.59
0002551667,"Books",1317051,"Greens: A Country Garden Cookbook",377.76,"http://ecx.images-amazon.com/images/I/5160sav2jkL.jpg",753,2879.76,3.82
0002554526,"Books",797413,"Onions: A Country Garden Cookbook (Country Garden Cookbooks)",366.72,"http://ecx.images-amazon.com/images/I/51QJ9H6DG4L.jpg",354,1625.74,4.59
0002557231,"Books",4412322,"A Day in the Life of the National Hockey League",93.53,"http://ecx.images-amazon.com/images/I/717PBDP44XL.gif",520,1708.7,3.29
0002558637,"Books",2998415,"Faithful Tribe: The Loyal Institutions",613.71,"http://ecx.images-amazon.com/images/I/41E3WHNHMBL.jpg",292,1007.91,3.45
0002556723,"Books",3597123,"Mammoth Hunt: In Search of the Giant Elephants of Nepal",126.03,"http://ecx.images-amazon.com/images/I/51M26ZD9ZGL.jpg",704,2124.4,3.02
0002551195,"Books",1125809,"A Day in the Life of Israel",14.05,"http://ecx.images-amazon.com/images/I/51MGoWQWLYL.jpg",285,1194.04,4.19
000255898X,"Books",3476194,"Among the Mountains Travels In Asia",774.96,"http://ecx.images-amazon.com/images/I/51H6459FF8L.jpg",258,1058.97,4.1
0002252082,"Books",2925284,"Dogs Are from Jupiter (Cats Are from the Moon) (Peanuts at Work &amp; Play)",491.94,"http://ecx.images-amazon.com/images/I/71QY7DV8PNL.gif",764,3481.23,4.56
0002554771,"Books",310461,"The Best of New Orleans (Best of ... S)",12.68,"http://ecx.images-amazon.com/images/I/61KZ2D4C8GL.jpg",856,4050.33,4.73
0002558572,"Books",5322796,"Gilbert and George: A Portrait",715.72,"http://ecx.images-amazon.com/images/I/51DJCC0EM9L.jpg",645,2743.1,4.25
0002554577,"Books",809355,"Pond Lake River Sea",6.56,"http://ecx.images-amazon.com/images/I/31EKpccppEL.jpg",864,3503.1,4.05
0002558319,"Books",693932,"Sas Driver's Survival Handbook",11.29,"http://ecx.images-amazon.com/images/I/6157ZVJXYBL.jpg",912,3600.72,3.95
0002554518,"Books",1639906,"Summer Fruit: A Country Garden Cookbook",522.03,"http://ecx.images-amazon.com/images/I/51J5CDVBQRL.jpg",866,3538.4,4.09
0002550938,"Books",2051813,"Sahara (Dirk Pitt Adventure)",8.99,"http://ecx.images-amazon.com/images/I/51EEWScJ7vL.jpg",670,3180.56,4.75
0002554623,"Books",2006267,"Birds &amp; Bees: A Sexual Study",60.25,"http://ecx.images-amazon.com/images/I/41GqYzaEipL.jpg",986,3418.59,3.47
0002553988,"Books",3556485,"The Footprints Book of Prayers",13.38,"http://ecx.images-amazon.com/images/I/61Rz2Htc6cL.jpg",207,760.15,3.67
0002570874,"Books",5210448,"Fish of the Seto Inland Sea",185.03,"http://ecx.images-amazon.com/images/I/51F380Y4CRL.jpg",102,444.05,4.35
0002570033,"Books",1510096,"Lost Lion of Empire",145.55,"http://ecx.images-amazon.com/images/I/51GFNKRWZNL.jpg",809,2966.69,3.67
0002571382,"Books",2646451,"Discovering Dorothea: The Life of the Pioneering Fossil-Hunter Dorothea Bate",742.01,"http://ecx.images-amazon.com/images/I/5136ZMVVRYL.jpg",155,649.86,4.19
0002570319,"Books",8186663,"The Tao of Motivation: Inspire Yourself and Others",9.99,"http://ecx.images-amazon.com/images/I/41R0QKW2ZBL.jpg",867,4137.24,4.77
0002554860,"Books",2127402,"Andretti",27.0,"http://ecx.images-amazon.com/images/I/41gVm3yHx8L._SL500_.jpg",168,805.99,4.8
0002558033,"Books",2601076,"The SAS Urban Survival Handbook: How to Protect Yourself from Domestic Accidents, Muggings, Burglary and Attack (SAS Survival (HarperCollins))",9.99,"http://ecx.images-amazon.com/images/I/61Oi4QXYqkL.jpg",845,4011.12,4.75
000255934X,"Books",1631999,"Blood Royal: The Story of the Spencers and the Royals",6.15,"http://ecx.images-amazon.com/images/I/515TDKTZR1L.jpg",438,1823.69,4.16
0002625032,"Books",2406276,"Hope Abandoned",17.83,"http://ecx.images-amazon.com/images/I/41HrGMybtNL.jpg",518,2256.26,4.36
0002571153,"Books",3037568,"The Outcasts of the Islands: The Sea Gypsies of South East Asia",76.22,"http://ecx.images-amazon.com/images/I/41H5FCBG89L.jpg",223,824.38,3.7
0002559064,"Books",3974943,"Grub Street Irregular: Scenes from Literary Life",7.99,"http://ecx.images-amazon.com/images/I/51%2B4tz%2B2-OL.jpg",802,2407.83,3.0
0002571714,"Books",4329782,"What You'll Never Learn on the Internet",11.33,"http://ecx.images-amazon.com/images/I/415Y0KE7S3L.jpg",552,1975.65,3.58
0002570130,"Books",2623948,"Under the Dragon Travels In a Betrayed L",1.49,"http://ecx.images-amazon.com/images/I/517Y7WKZPGL.jpg",724,2682.79,3.71
0002713454,"Books",3593473,"The Idol",549.98,"http://ecx.images-amazon.com/images/I/61GFjGxhjPL.jpg",174,825.38,4.74
0002558793,"Books",2329225,"The Culture of the Europeans: From 1800 to the Present",11.04,"http://ecx.images-amazon.com/images/I/51U5nApLhPL.jpg",926,4125.37,4.46
000255710X,"Books",2475868,"The Danakil Diary: Journeys Through Abyssinia, 1930-34",635.46,"http://ecx.images-amazon.com/images/I/51NA29FDHSL.jpg",835,3333.27,3.99
0002554763,"Books",2340502,"The Best of Coffee: A Cookbook",12.23,"http://ecx.images-amazon.com/images/I/51VACF1MY4L.jpg",782,3318.21,4.24
000257196X,"Books",3329494,"De Niro: A Biography",634.71,"http://ecx.images-amazon.com/images/I/31N2CS4J20L.jpg",204,669.2,3.28
0002713357,"Books",3127154,"The Keeper of Ruins: And Other Inventions",539.66,"http://ecx.images-amazon.com/images/I/91BXF4qLvTL.jpg",536,1939.23,3.62
0002570963,"Books",966316,"Paradise with Serpents: Travels in the Lost World of Paraguay",13.88,"http://ecx.images-amazon.com/images/I/51KOzL-flsL.jpg",147,669.08,4.55
0002719053,"Books",8011029,"We Love Glenda So Much and Other Tales",13.08,"http://ecx.images-amazon.com/images/I/61cGlQCDlhL.jpg",941,4606.86,4.9
0002570327,"Books",1357868,"Marcel Proust: Selected Letters, Vol. 4: 1918-1922",283.74,"http://ecx.images-amazon.com/images/I/51SYBKY32ML.jpg",886,4400.05,4.97
0002551543,"Books",356202,"Provence: The Beautiful Cookbook: Authentic Recipes from the Regions of Provence",19.7,"http://ecx.images-amazon.com/images/I/518ZEDZG0RL.jpg",630,2459.61,3.9
0002712199,"Books",3011008,"Zeno of Bruges",81.53,,151,549.87,3.64
0002556324,"Books",2835412,"Juan Carlos",14.0,"http://ecx.images-amazon.com/images/I/414B3SG2C7L.jpg",443,1601.04,3.61
000255870X,"Books",6902586,"The Twelve Organizational Capabilities: Valuing People at Work",450.55,"http://ecx.images-amazon.com/images/I/41JECT625YL.jpg",721,2774.95,3.85
0002572192,"Books",3139855,"Amedeo: A True Story of Love and War in Abyssinia",685.66,"http://ecx.images-amazon.com/images/I/51QMEAMHSQL.jpg",871,4088.98,4.69
0002712091,"Books",513061,"Night of the Girondists",654.16,"http://ecx.images-amazon.com/images/I/41937yrQ7RL.jpg",331,1340.0,4.05
0002571560,"Books",1444918,"The Art of Gormenghast: The Making of a Television Fantasy",172.55,"http://ecx.images-amazon.com/images/I/519MH5JGF0L.jpg",823,3800.49,4.62
0002614510,"Books",8584715,"The Legend of Ararat",538.95,"http://ecx.images-amazon.com/images/I/41UKEb3ssOL._SL500_.jpg",453,2091.47,4.62
000255450X,"Books",1099879,"Corn: A Country Garden Cookbook (Country Garden Cookbooks)",16.38,"http://ecx.images-amazon.com/images/I/31KYxhhm2dL.jpg",619,1878.27,3.03
0002555875,"Books",4581764,"Steven Spielberg: The Unauthorized Biography",21.47,"http://ecx.images-amazon.com/images/I/410FB9ZGN9L.jpg",642,2663.05,4.15
0002713756,"Books",404463,"Fonteyn and Nureyev: The Great Years",22.46,"http://ecx.images-amazon.com/images/I/51z1Lf7FGrL.jpg",704,2578.21,3.66
0002710188,"Books",778945,"Home Run",26.47,"http://ecx.images-amazon.com/images/I/91DoEE3KtNL.jpg",632,2903.79,4.59
0002558173,"Books",1086683,"Sharpe Companion: A Detailed Historical and Military Guide to Bernard Cornwell's Bestselling Series of Sharpe Novels",13.15,"http://ecx.images-amazon.com/images/I/51HP85BQAML.jpg",829,3937.0,4.75
0002614529,"Books",4258686,"The legend of the thousand bulls",126.84,"http://ecx.images-amazon.com/images/I/51qBsxAgVXL.jpg",912,3097.63,3.4
0002571943,"Books",2151866,"One More Kilometre and We're in the Showers",10.35,"http://ecx.images-amazon.com/images/I/41VNGS3AEEL.jpg",894,3576.09,4.0
0002713624,"Books",1833311,"The Candlemass Road",9.99,"http://ecx.images-amazon.com/images/I/51dGBgG2APL.jpg",689,2195.13,3.19
0002570890,"Books",3872869,"The Last Jet-Engine Laugh",266.74,"http://ecx.images-amazon.com/images/I/61OrHjjvWWL.jpg",178,766.92,4.31
0002730057,"Books",2347859,"The Towpath",223.47,"http://ecx.images-amazon.com/images/I/51VxQ2oNYtL.jpg",536,2580.5,4.81
0003222977,"Books",950775,"Starting Shakespeare (Collins Starting Shakespeare)",20.86,"http://ecx.images-amazon.com/images/I/51G6DEDAHVL.jpg",430,1472.02,3.42
0002726874,"Books",1857405,"Quartered Safe Out Here: A Recollection of the War in Burma",9.06,"http://ecx.images-amazon.com/images/I/41FRF54J73L.jpg",327,1581.84,4.84
0002740427,"Books",6974124,"The Unmasking of Oscar Wilde",12.99,"http://ecx.images-amazon.com/images/I/41TSM92VPBL.jpg",696,2483.76,3.57
0002571293,"Books",3073190,"The Third Secret: The CIA, Solidarity and the KGB's Plot to Kill the Pope",483.17,"http://ecx.images-amazon.com/images/I/51WNTRZ4ZWL.jpg",332,1265.89,3.81
0002740303,"Books",4378857,"Deadly Obsessions",13.49,"http://ecx.images-amazon.com/images/I/518H2BXDPTL.jpg",140,473.19,3.38
0003278344,"Books",11157364,"Health Sciences (Collins GCSE Sciences)",783.78,"http://ecx.images-amazon.com/images/I/51YTG7X6MEL.jpg",927,4337.55,4.68
0002559099,"Books",1997522,"Windrush: The Irresistible Rise of Multi-Racial Britain",186.2,"http://ecx.images-amazon.com/images/I/51DH6N8H3PL.jpg",411,2015.86,4.9
0002740168,"Books",4378821,"Feet of Clay: The Autobiography of the Former Bishopof Argyll and the Isles",492.39,"http://ecx.images-amazon.com/images/I/41SEF990ZBL.jpg",293,893.32,3.05
0002740737,"Books",2569245,"Murder at the Altar (Ellie Quicke Mystery Series #1)",7.99,"http://ecx.images-amazon.com/images/I/51LZdwV7OpL.jpg",620,1953.38,3.15
0002571471,"Books",2631169,"The Slow Breath of Stone: A Romanesque Love Story",7.99,"http://ecx.images-amazon.com/images/I/51Q%2BaSH7BYL.jpg",983,4091.68,4.16
0002740753,"Books",4202408,"Pride and Perjury",505.26,"http://ecx.images-amazon.com/images/I/411ZSCP2MNL.jpg",559,2503.77,4.48
0002712709,"Books",4570885,"The Girl in a Turban",388.71,"http://ecx.images-amazon.com/images/I/618oWXNHaiL.jpg",722,2743.61,3.8
0002713241,"Books",851638,"Snail in My Prime",12.23,"http://ecx.images-amazon.com/images/I/41Rgcrpnf6L.jpg",346,1526.98,4.41
0004127056,"Books",3466028,"Watercolour Made Easy: How to Build Up Your Confidence in Watercolour",289.61,"http://ecx.images-amazon.com/images/I/51J58A9P6HL.jpg",570,2405.91,4.22
0002720728,"Books",2873426,"Louis XIV",7.58,"http://ecx.images-amazon.com/images/I/51zaDHgUoBL._SL500_.jpg",961,4756.63,4.95
0004120205,"Books",3719941,"S.R. Badmin and the English Landscape",780.77,"http://ecx.images-amazon.com/images/I/4114d24eiEL._SL500_.jpg",204,869.26,4.26
0002318652,"Books",4984066,"Taken at the Flood (Agatha Christie Collection)",6.64,"http://ecx.images-amazon.com/images/I/51EG2VWSPAL.jpg",548,1754.1,3.2
0002570831,"Books",2848410,"Walter Sickert: A Biography",9.99,"http://ecx.images-amazon.com/images/I/41MDW10TJXL.jpg",757,3481.44,4.6
0002558718,"Books",1486422,"New Fontana Dictionary of Modern Thought",142.29,"http://ecx.images-amazon.com/images/I/4173ZJRGNYL.jpg",160,728.41,4.55
0004126815,"Books",2296126,"Rose Elliot's Vegetarian Christmas: Over 150 Recipes for the Festive Season",405.7,"http://ecx.images-amazon.com/images/I/31tvHo7GUUL.jpg",439,1612.61,3.67
0004133307,"Books",3704146,"Drawing for Beginners: A Step-By-Step Guide to Drawing Success",498.63,"http://ecx.images-amazon.com/images/I/51WBHHJ4X5L.jpg",359,1249.49,3.48
0004133285,"Books",805389,"Caricatures: Everything You Need to Know to Get Started (Collins Learn to Draw)",20.47,"http://ecx.images-amazon.com/images/I/51AGXK2QT9L.jpg",764,3233.29,4.23
0002727463,"Books",2154643,"The Steel Bonnets: The Story of the Anglo-Scottish Border Reivers",9.99,"http://ecx.images-amazon.com/images/I/41s8NLDsLzL.jpg",676,3361.65,4.97
0004126505,"Books",677080,"Country Flowers in Watercolor",19.51,"http://ecx.images-amazon.com/images/I/512P-VZi9GL.jpg",590,1831.34,3.1
0004133382,"Books",3249410,"Flower Portraits in Watercolour(Collins Learn to Paint Series)",19.08,"http://ecx.images-amazon.com/images/I/51TQCCFZCFL.jpg",810,3509.37,4.33
0004140850,"Books",1327636,"Gardening With Old Roses",793.29,"http://ecx.images-amazon.com/images/I/51B5Z5VM3EL.jpg",904,3588.46,3.97
0003271323,"Books",321636,"Europe 1760&#150;1871 (Flagship History)",571.48,"http://ecx.images-amazon.com/images/I/51JGWB0Q4VL.jpg",665,2236.76,3.36
0004140966,"Books",3488619,"Funky Junk: In Association with &quot;This Morning&quot;",432.07,"http://ecx.images-amazon.com/images/I/51WYMY41D7L.jpg",654,2776.39,4.25
0004133463,"Books",6293590,"Pastels (Collins Learn to Paint)",265.78,"http://ecx.images-amazon.com/images/I/51YZ5J0GSVL.jpg",869,3873.93,4.46
0004140052,"Books",3781076,"Collins Complete Woodworker's Manual",18.42,"http://ecx.images-amazon.com/images/I/51ZPP6HEQCL.jpg",194,663.55,3.42
0004133595,"Books",2864179,"Learn to Draw Flowers (Learn to Draw (HarperCollins))",8.96,"http://ecx.images-amazon.com/images/I/51PKH8049BL.jpg",851,2680.99,3.15
000274094X,"Books",2016662,"In Search of the World's Worst Writers",759.11,"http://ecx.images-amazon.com/images/I/51GAWSXEE8L.jpg",802,2538.8,3.17
0002713810,"Books",6131883,"In Praise of Truth: The Personal Account of Theodore Marklund, Picture-Framer",97.91,"http://ecx.images-amazon.com/images/I/813zwGuF7NL.jpg",123,427.06,3.47
0004133587,"Books",3797865,"Fantasy Art (Learn to Draw)",17.82,"http://ecx.images-amazon.com/images/I/51HGZQYHDPL.jpg",289,894.61,3.1
0004134125,"Books",2375522,"Pen and Wash - Learn to Paint - OE",18.16,"http://ecx.images-amazon.com/images/I/51HK5JKTRSL.jpg",1000,4406.73,4.41
0002551519,"Books",116384,"Pacific Northwest: The Beautiful Cookbook",21.03,"http://ecx.images-amazon.com/images/I/51VpgDvfh3L.jpg",945,4510.91,4.77
0004134109,"Books",6512871,"Animated Cartoons: Everything You Need to Know to Get Started (Collins Learn to Draw)",400.39,"http://ecx.images-amazon.com/images/I/51dLN9EOp0L.jpg",959,4591.28,4.79
0002572168,"Books",2097906,"The Sea Kingdoms: The History of Celtic Britain and Ireland",325.68,"http://ecx.images-amazon.com/images/I/41%2BBgw9h0HL.jpg",396,1203.84,3.04
0004133897,"Books",1308389,"Winning with Watercolour: Tips and Techniques for Atmospheric Paintings",10.32,"http://ecx.images-amazon.com/images/I/51ZM8HYAWVL.jpg",750,2690.32,3.59
0004140494,"Books",3664230,"Collins Complete Book of Soft Furnishings",197.13,"http://ecx.images-amazon.com/images/I/5169GG2F8WL.jpg",479,1882.27,3.93
0004133900,"Books",2301568,"Watercolour Made Easy",72.39,"http://ecx.images-amazon.com/images/I/51XXXT5F3VL.jpg",478,2372.72,4.96
0004145372,"Books",2199637,"Marching with Sharpe: What it Was Like to Fight in Wellington's Army",314.04,"http://ecx.images-amazon.com/images/I/516K864730L.jpg",212,1032.31,4.87
0004133935,"Books",2633977,"Watercolour: A Step-by-step Guide for Absolute Beginners (Collins You Can Paint)",12.64,"http://ecx.images-amazon.com/images/I/512DX6YSZ8L.jpg",812,3838.56,4.73
0002555026,"Books",2885384,"Test Your Cat: The Cat IQ Test",12.6,"http://ecx.images-amazon.com/images/I/41xsmP9qwkL.jpg",390,1718.51,4.41
0004589769,"Books",5021576,"Collins Gem German Dictionary: German-English English-German (Collins Gems)",462.73,"http://ecx.images-amazon.com/images/I/313xGrLqELL.jpg",904,4111.01,4.55
0002555921,"Books",4549342,"Some Girls Do",683.43,"http://ecx.images-amazon.com/images/I/51P714S16BL.jpg",809,2518.84,3.11
0004489438,"Books",6239196,"Scotland: Scotland Touring (Collins British Isles and Ireland Maps)",6.25,"http://ecx.images-amazon.com/images/I/41N4W4RA51L.jpg",835,3496.46,4.19
0003300781,"Books",9921227,"Two Weeks with the Queen (Cascades)",12.05,"http://ecx.images-amazon.com/images/I/51JBYSGHXRL.jpg",212,1056.62,4.98
0004140648,"Books",215944,"Beth Chatto's Green Tapestry: Perennial Plants for Your Garden",340.64,"http://ecx.images-amazon.com/images/I/61C2D93H7WL.jpg",279,1271.13,4.56
0004334051,"Books",3484032,"Collins Shubun English Japanese Dictionary = (NEW)",10.6,"http://ecx.images-amazon.com/images/I/51NTX9V6P0L.jpg",131,522.64,3.99
0004343476,"Books",6964197,"Mathematics (Collins Dictionary Of . . .)",763.28,"http://ecx.images-amazon.com/images/I/41JPZVCHHEL.jpg",761,3792.23,4.98
0004586441,"Books",1632751,"Collins Gem Latin Dictionary: Latin English English Latin (Gem Dictionaries)",13.89,"http://ecx.images-amazon.com/images/I/51wNs%2Bbd50L._SL500_.jpg",693,3254.7,4.7
0004140338,"Books",4667333,"Rose Eliot's Vegetarian Barbecues and Grills: Over 150 Quick and Easy Vegetarian Recipes",347.9,"http://ecx.images-amazon.com/images/I/51M9D1H3QTL.jpg",592,2636.46,4.45
0004133862,"Books",2038732,"Chinese Brush (Learn to Paint)",8.98,"http://ecx.images-amazon.com/images/I/51B25SPCZFL.jpg",211,963.85,4.57
0004586654,"Books",2797642,"Collins Gem Russian Dictionary: Russian English English Russian (Gem Dictionaries)",26.11,"http://ecx.images-amazon.com/images/I/510PMJ0ZPCL.jpg",749,3353.77,4.48
0004486110,"Books",3553696,"Collins Essential Atlas/ The World (Atlases for Today's World)",6.91,"http://ecx.images-amazon.com/images/I/51PM6NZ3XTL.jpg",214,648.59,3.03
0004133536,"Books",3216741,"Buildings (Learn to Draw)",15.24,"http://ecx.images-amazon.com/images/I/51KM58D59SL.jpg",844,3839.87,4.55
0003222357,"Books",3506054,"Sociology: Themes and Perspectives",136.09,"http://ecx.images-amazon.com/images/I/51aKok8uIBL.jpg",343,1273.0,3.71
0004126483,"Books",2218071,"Focus on Nature: The Creative Process Behind Making Great Photographs In The Field",17.04,"http://ecx.images-amazon.com/images/I/91pyrQTNbkL.jpg",456,1812.99,3.98
0004125231,"Books",1663314,"Alwyn Crawshaw's Watercolour Painting Course",12.64,"http://ecx.images-amazon.com/images/I/51V0AT8E2VL.jpg",211,689.12,3.27
0004489098,"Books",6780975,"Collins Mini Atlas of the World",387.28,"http://ecx.images-amazon.com/images/I/41Z1X5DA3EL.jpg",377,1567.97,4.16
0004488938,"Books",2305325,"Collins Mini Atlas of the World",9.36,"http://ecx.images-amazon.com/images/I/31Y0EZT7SCL.jpg",674,2686.64,3.99
0004700090,"Books",13726467,"Collins Dictionary of Law",508.62,"http://ecx.images-amazon.com/images/I/41C0NN8XFRL.jpg",195,880.65,4.52
0004708490,"Books",1685525,"Aircraft of World War II (The Collins/Jane's Gems)",434.33,"http://ecx.images-amazon.com/images/I/51CAGWAR97L.jpg",583,1896.25,3.25
0004709977,"Books",834596,"Jane's Battleships of the 20th Century",24.41,"http://ecx.images-amazon.com/images/I/518QFS4PEGL.jpg",728,2654.61,3.65
0004140958,"Books",3544966,"Floyd Uncorked",569.68,"http://ecx.images-amazon.com/images/I/510nviQuNIL.jpg",686,2357.72,3.44
0004710258,"Books",2449898,"The Scottish Regiments",443.84,"http://ecx.images-amazon.com/images/I/51Y2FCCTGTL.jpg",981,4212.54,4.29
0004710010,"Books",5750744,"Collins Gem Span Verb Tables",172.47,"http://ecx.images-amazon.com/images/I/51NFYXV186L.jpg",975,3995.94,4.1
0004585488,"Books",2210890,"Collins Gem Greek Dictionary: Greek English English Greek (Collins Gems)",681.51,"http://ecx.images-amazon.com/images/I/51QVD5RE43L.jpg",893,3420.25,3.83
0004489004,"Books",13552775,"Collins Australia (Collins World Travel Maps)",10.43,"http://ecx.images-amazon.com/images/I/414B6VMZG4L.jpg",941,4047.82,4.3
0004721098,"Books",2079082,"Jane's F-117 Stealth Fighter: At The Controls (Jane's at the Controls)",165.43,"http://ecx.images-amazon.com/images/I/518QEP3N1AL.jpg",514,2292.4,4.46
0004589580,"Books",3830363,"Clans and Tartans (Collins Gems)",672.02,"http://ecx.images-amazon.com/images/I/51MFXT9QYTL.jpg",898,3396.58,3.78
0004708229,"Books",889483,"Jane's Fighter Combat in the Jet Age",29.5,"http://ecx.images-amazon.com/images/I/415B6JA20ML.jpg",387,1806.39,4.67
0004700481,"Books",3307367,"Collins Gem Spanish Dictionary: Spanish-English English-Spanish (Spanish Edition)",511.25,"http://ecx.images-amazon.com/images/I/519K0NR2ENL.jpg",508,2180.36,4.29
0004722205,"Books",5547238,"Fighter Command: 1939-1945",676.66,"http://ecx.images-amazon.com/images/I/51XH0HBVJSL.jpg",420,2026.9,4.83
0004721357,"Books",4041621,"Advanced Tactical Fighters (Jane's Pocket Guide)",186.35,"http://ecx.images-amazon.com/images/I/41F6P5ES9BL.jpg",222,985.09,4.44
0004720776,"Books",2354701,"Someone Else's War",375.79,"http://ecx.images-amazon.com/images/I/510PAQYEVXL.jpg",745,2816.45,3.78
0004704991,"Books",12473629,"Castles of Scotland (Collins Gems)",686.44,"http://ecx.images-amazon.com/images/I/51639ZAZG3L.jpg",243,819.72,3.37
0004708261,"Books",10492327,"Sharks (Collins Gem)",551.42,"http://ecx.images-amazon.com/images/I/51JZWSMXD7L.jpg",369,1400.76,3.8
0004707532,"Books",1874628,"Collins Gem Irish Dictionary",28.5,"http://ecx.images-amazon.com/images/I/81ww0CtAwoL.jpg",815,3041.99,3.73
0004707664,"Books",2398059,"Collins Gem French Dictionary French, English English, French",603.33,"http://ecx.images-amazon.com/images/I/51EQ2AXECQL.jpg",768,2476.73,3.22
0004722698,"Books",8647646,"Insects (Collins GEM)",76.77,"http://ecx.images-amazon.com/images/I/5113B85TQ1L.jpg",657,2886.16,4.39
0004707508,"Books",2363473,"Collins Gem Spanish Dictionary, 4th Edition",7.19,"http://ecx.images-amazon.com/images/I/51Z6DBWD4VL.jpg",366,1548.43,4.23
0004722116,"Books",2082613,"Jane's Warship Recognition Guide (Jane's Warships Recognition Guide)",18.84,"http://ecx.images-amazon.com/images/I/51tRmVdcJfL.jpg",878,3712.32,4.23
000470763X,"Books",532612,"Collins Gem Latin Dictionary: Second Edition (Collins Language)",13.89,"http://ecx.images-amazon.com/images/I/31Fu%2B3ety6L.jpg",120,495.21,4.13
0004702743,"Books",7321533,"Collins Gem Spanish Verb Tables and Grammar",459.64,,887,3731.44,4.21
000470746X,"Books",1519694,"Collins Gem Italian Dictionary: Italian-English English-Italian",7.59,"http://ecx.images-amazon.com/images/I/513R2MZ8D8L.jpg",515,2109.13,4.1
0004723821,"Books",4312604,"Vocabulary Expander (Collins Word Power)",592.02,"http://ecx.images-amazon.com/images/I/51BD0VRE4AL.jpg",218,1077.16,4.94
0004720652,"Books",590838,"Jane's War at Sea 1897-1997: 100 Years of Jane's Fighting Ships",484.14,"http://ecx.images-amazon.com/images/I/51GYQ3BK99L.jpg",603,2592.34,4.3
000472254X,"Books",1185933,"Jane's How to Fly and Fight in the F-14 Tomcat (At the Controls)",9.98,"http://ecx.images-amazon.com/images/I/51C5QMAGDTL.jpg",210,963.4,4.59
0004722213,"Books",3528872,"Fighters of World War II (Janes Pocket Guides)",153.63,"http://ecx.images-amazon.com/images/I/51Q5SV2HZ9L.jpg",890,3928.88,4.41
0004724097,"Books",447186,"Collins Gem Portuguese Dictionary English-Portuguese, Portuguese-English, Pocket size",7.59,"http://ecx.images-amazon.com/images/I/31kCyEuuNTL.jpg",213,1009.55,4.74
000472500X,"Books",2217415,"Scottish Country Dancing (Collins Pocket Reference)",748.62,"http://ecx.images-amazon.com/images/I/51F5S358JNL.jpg",220,748.29,3.4
0004721470,"Books",1488559,"Jane's Historic Military Aircraft Recognition Guide (Jane's Recognition Guides)",18.12,"http://ecx.images-amazon.com/images/I/414ER4TJ8FL.jpg",433,1702.03,3.93
0004708466,"Books",1767045,"Collins/Jane's Combat Aircraft (Collins Pocket Guide)",101.5,"http://ecx.images-amazon.com/images/I/517Z8KESW6L.jpg",226,863.24,3.82
0004724143,"Books",984294,"The Collins Gem Spanish Dictionary: Spanish-English/English-Spanish (5th Edition)",64.24,"http://ecx.images-amazon.com/images/I/51GSGE1EFZL.jpg",800,2419.47,3.02
0004708237,"Books",3299637,"Collins Gem Shubun English-Japanese Dictionary",662.92,"http://ecx.images-amazon.com/images/I/31eZipi6VrL.jpg",268,1277.83,4.77
0004721446,"Books",2092471,"Jane's MIG-29: At the Controls (Jane's at the Controls)",47.45,"http://ecx.images-amazon.com/images/I/51WQGAZDPML.jpg",996,4649.54,4.67
0004586522,"Books",1755942,"Collins Gem Russian Dictionary (Collins Gem Series)",220.58,"http://ecx.images-amazon.com/images/I/512X03SQW0L.jpg",103,395.1,3.84
0005019222,"Movies & TV",647193,"Waltons the Homecoming [VHS]",153.74,"http://ecx.images-amazon.com/images/I/31pB0lbU3UL.jpg",199,768.55,3.86
0004722639,"Books",3335594,"Whisky (Collins Gem)",748.58,"http://ecx.images-amazon.com/images/I/415Q6VS6FPL.jpg",538,2168.54,4.03
0004588029,"Books",11497462,"Wild Animals (Gem Nature Guides)",622.92,"http://ecx.images-amazon.com/images/I/51jDgpHsBvL.jpg",297,1478.43,4.98
0005048729,"Music",168617,"Listen - Songs of Presence by the Monks of Weston Priory",84.94,"http://ecx.images-amazon.com/images/I/41RvUjoiPVL._SL500_SY300_.jpg",585,2474.71,4.23
0004724119,"Books",2808189,"Collins Gem Italian Dictionary, 5e",639.17,"http://ecx.images-amazon.com/images/I/31I-lk6RaLL.jpg",213,795.99,3.74
0004724542,"Books",3862678,"The Great World War 1914-45: Volume I: Lightning Strikes Twice",690.24,"http://ecx.images-amazon.com/images/I/51AD73404FL.jpg",914,4531.94,4.96
0004724038,"Books",1868310,"French Easy Learning Dictionary (French Edition)",706.46,"http://ecx.images-amazon.com/images/I/41APBP4FBGL.jpg",143,454.52,3.18
0004720091,"Books",1773127,"Jane's How to Fly and Fight in the F/A-18 Hornet (Jane's at the Controls)",29.5,"http://ecx.images-amazon.com/images/I/5192PREPWXL.jpg",383,1798.38,4.7
0004722590,"Books",8660538,"Scottish First Names (Scottish Collection)",614.31,"http://ecx.images-amazon.com/images/I/41DBVEE5JXL.jpg",739,3600.26,4.87
0004724526,"Books",2062916,"Jane's Tanks &amp; Combat Vehicles Recognition Guide",18.27,"http://ecx.images-amazon.com/images/I/51AHVZK1WFL.jpg",211,942.04,4.46
0005097258,"Movies & TV",420051,"Holy Ground: Moments of Worship and Praise [VHS]",9.95,"http://ecx.images-amazon.com/images/I/51lwtdFTwxL._SY300_.jpg",390,1426.51,3.66
0005048524,"Movies & TV",816828,"Dinosaurs and the Bible (Creation Science Evangelism: Creation Seminar Series, Seminar Part 3) [VHS]",16.35,"http://ecx.images-amazon.com/images/I/41k27Y0HnCL.jpg",641,2564.25,4.0
0004724747,"Books",3625037,"Stars (Collins GEM)",558.49,"http://ecx.images-amazon.com/images/I/51TKXRSA0RL.jpg",432,1512.3,3.5
0005114349,"Movies & TV",761389,"Christmas is [VHS]",4.49,"http://ecx.images-amazon.com/images/I/51TNXK4JXSL._SY300_.jpg",871,4241.86,4.87
0004725042,"Books",5918505,"Scottish Surnames (Collins Pocket Reference)",12.56,"http://ecx.images-amazon.com/images/I/51NDFCWBM6L.jpg",292,1199.74,4.11
0005055121,"Movies & TV",476089,"50 Years of Thorns and Roses [VHS]",706.96,"http://ecx.images-amazon.com/images/I/518M96nvjtL._SY300_.jpg",211,883.28,4.19
0005123909,"Movies & TV",451209,"Silly Songs: 18 Wholesome Fun Songs for Kids [VHS]",29.98,"http://ecx.images-amazon.com/images/I/41K31EWEQQL._SY300_.jpg",558,1845.61,3.31
0005089549,"Movies & TV",504929,"Cathedral Quartet: A Reunion [VHS]",540.96,"http://ecx.images-amazon.com/images/I/4121RW29FGL._SY300_.jpg",411,2018.64,4.91
0004990218,"Books",4601726,"The Diary of Samuel Pepys: 1660",13.51,"http://ecx.images-amazon.com/images/I/51D6RVEKYVL.jpg",111,339.66,3.06
0005119367,"Movies & TV",408295,"Joseph [VHS]",6.88,"http://ecx.images-amazon.com/images/I/51PfmPOPSqL._SY300_.jpg",629,3087.0,4.91
0005097231,"Movies & TV",611961,"Jus Jake [VHS]",16.98,"http://ecx.images-amazon.com/images/I/514SYBD88GL._SY300_.jpg",878,2811.26,3.2
0004722957,"Books",9867016,"Kings and Queens (Collins Gem)",8.06,"http://ecx.images-amazon.com/images/I/510PYFEYP6L.jpg",238,764.55,3.21
0005054885,"Movies & TV",922663,"Passion According to Luke [VHS]",38.89,"http://g-ecx.images-amazon.com/images/G/01/x-site/icons/no-img-sm._CB192198896_.gif",319,1455.12,4.56
0004708482,"Books",1914548,"Jane's Modern Tanks (Collins/Jane's Gems)",469.97,"http://ecx.images-amazon.com/images/I/51H9ZADKX1L.jpg",368,1501.2,4.08
0005134188,"Movies & TV",363858,"Toddler Tunes [VHS]",17.99,"http://ecx.images-amazon.com/images/I/51R9WN976VL._SY300_.jpg",613,1864.55,3.04
0005019281,"Movies & TV",508334,"An American Christmas Carol [VHS]",34.88,"http://ecx.images-amazon.com/images/I/51EN601NABL._SY300_.jpg",439,1603.16,3.65
0005092663,"Movies & TV",471193,"A NATION ADRIFT  A Chronicle of America's Providential Heritage [VHS]",15.99,"http://ecx.images-amazon.com/images/I/718NVBSDZPL._SY300_.gif",137,655.27,4.78
0004724763,"Books",5901567,"Fashion (Collins GEM)",539.74,"http://ecx.images-amazon.com/images/I/51HPB0GAD0L.jpg",970,3027.14,3.12
0004724534,"Books",2491518,"Jane's Guns Recognition Guide",85.73,"http://ecx.images-amazon.com/images/I/51T8DTBY7GL.jpg",252,963.56,3.82
0004723724,"Books",2231749,"Collins Complete Works of Oscar Wilde",1.99,"http://ecx.images-amazon.com/images/I/41x15xiIDKL.jpg",701,2782.16,3.97
0005419263,"Movies & TV",390213,"Steve Green: Hide 'em in Your Heart Volume 2: 13 Bible Memory Music Videos for Children [VHS]",5.0,"http://ecx.images-amazon.com/images/I/514XRKEMRCL._SY300_.jpg",697,2550.21,3.66
0005200288,"Movies & TV",183133,"Walk Where Jesus Walked: A Life-Changing Visit to Israel - A Video Seminar Featuring Jack Hayford (Special TBN Edition) [VHS]",12.95,"http://ecx.images-amazon.com/images/I/51HMC0MJ0ZL._SY300_.jpg",512,1726.94,3.37
000599134X,"Books",453195,"Collins Bible Handbook",687.89,"http://ecx.images-amazon.com/images/I/812acDGc6xL.jpg",995,3578.09,3.6
0005465281,"Books",3397704,"Best of Favorites, Volume 2",6.99,"http://ecx.images-amazon.com/images/I/51c8-0tFd%2BL.jpg",893,4463.53,5.0
0005476216,"Books",839233,"Songs Of Stamps Baxter - Volume 1",12.41,"http://ecx.images-amazon.com/images/I/41Fkw95IY6L.jpg",787,3489.46,4.43
0005235774,"Books",1379758,"A Gift of Hope",3.88,"http://ecx.images-amazon.com/images/I/513BPBB1SRL.jpg",961,4703.94,4.89
0004723996,"Books",4203527,"Scotland the Best!",18.93,"http://ecx.images-amazon.com/images/I/417MS7QY1TL.jpg",796,2611.68,3.28
0005452287,"Movies & TV",475950,"Rejoice Africa [VHS]",25.0,"http://ecx.images-amazon.com/images/I/51VMY1JYQCL._SY300_.jpg",124,473.08,3.82
0005993814,"Books",5155273,"Common Worship Today",30.99,"http://ecx.images-amazon.com/images/I/51NNXAWJRNL.jpg",291,1437.05,4.94
0005257891,"Movies & TV",738164,"Breaking Intimidation: How to Overcome Fear and Release the Gifts of God in Your Life [VHS]",61.19,"http://ecx.images-amazon.com/images/I/51br2pmxZbL._SY300_.jpg",913,3215.86,3.52
0005991897,"Books",2144972,"Meditating As a Christian: Waiting upon God",475.49,"http://ecx.images-amazon.com/images/I/91vnulFnOML.jpg",447,1948.29,4.36
0005441382,"Music",54044,"Bless My Little Girl",12.05,"http://ecx.images-amazon.com/images/I/417BY0YDR5L._SX300_.jpg",623,2393.58,3.84
0005992095,"Books",5630930,"The Contemplative Life: A Theological Retreat",688.46,"http://ecx.images-amazon.com/images/I/61JkGniel7L.jpg",284,1330.0,4.68
000612609X,"Books",1551601,"The Long Ships: A Saga of the Viking Age",9.99,"http://ecx.images-amazon.com/images/I/51yXhiWcwLL.jpg",159,745.91,4.69
0005997925,"Books",9711802,"The Sunday Missal: New Edition (Red Standard)",511.01,"http://ecx.images-amazon.com/images/I/41Y0FDDHEFL.jpg",155,758.87,4.9
0005991978,"Books",1115934,"The Maternal Face of God: The Feminine and Its Religious Expressions",667.89,"http://ecx.images-amazon.com/images/I/81AvHahZn0L.jpg",651,2636.92,4.05
0006140882,"Books",3341287,"Ransom",249.13,,465,1763.55,3.79
000612321X,"Books",3173084,"Dead and Alive",29.25,"http://ecx.images-amazon.com/images/I/51nbB5LJANL.jpg",950,3551.76,3.74
0005445825,"Movies & TV",544159,"UFOs : The Hidden Truth [VHS]",25.0,"http://ecx.images-amazon.com/images/I/41CDKYS83XL._SY300_.jpg",939,2832.59,3.02
0005990602,"Books",1420358,"Friedrich Schleiermacher: Pioneer of Modern Theology (Making of Modern Theology)",15.66,"http://ecx.images-amazon.com/images/I/41qHF8vf4AL._SL500_PIsitb-sticker-arrow-big,TopRight,35,-73_OU01_.jpg",593,2718.58,4.58
0006137741,"Books",1343110,"Lion Triumphant",1.99,"http://ecx.images-amazon.com/images/I/41FV1AET8QL.jpg",502,2053.95,4.09
0005991315,"Books",1946148,"Adolf Von Harnack (The Making of modern theology)",13.8,"http://ecx.images-amazon.com/images/I/41B%2B1Q-xunL.jpg",288,1393.53,4.84
0006161413,"Books",1608905,"Ice Station Zebra",6.64,"http://ecx.images-amazon.com/images/I/51ST1T5THXL.jpg",820,3742.49,4.56
000614408X,"Books",3007092,"Lynmara Legacy",763.92,"http://ecx.images-amazon.com/images/I/81PEqm8HL4L.jpg",568,2822.67,4.97
0006158056,"Books",1313802,"Breakheart Pass",6.64,"http://ecx.images-amazon.com/images/I/511PJ4QQV5L.jpg",447,1749.39,3.91
0005991293,"Books",1816821,"Karl Barth: Theologian of Freedom (The Making of Modern Theology)",9.98,"http://ecx.images-amazon.com/images/I/3173NiJgGIL.jpg",259,964.01,3.72
0006135129,"Books",1437917,"HMS &quot;Ulysses&quot;",6.64,"http://ecx.images-amazon.com/images/I/51%2B3ro9OLKL.jpg",983,3512.64,3.57
0006158048,"Books",2210813,"Where Eagles Dare",6.64,"http://ecx.images-amazon.com/images/I/51teXmtB2bL.jpg",268,1057.51,3.95
0006170749,"Books",2518772,"The White South",20.95,"http://ecx.images-amazon.com/images/I/51JpEuV0s8L.jpg",197,591.29,3.0
0006165699,"Books",3862938,"Doctor Frigo",9.99,"http://ecx.images-amazon.com/images/I/51AmR6DasrL.jpg",711,2440.31,3.43
0006176607,"Books",864857,"Justice",704.49,"http://ecx.images-amazon.com/images/I/41JUSUP73QL.jpg",257,859.59,3.34
0006163351,"Books",1382318,"Air Force One is Down (Alistair MacLean's UNACO)",7.59,"http://ecx.images-amazon.com/images/I/51cs%2Bs0QWFL.jpg",246,1154.54,4.69
0006172164,"Books",913044,"Warleggan: A Novel of Cornwall 1792 1793/the Fontana",14.16,"http://ecx.images-amazon.com/images/I/513OAWSt%2BEL.jpg",107,340.56,3.18
000617471X,"Books",2304156,"Secret for a Nightingale",7.19,"http://ecx.images-amazon.com/images/I/3182CXX8PQL.jpg",213,1033.8,4.85
0006177484,"Books",10325505,"Young Gospel Pianist: Level 6",312.45,"http://ecx.images-amazon.com/images/I/41NCMY7FN2L.jpg",893,3390.66,3.8
0005059836,"Movies & TV",570349,"Homecoming Kids Camp Out with Poster [VHS]",25.13,"http://ecx.images-amazon.com/images/I/51FIfkzeT6L._SY300_.jpg",706,2303.63,3.26
0006170110,"Books",2242634,"Three Women of Liverpool",3.49,"http://ecx.images-amazon.com/images/I/41RY7MYHEGL.jpg",758,2820.02,3.72
000617499X,"Books",4035014,"A Song in the Morning",10.74,"http://ecx.images-amazon.com/images/I/31HDME0RJ6L.jpg",785,2667.68,3.4
0006129005,"Books",4956575,"Two Eggs on My Plate",380.02,"http://ecx.images-amazon.com/images/I/81kGI9QqYzL.jpg",991,3633.71,3.67
000617681X,"Books",323101,"The General Danced at Dawn",13.14,"http://ecx.images-amazon.com/images/I/51R5ENYWD9L.jpg",164,614.01,3.74
0006176755,"Books",1812244,"The Sheikh and the Dustbin",12.93,"http://ecx.images-amazon.com/images/I/51NNqLTTCOL.jpg",181,788.57,4.36
000616174X,"Books",5880158,"Cat Among the Pigeons",6.64,"http://ecx.images-amazon.com/images/I/516Q9RS149L.jpg",162,701.61,4.33
0006173527,"Books",11400945,"Armada",589.4,,351,1534.27,4.37
0006276199,"Books",2669714,"Alien at St Wilfred's",704.91,"http://ecx.images-amazon.com/images/I/41DLCqiQaYL.jpg",495,2162.32,4.37
0006179983,"Books",5029942,"Ferry Down: Voyage to Disaster",600.39,"http://ecx.images-amazon.com/images/I/51B4ZVEY0HL.jpg",340,1591.92,4.68
0006176909,"Books",518460,"House of Cards",5.99,"http://ecx.images-amazon.com/images/I/71IaEyKyapL.jpg",144,694.55,4.82
0006176550,"Books",2103335,"McAuslan in the Rough",14.53,"http://ecx.images-amazon.com/images/I/51Q9D7FQ3ML.jpg",543,2685.12,4.94
0006279457,"Books",2381886,"Castle Cats",103.8,"http://ecx.images-amazon.com/images/I/6158P8TYMBL.jpg",967,4421.01,4.57
0006255450,"Books",685711,"The Sacrament of the Present Moment",11.82,,669,3151.12,4.71
0006279295,"Books",3827247,"Scene and Hird: My Autobiography, Volume 1",309.04,"http://ecx.images-amazon.com/images/I/51C817QW0PL.jpg",189,917.64,4.86
0006172466,"Books",2998735,"The Latchkey Kid",3.49,"http://ecx.images-amazon.com/images/I/51VRH9C2BQL.jpg",874,3886.27,4.45
0006280080,"Books",3619920,"Gospel Truth",23.97,"http://ecx.images-amazon.com/images/I/51Y2HVP16YL.jpg",862,2669.77,3.1
0006280536,"Books",2343024,"Chronicles of a Curate",368.97,"http://ecx.images-amazon.com/images/I/51AgiOzEd3L.jpg",872,3540.17,4.06
0006279554,"Books",1461694,"Pathways to the Supreme (Collins Pathways)",387.24,"http://ecx.images-amazon.com/images/I/71YZ0YJWEJL.gif",932,2811.37,3.02
0006280374,"Books",3626619,"Prophet of Orthodoxy",711.78,"http://ecx.images-amazon.com/images/I/41VAKE7FJHL.jpg",785,2429.75,3.1
0006280366,"Books",8641735,"Like Water in a Dry Land: Journey into Modern Israel",256.15,"http://ecx.images-amazon.com/images/I/414X57VBSGL.jpg",597,2914.96,4.88
0006172504,"Books",7245037,"Juggernaut",13.99,"http://ecx.images-amazon.com/images/I/51ZX1P9EE8L.jpg",527,2188.08,4.15
0006278558,"Books",4906539,"Spirit of the Child",17.81,"http://ecx.images-amazon.com/images/I/41TE5AWBNJL.jpg",142,557.25,3.92
0006279872,"Books",3718687,"Is It Thora?",538.21,"http://ecx.images-amazon.com/images/I/41NHPFD7KJL.jpg",314,1290.24,4.11
0006281435,"Books",2059085,"The Puzzle of God",554.41,"http://ecx.images-amazon.com/images/I/41X8D328N1L.jpg",484,2379.73,4.92
0006281605,"Books",13677512,"Next Pope: A Behind-The-Scenes Look at How the Successor to John Paul II Will Be Elected",593.04,"http://ecx.images-amazon.com/images/I/511PaIkyKEL.jpg",428,1761.05,4.11
0006278159,"Books",1074834,"Universal Wisdom: A Journey Through the Sacred Wisdom of the World",17.06,"http://ecx.images-amazon.com/images/I/71btHTi7XNL.jpg",230,870.45,3.78
0006175015,"Books",2840184,"Bloodline",6.99,"http://ecx.images-amazon.com/images/I/41rLB80OnRL.jpg",175,601.59,3.44
0006245668,"Books",2117421,"Screwtape Proposes a Toast",8.46,"http://ecx.images-amazon.com/images/I/41wb%2BNdHB5L.jpg",664,2284.32,3.44
0006279244,"Books",1333558,"Catholics and Their Houses",15.3,"http://ecx.images-amazon.com/images/I/717E2PGK3RL.gif",295,1279.83,4.34
0006281036,"Books",2629859,"Anna and Mister God: &quot;Mister God, This is Anna&quot;, &quot;Anna and the Black Knight&quot;, &quot;Anna's Book&quot;",6.29,"http://ecx.images-amazon.com/images/I/412N9VBY8XL.jpg",821,4049.76,4.93
0006281052,"Books",117594,"Why Am I Afraid to Tell You Who I Am?",8.96,"http://ecx.images-amazon.com/images/I/31uqqYwoYbL.jpg",714,2248.64,3.15
0006281621,"Books",3921593,"Two Vandals and a Wedding",53.63,"http://ecx.images-amazon.com/images/I/71PCN18PKBL.gif",624,2210.62,3.54
0006274765,"Books",3767384,"Being in Love: The Practice of Christian Prayer",4.0,"http://ecx.images-amazon.com/images/I/416SKQRV4RL.jpg",427,2011.27,4.71
0006281575,"Books",1981793,"C.S.Lewis Essay Collection and Other Short Pieces",42.65,"http://ecx.images-amazon.com/images/I/41YRN33AD9L.jpg",523,1767.34,3.38
000628101X,"Books",3530413,"Way of St. Ignatius: Finding God in All Things",24.91,"http://ecx.images-amazon.com/images/I/51569ND9S5L.jpg",912,2934.09,3.22
0006275192,"Books",310512,"Awareness",12.37,"http://ecx.images-amazon.com/images/I/41DpQi-teSL.jpg",445,1472.65,3.31
0006280447,"Books",3562266,"A Vicar's Diary",151.7,"http://ecx.images-amazon.com/images/I/41SNZ8R3ASL.jpg",733,2879.05,3.93
0006162592,"Books",528965,"The Golden Rendezvous",6.64,"http://ecx.images-amazon.com/images/I/31sgqQkrklL.jpg",172,842.42,4.9
0006341616,"Books",255742,"Beasts in My Belfry",19.95,"http://ecx.images-amazon.com/images/I/51kwACvCB5L.jpg",122,564.38,4.63
0006281443,"Books",2415430,"The Puzzle of Ethics",195.56,"http://ecx.images-amazon.com/images/I/71ECaYrf9DL.jpg",515,1546.43,3.0
0006370004,"Books",1283465,"Lime Street at Two",570.24,"http://ecx.images-amazon.com/images/I/31GHgmYTkhL.jpg",624,2445.96,3.92
0006281354,"Books",2210831,"Chronicles of a Vicar",788.88,"http://ecx.images-amazon.com/images/I/5156K9DF59L.jpg",257,930.64,3.62
0006281745,"Books",6874796,"Shopping for God: A Sceptic's Search for Value in the Spiritual Marketplace",15.07,"http://ecx.images-amazon.com/images/I/51y3mN54CQL.jpg",938,4359.62,4.65
0006280862,"Books",621410,"Reaching Out",9.92,"http://ecx.images-amazon.com/images/I/51P2vfpHUSL.jpg",796,3412.97,4.29
000636540X,"Books",1227025,"By the Waters of Liverpool",532.7,"http://ecx.images-amazon.com/images/I/417I0ghGIPL.jpg",217,729.54,3.36
0006240682,"Books",1222842,"Fern-Seed and Elephants and Other Essays on Christianity",11.79,"http://ecx.images-amazon.com/images/I/414K4eXR1AL.jpg",381,1827.41,4.8
0006278736,"Books",1968142,"Hear Our Silence: Portrait of the Carthusians",785.59,"http://ecx.images-amazon.com/images/I/41Z9JRQMQGL.jpg",408,1297.52,3.18
0006375316,"Books",217557,"Jerusalem: City of Mirrors",776.13,"http://ecx.images-amazon.com/images/I/51AA7VF2MBL.jpg",131,630.97,4.82
0006266363,"Books",2115857,"&quot;The Dark Tower and Other Stories",11.79,"http://ecx.images-amazon.com/images/I/41SA6NTMSFL.jpg",746,2458.57,3.3
0006380387,"Books",6930113,"Life's Little Inspiration Book",729.92,"http://ecx.images-amazon.com/images/I/61okB0TCATL._SL500_.jpg",445,2103.22,4.73
0006279597,"Books",2989999,"Readings in the Qur'an: Selected and Translated",19.3,"http://ecx.images-amazon.com/images/I/61FW-e78kAL._SL500_.jpg",911,4360.16,4.79
0006280684,"Books",3045408,"Thora Hird's Book of Bygones",9.77,"http://ecx.images-amazon.com/images/I/51xhWiNZJgL.jpg",146,672.58,4.61
0006371930,"Books",4844900,"Stalin and the Shaping of the Soviet Union",206.5,"http://ecx.images-amazon.com/images/I/41BXLh2MwDL._SL500_.jpg",804,3430.32,4.27
0006371949,"Books",3086252,"The Holocaust",20.69,"http://ecx.images-amazon.com/images/I/41%2BOClYkCYL.jpg",401,1603.63,4.0
0006382878,"Books",3472961,"Savoring the Wine Country",456.85,"http://ecx.images-amazon.com/images/I/41MFYMryPVL.jpg",991,3502.88,3.53
0006380905,"Books",949632,"The Kenneth Williams Diaries",15.26,"http://ecx.images-amazon.com/images/I/51AqpM9idSL.jpg",219,803.12,3.67
0006382568,"Books",540770,"Rare Air: Michael on Michael",11.88,"http://ecx.images-amazon.com/images/I/91r-EnoxPWL.jpg",899,3794.99,4.22
0006382991,"Books",1132779,"Inside Tibetan Buddhism: Rituals and Symbols Revealed (Signs of the Sacred)",443.7,"http://ecx.images-amazon.com/images/I/31kXCdDyetL.jpg",749,3594.16,4.8
0006383548,"Books",5926850,"Clint: The Life and Legend",278.44,"http://ecx.images-amazon.com/images/I/51AWRH3KDJL.jpg",975,4203.21,4.31
0006281125,"Books",1397538,"Anglo-Saxon Christianity",10.79,"http://ecx.images-amazon.com/images/I/51mDMsbmLmL.jpg",616,1886.1,3.06
0006380433,"Books",1865864,"Catch the Fire: The Toronto Blessing an Experience of Renewal and Revival",465.16,"http://ecx.images-amazon.com/images/I/417bzX362CL.jpg",136,673.65,4.95
0006372643,"Books",1598861,"Drawing on the Artist within: How to Release Your Hidden Creativity",14.48,"http://ecx.images-amazon.com/images/I/51RgSVzVgIL.jpg",143,698.66,4.89
0006374085,"Books",3197656,"Yamani: The Inside Story",496.33,"http://ecx.images-amazon.com/images/I/91jRMfNgB2L.jpg",307,1374.63,4.48
0006353282,"Books",1127575,"An Autobiography",6.64,"http://ecx.images-amazon.com/images/I/41K1B7EG30L.jpg",262,867.48,3.31
0006374301,"Books",3042265,"Wanting Everything",15.59,"http://ecx.images-amazon.com/images/I/51AGSMBZNDL.jpg",486,2277.03,4.69
0006384218,"Books",1958719,"A History of South Africa",16.1,"http://ecx.images-amazon.com/images/I/5141SRY1WEL.jpg",712,2687.15,3.77
0006385419,"Books",2193415,"Yankee Go Home: Canadians and Anti-Americanism",78.78,"http://ecx.images-amazon.com/images/I/51JK8JT81AL.jpg",965,3184.06,3.3
0006375669,"Books",564664,"Churchill's Black Dog",8.99,"http://ecx.images-amazon.com/images/I/5130vzFilbL.jpg",371,1775.67,4.79
0006383475,"Books",2556662,"A History of Jerusalem: One City, Three Faiths",14.5,"http://ecx.images-amazon.com/images/I/5123KPVHE3L.jpg",635,2293.64,3.61
0006387500,"Books",5418489,"From Empire to Europe",104.2,"http://ecx.images-amazon.com/images/I/51VW6ZC4ZFL.jpg",707,3004.72,4.25
0006383378,"Books",3043941,"Secret Channels: The Inside Story of Arab-Israeli Peace Negotiations",307.78,"http://ecx.images-amazon.com/images/I/41JS92X8KXL.jpg",730,2726.18,3.73
0006380840,"Books",3162528,"Time on Our Side: Growing in Wisdom, Not Growing Old",781.45,"http://ecx.images-amazon.com/images/I/51JBMDMY3VL.jpg",565,2238.12,3.96
0006379737,"Books",3318029,"Model Occupation: The Channel Islands Under German Rule 1940-1945",25.78,"http://ecx.images-amazon.com/images/I/51RvWL0NrzL.jpg",948,4604.16,4.86
0006383718,"Books",239051,"Profession of Violence: Rise and Fall of the Kray Twins",19.95,"http://ecx.images-amazon.com/images/I/5107PFXSEML.jpg",483,2142.27,4.44
0006384595,"Books",3877831,"Palestine Twilight: The Murder of Dr.Albert Glock and the Archaeology of the Holy Land",3.0,"http://ecx.images-amazon.com/images/I/41BYZVK9KHL.jpg",480,2175.61,4.53
0006388183,"Books",2371757,"The Rise and Fall of the Soviet Empire: Political Leaders from Lenin to Gorbachev",249.54,"http://ecx.images-amazon.com/images/I/41BGE4K5YKL.jpg",616,2759.69,4.48
0006373429,"Books",862525,"The Successful Self",15.59,"http://ecx.images-amazon.com/images/I/519A3sL5lQL.jpg",626,2666.02,4.26
0006388671,"Books",233265,"The Pursuit of Paradise: A Social History of Gardens and Gardening",581.71,"http://ecx.images-amazon.com/images/I/51XVT6P7F1L.jpg",410,1358.66,3.31
0006380727,"Books",1313389,"The Honourable Company: A History of the English East India Company",10.67,"http://ecx.images-amazon.com/images/I/51NFCMJDJ9L.jpg",750,2473.4,3.3
0006388256,"Books",2751915,"The Life and Adventures of William Cobbett",299.65,"http://ecx.images-amazon.com/images/I/61Mm-LgqOJL.jpg",442,1792.14,4.05
0006380832,"Books",625231,"Empires of the Monsoon: A History of the Indian Ocean and Its Invaders",536.56,"http://ecx.images-amazon.com/images/I/51NTPW5TA3L.jpg",650,2322.39,3.57
0006387640,"Books",2581505,"Best of Gerald Durrell",220.75,"http://ecx.images-amazon.com/images/I/51WN3V4P18L.jpg",401,1303.96,3.25
0006380298,"Books",1920894,"Manon: Alone in Front of the Net",216.1,"http://ecx.images-amazon.com/images/I/31G1uDwvXAL.jpg",514,1711.92,3.33
0006385141,"Books",4226043,"Fire in the Bones: Bill Mason and the Canadian Canoeing Tradition",7.99,"http://ecx.images-amazon.com/images/I/51W5C6FB5EL.jpg",150,615.69,4.1
000638837X,"Books",1312795,"One Up: A Woman in the SAS",11.59,"http://ecx.images-amazon.com/images/I/51Jmy6Kb0nL.jpg",622,2950.05,4.74
0006387306,"Books",3397859,"Gerald Durrell: The Authorised Biography",575.25,"http://ecx.images-amazon.com/images/I/514C62W837L.jpg",577,1901.88,3.3
0006391869,"Books",2941749,"The Stubborn Season",9.99,"http://ecx.images-amazon.com/images/I/4123GY79ysL.jpg",610,2514.53,4.12
0006386733,"Books",2395769,"Brixmis: The Untold Exploits of Britain's Most Daring Cold War Spy Mission",272.73,"http://ecx.images-amazon.com/images/I/51JGbLccHlL.jpg",287,915.33,3.19
0006384226,"Books",824147,"Dorothy Rowe's Guide to Life",15.59,"http://ecx.images-amazon.com/images/I/51KGSM5P1SL.jpg",560,2556.54,4.57
0006378560,"Books",917287,"Africa: Dispatches from a Fragile Continent",8.52,"http://ecx.images-amazon.com/images/I/41WDS9NPK5L.jpg",538,2359.52,4.39
0006472648,"Books",1076054,"Child of the Phoenix",324.88,"http://ecx.images-amazon.com/images/I/51AZJ416CHL.jpg",605,1848.3,3.06
0006387578,"Books",2710479,"An Appetite For Power: A History of the Conservative Party Since 1830",341.32,"http://ecx.images-amazon.com/images/I/51zPWO2B4kL.jpg",980,3512.06,3.58
0006470688,"Books",2195388,"Encounters",444.9,"http://ecx.images-amazon.com/images/I/51G4N87850L.jpg",304,1034.89,3.4
0006476201,"Books",1389205,"Flux",7.19,"http://ecx.images-amazon.com/images/I/511X85VEMDL.jpg",644,2147.0,3.33
0006387403,"Books",3214674,"The Pale Abyssinian: The Life of James Bruce",490.26,"http://ecx.images-amazon.com/images/I/41S3AKT4WNL.jpg",833,3277.99,3.94
0006470238,"Books",1793235,"This Day All Gods Die (The Gap Series)",5.99,"http://ecx.images-amazon.com/images/I/51RQ2K0EF2L.jpg",907,3483.23,3.84
000647019X,"Books",1886119,"The Real Story (The Gap Series)",5.99,"http://ecx.images-amazon.com/images/I/51P7APHTASL.jpg",535,2503.65,4.68
0006388515,"Books",1327865,"Freedom at Midnight",36.49,"http://ecx.images-amazon.com/images/I/51GDCCTQDDL.jpg",575,2004.46,3.49
0006479677,"Books",427561,"If Tomorrow Comes",7.6,"http://ecx.images-amazon.com/images/I/51FBdohq1eL.jpg",759,3179.83,4.19
0006470181,"Books",774653,"Mr. American (Flashman Papers)",38.95,"http://ecx.images-amazon.com/images/I/51a5dRhHiFL.jpg",370,1822.59,4.93
000647859X,"Books",2015446,"A Time of Justice",7.19,"http://ecx.images-amazon.com/images/I/515VXJHHVHL.jpg",717,2896.7,4.04
0006477100,"Books",1429789,"Goodfellowe MP",11.55,"http://ecx.images-amazon.com/images/I/513D3OiuM6L.jpg",114,512.24,4.49
0006479650,"Books",12242584,"Thirteenth Child",791.92,,549,2327.65,4.24
0006479359,"Books",7598744,"Cycle of Violence",2.99,"http://ecx.images-amazon.com/images/I/914iFFQ1jmL.jpg",431,1755.05,4.07
0006386245,"Books",2024702,"Farther Shores: Exploring How Near-Death, Kundalini and Mystical Experiences Can Transform Ordinary Lives",22.46,"http://ecx.images-amazon.com/images/I/21ARR02H0ML.jpg",765,3271.15,4.28
0006476058,"Books",1969227,"A Good Clean Fight",16.99,"http://ecx.images-amazon.com/images/I/51N05S5226L.jpg",412,1254.82,3.05
0006473296,"Books",599137,"The Chronicles of Thomas Covenant the Unbeliever",7.19,"http://ecx.images-amazon.com/images/I/51ryjROHDCL.jpg",545,1974.75,3.62
0006476457,"Books",1539787,"The Moat Around Murcheson's Eye",10.4,"http://ecx.images-amazon.com/images/I/41VN465NY3L.jpg",372,1651.84,4.44
000648025X,"Books",4057215,"The Runes of War (The Runespell Trilogy, Book 1)",11.99,"http://ecx.images-amazon.com/images/I/41C07DDVHQL.jpg",609,2735.09,4.49
0006482147,"Books",2391502,"The Rampart Worlds: Orion Arm Bk. 2",6.29,"http://ecx.images-amazon.com/images/I/51SJSB5N0XL.jpg",665,2715.92,4.08
0006483968,"Books",1166787,"Slow Lightning",7.19,"http://ecx.images-amazon.com/images/I/51970N210WL.jpg",699,2108.93,3.02
0006481434,"Books",8828306,"Two Strand River",9.95,"http://ecx.images-amazon.com/images/I/31KDyQC-KbL.jpg",417,1898.93,4.55
0006473334,"Books",2956871,"A Piece of Cake",16.99,"http://ecx.images-amazon.com/images/I/41APZ8AWGNL.jpg",830,3199.94,3.86
0006475043,"Books",13772556,"Sweetheart",542.85,"http://ecx.images-amazon.com/images/I/51RBLQWMh0L.jpg",916,3671.56,4.01
0006482007,"Books",4017408,"The Lost Runes (The Runespell Trilogy #2)",487.76,"http://ecx.images-amazon.com/images/I/515RXTJYT5L.jpg",909,3416.16,3.76
000648381X,"Books",6271709,"Mr. Landen Has No Brain",531.27,"http://ecx.images-amazon.com/images/I/318RRVTHR2L.jpg",820,3348.03,4.08
0006483712,"Books",9202749,"The Merlin Mystery: Poster Collection: The Secret Lies Inside....",14.53,"http://ecx.images-amazon.com/images/I/51PXQFVPWML.jpg",954,4474.04,4.69
0006479014,"Books",1446632,"Violent Ward",6.64,"http://ecx.images-amazon.com/images/I/5100T78DC5L.jpg",857,2803.89,3.27
0006491006,"Books",2058248,"The Making of Evita",622.96,"http://ecx.images-amazon.com/images/I/4113K9KY3RL.jpg",893,4043.35,4.53
0006479901,"Books",952150,"A Storm of Swords: Part 1 Steel and Snow (A Song of Ice and Fire, Book 3)",16.36,"http://ecx.images-amazon.com/images/I/71E7MiW1apL.jpg",588,2355.12,4.01
0006486223,"Books",2433768,"Black Jade (The EA Cycle)",10.38,"http://ecx.images-amazon.com/images/I/51BJWJV77FL.jpg",186,835.75,4.49
0006482430,"Books",5000339,"The Best of &quot;Interzone&quot; Anthology",513.82,"http://ecx.images-amazon.com/images/I/51ZPDYD618L.jpg",497,1774.46,3.57
0006482015,"Books",4522785,"The Runes of Sorcery (The Runespell Trilogy #3)",16.25,"http://ecx.images-amazon.com/images/I/51E92521KHL.jpg",787,3674.62,4.67
000647618X,"Books",415642,"Timelike Infinity",7.19,"http://ecx.images-amazon.com/images/I/51VNV1ZHC8L.jpg",790,2975.88,3.77
0006471641,"Books",809112,"To Play the King (House of Cards Trilogy)",6.15,"http://ecx.images-amazon.com/images/I/51f3U-IJblL.jpg",678,2203.4,3.25
0006491790,"Books",775640,"SurfRiders: In Search of the Perfect Wave",419.05,"http://ecx.images-amazon.com/images/I/61JRtImrbEL.jpg",199,599.37,3.01
0006476155,"Books",2234735,"Along Came a Spider",6.99,"http://ecx.images-amazon.com/images/I/71FgMjrMt9L.jpg",630,1993.25,3.16
000648302X,"Books",2801019,"Before &amp; After",65.28,"http://ecx.images-amazon.com/images/I/51A6KM0CT8L.jpg",702,3490.97,4.97
0006491944,"Books",1646415,"A Day in the Life of the National Hockey League",224.26,"http://ecx.images-amazon.com/images/I/41QG3WGGSVL.gif",283,1252.55,4.43
0006490603,"Books",462093,"Titanic",8.0,"http://ecx.images-amazon.com/images/I/513binDljWL.jpg",916,2970.15,3.24
0006486096,"Books",2239336,"The Cage of Nine Banestones (Pearl Saga)",7.19,"http://ecx.images-amazon.com/images/I/413W74DKHKL.jpg",769,3012.76,3.92
0006475973,"Books",1491660,"The Ghosts of Sleath",80.96,"http://ecx.images-amazon.com/images/I/618vsDnhIrL.jpg",818,3742.06,4.57
0006480160,"Books",870644,"The Complete Stories: v. 2",16.34,"http://ecx.images-amazon.com/images/I/51N0K3C2WPL.jpg",800,2752.4,3.44
0006490271,"Books",174180,"Dragons on the Sea of Night",518.56,"http://ecx.images-amazon.com/images/I/51GK3Q2852L.jpg",958,4183.17,4.37
0006492347,"Books",3391825,"Insights from the Outfield (Peanuts at Work &amp; Play)",505.66,"http://ecx.images-amazon.com/images/I/71JAKF5YDVL.gif",330,1604.46,4.86
0006491545,"Books",1473608,"Junior: Griffey on Griffey",540.02,"http://ecx.images-amazon.com/images/I/51YZJ36Q1VL.jpg",974,3236.4,3.32
0006483844,"Books",1342922,"The Tamuli: Domes of Fire/ The Shining Ones/ The Hidden City",15.67,"http://ecx.images-amazon.com/images/I/5170YEQC8BL.jpg",580,2690.29,4.64
0006481353,"Books",5946084,"Any Known Blood",24.95,"http://ecx.images-amazon.com/images/I/41Ctr7DdByL.jpg",626,3099.03,4.95
0006497128,"Books",1445155,"The Wild: Requiem for Homo Sapiens Bk. 2",101.83,"http://ecx.images-amazon.com/images/I/41NM8Y3K27L.jpg",217,900.08,4.15
0006496423,"Books",567110,"Perfectly Correct",8.99,"http://ecx.images-amazon.com/images/I/517i2usyzLL.jpg",700,2341.45,3.34
0006477097,"Books",520070,"The Final Cut (House of Cards Trilogy)",7.69,"http://ecx.images-amazon.com/images/I/516YJMA8kgL.jpg",761,3104.82,4.08
0006498892,"Books",5024510,"E.L.V.: Time's Square Bk. 2",268.18,"http://ecx.images-amazon.com/images/I/51ZV6WRGHDL.jpg",462,2184.05,4.73
0006491367,"Books",1577302,"A Gardener's Journal",10.0,"http://ecx.images-amazon.com/images/I/61BMPAX90JL.jpg",677,2590.47,3.83
0006498140,"Books",1909169,"Traces",7.19,"http://ecx.images-amazon.com/images/I/51HTYQ0J7XL.jpg",540,1796.69,3.33
0006498027,"Books",3769268,"Empire State",2.99,"http://ecx.images-amazon.com/images/I/212948J706L.jpg",610,2604.25,4.27
0006497802,"Books",5146637,"Lady of Hay",10.99,"http://ecx.images-amazon.com/images/I/51MQVBZXBEL.jpg",886,3950.74,4.46
0006385567,"Books",14046314,"The Internet Investor: A Practical and Time-Saving Guide to Financial Information on the Internet (Internet Investor: A Practical &amp; Time-Saving Guide to Financial Information on the Internet)",20.7,"http://ecx.images-amazon.com/images/I/61WDMTNysvL.jpg",346,1170.6,3.38
0006491243,"Books",3282485,"Muhammad Ali in Perspective",12.55,"http://ecx.images-amazon.com/images/I/712EEX2DX0L.gif",903,4180.87,4.63
000649692X,"Books",209222,"Glamorous Powers",5.98,"http://ecx.images-amazon.com/images/I/51BFXYJQKQL.jpg",600,2527.56,4.21
0006482155,"Books",5267107,"Sagittarius Whorl: The Rampart Worlds: Book 3",777.2,"http://ecx.images-amazon.com/images/I/51022DN55RL.jpg",337,1386.92,4.12
0006498051,"Books",6408272,"Ten Lords A-Leaping",4.99,"http://ecx.images-amazon.com/images/I/41GFNHFYKFL.jpg",105,489.18,4.66
0006499465,"Books",2033634,"Unfinished Portrait",23.95,"http://ecx.images-amazon.com/images/I/51-j5kb1IML.jpg",238,770.54,3.24
0006490522,"Books",2163693,"Inside Catholicism (Signs of the sacred)",25.68,"http://ecx.images-amazon.com/images/I/51-SCozLI%2BL.jpg",555,1717.21,3.09
0006498930,"Books",2959873,"Soldiers in the Mist",9.9,"http://ecx.images-amazon.com/images/I/51VQADGBE3L.jpg",505,2018.15,4.0
0006498310,"Books",4532913,"Blue Genes",4.61,"http://ecx.images-amazon.com/images/I/51DDQ53XWML.jpg",910,3160.81,3.47
0006499376,"Books",427856,"Brian Lumley's Mythos Omnibus, Vol. 1",15.13,"http://ecx.images-amazon.com/images/I/51F72J78QQL.jpg",647,3051.32,4.72
0006499031,"Books",1627302,"Red Gold",12.5,"http://ecx.images-amazon.com/images/I/41YWMWR4WPL.jpg",486,2217.32,4.56
0006496415,"Books",2539960,"The Ancient",7.59,"http://ecx.images-amazon.com/images/I/41X6K3WHD0L.jpg",458,1846.11,4.03
0006498000,"Books",2451713,"Winston's War",9.99,"http://ecx.images-amazon.com/images/I/5117uimBnoL.jpg",448,2103.7,4.7
0006498019,"Books",3350176,"Turbulent Priests",2.99,"http://ecx.images-amazon.com/images/I/51GDVN4J39L.jpg",208,965.8,4.64
0006491898,"Books",1244949,"Healing: A Journal of Tolerance and Understanding",412.08,"http://ecx.images-amazon.com/images/I/716GTPQCP5L.gif",866,4095.09,4.73
0006499457,"Books",2112214,"Giant's Bread",21.59,"http://ecx.images-amazon.com/images/I/51TSEG8UdkL.jpg",831,2974.26,3.58
0006482724,"Books",6218881,"Lilith's Castle",297.12,"http://ecx.images-amazon.com/images/I/51JX50NEECL.jpg",631,2387.56,3.78
0006510701,"Books",3021102,"Stone and Sky: Book One of the Stone Trilogy",47.76,"http://ecx.images-amazon.com/images/I/51Q9RF0QMXL.jpg",560,2030.87,3.63
0006492126,"Books",3041837,"A Day in the Life of Ireland: Photographed by 75 of the World's Leading Photojournalists on One Day, May 17, 1991",774.38,"http://ecx.images-amazon.com/images/I/51MDUuUQVML.jpg",450,2147.24,4.77
0006498698,"Books",4074236,"Imagica: Reconciliation v. 2",308.73,"http://ecx.images-amazon.com/images/I/51CFR07T76L.jpg",623,3020.74,4.85
0006499473,"Books",1012507,"Absent in the Spring",48.21,"http://ecx.images-amazon.com/images/I/514TzqkHYuL.jpg",335,1059.02,3.16
0006511821,"Books",4184917,"Time",7.19,"http://ecx.images-amazon.com/images/I/51e9rlLPqBL.jpg",178,794.82,4.47
0006499503,"Books",2656173,"The Burden",21.59,"http://ecx.images-amazon.com/images/I/51-4t5YN4JL.jpg",227,1071.07,4.72
0006510515,"Books",2703463,"One Summer at Deer's Leap",94.06,"http://ecx.images-amazon.com/images/I/411Y90B62NL.jpg",468,1512.34,3.23
0006510744,"Books",2010672,"Fell of Dark",7.19,"http://ecx.images-amazon.com/images/I/51R32Q3E3HL.jpg",570,2331.5,4.09
0006483933,"Books",3130996,"Legends: Dark Tower, Sword of Truth, Tales of Alvin Maker, Majipoor, Earthsea, Riftwar Saga",16.32,"http://ecx.images-amazon.com/images/I/519YNQQ640L.jpg",340,1359.08,4.0
0006512046,"Books",2333531,"Messiah",785.37,"http://ecx.images-amazon.com/images/I/51ysOxWF-aL.jpg",182,757.43,4.16
0006513743,"Books",531541,"While I'm Dead...Feed the Dog",9.99,"http://ecx.images-amazon.com/images/I/41DK6AY9FCL.jpg",939,4421.61,4.71
0006511856,"Books",613496,"Phase Space",7.19,"http://ecx.images-amazon.com/images/I/41Y8cFokF%2BL.jpg",411,2021.98,4.92
000649885X,"Books",1748033,"Ship of Magic (The Liveship Traders)",7.33,"http://ecx.images-amazon.com/images/I/6161dsnKaaL.jpg",917,3760.86,4.1
0006499937,"Books",5716072,"Just Desserts",616.65,"http://ecx.images-amazon.com/images/I/41TCXVZ78WL.jpg",512,2430.58,4.75
0006510450,"Books",1491914,"The Question",2.95,"http://ecx.images-amazon.com/images/I/41ZQYPVX02L.jpg",446,1830.0,4.1
0006496911,"Books",605881,"Ultimate Prizes",5.99,"http://ecx.images-amazon.com/images/I/51hhgEvDudL.jpg",344,1379.74,4.01
0006510094,"Books",3630783,"Night Trap",7.59,"http://ecx.images-amazon.com/images/I/41WW98PYEEL.jpg",375,1508.59,4.02
0006499600,"Books",2242278,"Miss Marple Omnibus: &quot;Caribbean Mystery&quot;, &quot;Pocket Full of Rye&quot;, &quot;Mirror Crack'd from Side to Side&quot;, &quot;They Do it with Mirrors&quot; v. 2",11.83,"http://ecx.images-amazon.com/images/I/81qAoXonFiL.jpg",979,4693.01,4.79
0006499570,"Books",589395,"Agatha Christie's Poirot: The Life and Times of Hercule Poirot",120.4,"http://ecx.images-amazon.com/images/I/61QKoW3EQuL.jpg",107,421.82,3.94
0006513379,"Books",944761,"The Rhythm Section",8.99,"http://ecx.images-amazon.com/images/I/41CHGE41JSL.jpg",915,4079.33,4.46
0006485081,"Books",3766992,"The Stone and the Maiden (The House of Pandragore)",654.92,"http://ecx.images-amazon.com/images/I/51MZ6K5CQ3L.jpg",693,2864.73,4.13
000651233X,"Books",1771812,"Death on the Air: And Other Stories",389.23,"http://ecx.images-amazon.com/images/I/716WDQ0KNJL.gif",763,3276.27,4.29
0006513778,"Books",150692,"Hercule Poirot: The Complete Short Stories",16.37,"http://ecx.images-amazon.com/images/I/71nM2YRWSjL.jpg",335,1158.68,3.46
0006514383,"Books",335881,"Insiders",242.63,"http://ecx.images-amazon.com/images/I/513B7H2H8XL.jpg",618,2962.01,4.79
0006513492,"Books",6333174,"Off the Record",636.66,"http://ecx.images-amazon.com/images/I/41kBMq4o4uL.jpg",861,4196.74,4.87
0006512070,"Books",2378300,"Whispers in the Sand",7.69,"http://ecx.images-amazon.com/images/I/2116Q6SXC0L.jpg",842,3151.77,3.74
0006510655,"Books",3568890,"Dream of Darkness",55.89,"http://ecx.images-amazon.com/images/I/411JNA7ZREL.jpg",522,2225.7,4.26
0006476325,"Books",4824000,"Provo",173.6,"http://ecx.images-amazon.com/images/I/41TAB0MPSPL.jpg",972,3169.6,3.26
0006513514,"Books",1880222,"An Angel Passing Over",5.99,"http://ecx.images-amazon.com/images/I/51SMMB2Z74L.jpg",195,733.32,3.76
0006514650,"Books",737186,"Alice Hartley's Happiness",10.58,"http://ecx.images-amazon.com/images/I/91goaba2p4L.jpg",624,2476.8,3.97
0006510507,"Books",849083,"The Whitest Flower",202.54,"http://ecx.images-amazon.com/images/I/41V1N81APYL.jpg",642,2638.57,4.11
0006512666,"Books",2595605,"Only Forward",6.64,"http://ecx.images-amazon.com/images/I/413Q-gphrBL.jpg",922,3622.31,3.93
0006514251,"Books",3692000,"Mohammed Maguire",2.99,"http://ecx.images-amazon.com/images/I/21fOckWCh2L.jpg",632,2578.45,4.08
0006514219,"Books",1004728,"Miss Garnet's Angel",12.61,"http://ecx.images-amazon.com/images/I/71NkkYdXfIL.jpg",596,2814.18,4.72
0006512275,"Books",4085601,"Tied Up in Tinsel",24.64,"http://ecx.images-amazon.com/images/I/41HEEZEAXJL.jpg",404,1542.06,3.82
0006530907,"Books",2789278,"Trusted Mole",322.03,"http://ecx.images-amazon.com/images/I/51cMoYr6CTL.jpg",915,3722.09,4.07
0006512623,"Books",4874371,"Unofficial and Deniable",729.33,"http://ecx.images-amazon.com/images/I/41V4ESZDBQL.jpg",630,2872.31,4.56
0006530710,"Books",1374239,"Venona: The Greatest Secret of the Cold War",17.46,"http://ecx.images-amazon.com/images/I/51A1GVG2TAL.jpg",338,1196.56,3.54
0006531911,"Books",4636918,"Scotland: The Story of a Nation",71.47,"http://ecx.images-amazon.com/images/I/51rUpP9KmaL.jpg",525,1923.06,3.66
0006531024,"Books",2692836,"Cartooning with &quot;The Simpsons&quot;",25.66,"http://ecx.images-amazon.com/images/I/51P5A3P9HCL.jpg",101,409.18,4.05
0006492444,"Books",3974602,"Love Is in the Air (Passionate Peanuts)",149.44,"http://ecx.images-amazon.com/images/I/71XB1K0CY7L.gif",632,2245.96,3.55
0006479286,"Books",633089,"On the Edge of Darkness",89.51,"http://ecx.images-amazon.com/images/I/51BBYQ416TL.jpg",210,872.3,4.15
0006510663,"Books",762764,"The Only Game",63.85,"http://ecx.images-amazon.com/images/I/41N63XBP1HL.jpg",738,2674.52,3.62
0006531172,"Books",2213180,"South From Barbary: Along the Slave Routes of the Libyan Sahara",730.39,"http://ecx.images-amazon.com/images/I/41kKvurv7aL.jpg",455,1664.85,3.66
0006514006,"Books",2223030,"The Other Boleyn Girl",8.99,"http://ecx.images-amazon.com/images/I/51BLEBMtJ6L.jpg",248,808.82,3.26
0006499481,"Books",2584003,"The Rose and the Yew Tree",21.59,"http://ecx.images-amazon.com/images/I/51stzPat94L.jpg",276,958.69,3.47
0006531636,"Books",4667564,"The Guardsmen: Harold Macmillan, Three Friends and the World They Made",503.87,"http://ecx.images-amazon.com/images/I/51KNTD3C6ML.jpg",827,3689.12,4.46
0006530702,"Books",2128670,"From Beirut to Jerusalem",8.89,"http://ecx.images-amazon.com/images/I/51SGRQ3JA2L.jpg",250,936.93,3.75
0006531997,"Books",2343118,"The Tyranny of Numbers: Why Counting Can't Make Us Happy",14.36,"http://ecx.images-amazon.com/images/I/51V8SRV0EGL.jpg",484,1466.4,3.03
0006531644,"Books",1974417,"Mutants: On the Form, Varieties and Errors of the Human Body",13.9,"http://ecx.images-amazon.com/images/I/51fmjBSSCkL.jpg",322,1575.66,4.89
0006514642,"Books",2273852,"The Wise Woman",11.02,"http://ecx.images-amazon.com/images/I/71kjauoivNL.jpg",797,3929.57,4.93
0006499317,"Books",3644133,"The Wine-dark Sea",9.99,"http://ecx.images-amazon.com/images/I/91540vzdOyL.jpg",601,2564.44,4.27
000653113X,"Books",2787863,"Saddam's Secrets: The Hunt for Iraq's Hidden Weapons",15.37,"http://ecx.images-amazon.com/images/I/414WRMGF2JL.jpg",331,1042.37,3.15
0006532381,"Books",3844670,"The SAS Personal Survival Handbook",11.29,"http://ecx.images-amazon.com/images/I/51F8KD3P33L.jpg",385,1595.95,4.15
0006541216,"Books",13294425,"A Father's Diary (Flamingo)",61.82,,690,3406.81,4.94
0006530850,"Books",5037354,"Absolutely Goldie",257.76,"http://ecx.images-amazon.com/images/I/41N924VENML.jpg",532,2390.3,4.49
0006530699,"Books",40703,"Raving Fans!: Revolutionary Approach to Customer Service (The One Minute Manager)",13.49,"http://ecx.images-amazon.com/images/I/71CX1GaqbrL.jpg",643,2824.48,4.39
0006512941,"Books",2251153,"Maroc",720.94,"http://ecx.images-amazon.com/images/I/51CJHS2R8NL.jpg",222,1013.53,4.57
0006480829,"Books",6527916,"Hilda Crumm's Hats",574.61,"http://ecx.images-amazon.com/images/I/41mJftjwfFL.jpg",955,4332.25,4.54
0006531563,"Books",5085874,"Marks of Opulence: The Why, When and Where of Western Art 1000-1914",7.99,"http://ecx.images-amazon.com/images/I/51LUZhrntkL.jpg",536,1939.22,3.62
0006514685,"Books",8897845,"The Essential Clive Barker",513.75,"http://ecx.images-amazon.com/images/I/513V6EPG5JL.jpg",935,3396.95,3.63
0006511775,"Books",557371,"Zelda's Cut",85.57,"http://ecx.images-amazon.com/images/I/51RD6A8EXGL.jpg",383,1546.95,4.04
0006511570,"Books",1942496,"A Long Way from Heaven",136.8,"http://ecx.images-amazon.com/images/I/519YWXQN0PL.jpg",496,2332.57,4.7
0006531113,"Books",4986699,"Along the Wall and Watchtowers: A Journey Down Germany's Divide",254.15,"http://ecx.images-amazon.com/images/I/51NnmUct82L.jpg",654,2755.71,4.21
0006543413,"Books",3416687,"Uncommon Wisdom Conversations With Remar (Flamingo)",600.5,"http://ecx.images-amazon.com/images/I/41RNK0W997L.jpg",876,3819.74,4.36
0006492460,"Books",724645,"Growing Up with Dick and Jane: Learning and Living the American Dream",7.98,"http://ecx.images-amazon.com/images/I/71DDGAXFSDL.gif",792,2587.89,3.27
0006510078,"Books",954827,"What You Make it: Selected Short Stories",7.19,"http://ecx.images-amazon.com/images/I/41V2XK1EB8L.jpg",980,3716.71,3.79
0006481809,"Books",6270680,"Dragonfire",5.99,"http://ecx.images-amazon.com/images/I/519S9K35MBL.jpg",904,3715.47,4.11
0006531520,"Books",1162067,"Redcoat: The British Soldier in the Age of Horse and Musket",10.67,"http://ecx.images-amazon.com/images/I/51lu0ROOBzL.jpg",971,4799.62,4.94
0006542247,"Books",8541169,"Another Part of the Wood (Flamingo)",52.87,,624,2544.18,4.08
0006514359,"Books",1188440,"Day of Reckoning (Sean Dillon Series)",8.09,"http://ecx.images-amazon.com/images/I/51HiXotpl7L.jpg",250,1034.17,4.14
0006547192,"Books",1371556,"Shikasta: Re: Colonised Planet 5: Personal, Psychological, Historical Documents Relating to Visit by Johor (George Sherban) Emissary (Grade 9) 87th of the Last Period of the Last Days",12.6,"http://ecx.images-amazon.com/images/I/51QVV54TKRL.jpg",752,2516.89,3.35
0006544150,"Books",654933,"In Xanadu",10.95,"http://ecx.images-amazon.com/images/I/51AqNbu3YqL.jpg",411,1847.01,4.49
0006547133,"Books",2076647,"Fuzzy Thinking: The New Science of Fuzzy Logic",4.34,"http://ecx.images-amazon.com/images/I/71nSgiQpRqL.jpg",531,1830.04,3.45
0006532217,"Books",3910155,"Imperial Vanities: The Adventures of the Baker Brothers and Gordon of Khartoum",692.96,"http://ecx.images-amazon.com/images/I/41163TGXXBL.jpg",219,807.11,3.69
000655010X,"Books",1627242,"Travels in an Old Tongue: Touring the World Speaking Welsh (Welsh and English Edition)",215.91,"http://ecx.images-amazon.com/images/I/51EDS85C04L.jpg",192,660.63,3.44
0006547184,"Books",418102,"The Making of the Representative for Planet 8",12.6,"http://ecx.images-amazon.com/images/I/41F8WVX5VHL.jpg",112,477.58,4.26
0006498418,"Books",8377373,"The Moon is My Witness",60.17,"http://ecx.images-amazon.com/images/I/4102XCJWGML.jpg",855,3935.27,4.6
0006544584,"Books",3139169,"Cowboys and Indians (Flamingo)",183.68,"http://ecx.images-amazon.com/images/I/51RK2EYAWYL.jpg",841,3196.88,3.8
0006545777,"Books",8305657,"What the Traveller Saw",8.89,"http://ecx.images-amazon.com/images/I/41CFZ8J81XL.jpg",223,1059.54,4.75
0006547699,"Books",2902407,"Dangerous Pleasures: A Decade of Stories",11.98,"http://ecx.images-amazon.com/images/I/41ejuKDvaUL.jpg",408,1394.92,3.42
0006513433,"Books",3490658,"Jumping to Conclusions",472.47,"http://ecx.images-amazon.com/images/I/51GT4N7TAFL.jpg",472,2155.63,4.57
0006532160,"Books",1102277,"The Ocean Railway: Isambard Kingdom Brunel, Samuel Cunard and the Revolutionary World of the Great Atlantic Steamships",230.11,"http://ecx.images-amazon.com/images/I/41APQHNXC4L.jpg",651,2344.01,3.6
0006550339,"Books",2120998,"The Kon-Tiki Expedition: By Raft Across the South Seas",5.12,"http://ecx.images-amazon.com/images/I/51DAKVG4Q5L.jpg",882,3766.22,4.27
0006531237,"Books",1537971,"The Great Arc: The Dramatic Tale of How India Was Mapped and Everest Was Named",695.23,"http://ecx.images-amazon.com/images/I/51KK-derf6L.jpg",501,2172.19,4.34
0006550401,"Books",1680285,"Father's Music",440.77,"http://ecx.images-amazon.com/images/I/41SH0GGFKQL.jpg",213,859.88,4.04
0006532306,"Books",2143635,"De Niro: A Biography",8.89,"http://ecx.images-amazon.com/images/I/51bXN8PRVyL.jpg",605,2810.89,4.65
0006513174,"Books",2790351,"Eye of Ra",290.93,"http://ecx.images-amazon.com/images/I/51N5PGJBCCL.jpg",361,1158.06,3.21
0006482791,"Books",3183008,"We Can Build You",9.39,"http://ecx.images-amazon.com/images/I/41iFBv1sD%2BL.jpg",183,628.12,3.43
0006551688,"Books",2910598,"Is Shane Macgowan Still Alive?",132.1,"http://ecx.images-amazon.com/images/I/51G4X00EX8L.jpg",229,769.89,3.36
0006551513,"Books",2305518,"The Stone Book Quartet",4.93,"http://ecx.images-amazon.com/images/I/51WS9326P3L.jpg",854,3959.86,4.64
0006550274,"Books",4718656,"Bloody Mary",161.66,"http://ecx.images-amazon.com/images/I/71WVT7T3FML.gif",984,4696.6,4.77
0006511252,"Books",408256,"The Flashman: from the Flashman Papers, 1839-42",10.99,"http://ecx.images-amazon.com/images/I/51KtTo%2Bja2L.jpg",568,1842.48,3.24
0006514774,"Books",7060328,"What She Wants",10.38,"http://ecx.images-amazon.com/images/I/417ZCGADKWL.jpg",950,3804.08,4.0
0006510221,"Books",2230326,"The Long Kill",7.19,"http://ecx.images-amazon.com/images/I/4190YM9QS6L.jpg",838,3343.58,3.99
0006551009,"Books",541443,"Among the Mountains: Travels Through Asia",11.11,"http://ecx.images-amazon.com/images/I/51QzQ2Th6-L.jpg",919,4394.02,4.78
0006550452,"Books",1130881,"Liberty or Death: India's Journey to Independence and Division",12.03,"http://ecx.images-amazon.com/images/I/81mLi2H4InL.jpg",516,1779.61,3.45
0006547745,"Books",1103679,"From the Holy Mountain: A Journey in the Shadow of Byzantium",7.59,"http://ecx.images-amazon.com/images/I/51GPMM0P04L.jpg",616,2174.08,3.53
0006550657,"Books",3795602,"Murder on the Verandah: Love and Betrayal in British Malaya",145.37,"http://ecx.images-amazon.com/images/I/512B3VNABML.jpg",251,902.89,3.6
0006551912,"Books",5588592,"XCiTes: The Flamingo Book of New French Writing",17.99,"http://ecx.images-amazon.com/images/I/51XPFR775FL.jpg",459,2138.48,4.66
0006545459,"Books",2480599,"Facing the Tank",11.98,"http://ecx.images-amazon.com/images/I/516GDXWZP4L.jpg",670,3056.45,4.56
000651216X,"Books",4423162,"Carnage on the Committee",13.46,"http://ecx.images-amazon.com/images/I/41BZ31TXKNL.jpg",634,1994.05,3.15
0006546846,"Books",904700,"Infinite Plan",5.6,"http://ecx.images-amazon.com/images/I/21PXHXJRNSL.jpg",637,2205.08,3.46
0006550878,"Books",8107071,"Tenterhooks",762.11,"http://ecx.images-amazon.com/images/I/414SYCMA6SL.jpg",456,1995.37,4.38
0006552307,"Books",3732682,"The Sweetest Dream",13.26,"http://ecx.images-amazon.com/images/I/41GDfQNU%2BsL.jpg",281,979.86,3.49
0006552188,"Books",8217566,"Last Words: The Final Journals of William Burroughs (1960s A)",521.29,"http://ecx.images-amazon.com/images/I/4195RR7XV2L.jpg",611,2576.08,4.22
000651183X,"Books",4963108,"Space",741.28,"http://ecx.images-amazon.com/images/I/51ZT39BFABL.jpg",613,2254.13,3.68
0006552021,"Books",2099175,"The Queen's Conjuror: The Life and Magic of Dr. Dee",7.59,"http://ecx.images-amazon.com/images/I/51A1BGB0BBL.jpg",844,4198.15,4.97
000662748X,"Books",1311606,"Jenna and the Troublemaker",461.7,"http://ecx.images-amazon.com/images/I/91TzRSVgdnL.jpg",328,1467.11,4.47
0006550282,"Books",1464795,"Old Serpent Nile",573.26,"http://ecx.images-amazon.com/images/I/412QRP5T80L.jpg",500,1739.09,3.48
0006548350,"Books",3261433,"I am Mary Dunne",12.3,"http://ecx.images-amazon.com/images/I/41G2AK0X4VL.jpg",407,1275.27,3.13
0006551068,"Books",4412168,"Dolce Vita",374.69,"http://ecx.images-amazon.com/images/I/51dRfbSUSVL.jpg",604,2321.1,3.84
0006544754,"Books",11220129,"True Believers",99.79,"http://ecx.images-amazon.com/images/I/51WHS990ZBL.jpg",201,928.26,4.62
0006532004,"Books",3165216,"The Little Book of Cosmic Colour: Secrets for Colour Healing, Harmony and Therapy (Little Book Of... (HarperCollins))",332.18,"http://ecx.images-amazon.com/images/I/51FJ89F6W7L.jpg",625,2892.96,4.63
0006551386,"Books",4882600,"Trilobite: Eyewitness to Evolution",10.99,"http://ecx.images-amazon.com/images/I/71PTeo16OsL.jpg",891,4113.64,4.62
0006513441,"Books",3984989,"Walking on Air",581.97,"http://ecx.images-amazon.com/images/I/51ZA941YS5L.jpg",553,2180.5,3.94
0006547265,"Books",3814340,"Barn Blind",8.06,"http://ecx.images-amazon.com/images/I/41T0P2BJV7L.jpg",762,2599.76,3.41
0006548423,"Books",224548,"Coleridge: Darker Reflections v.2 (Vol 2)",10.67,"http://ecx.images-amazon.com/images/I/41BTJGJF2PL.jpg",241,849.54,3.53
0006640338,"Books",565382,"Mog and Bunny",8.99,"http://ecx.images-amazon.com/images/I/517MCVTGBML.jpg",508,2420.99,4.77
0006646387,"Books",3654513,"Where's Tim's Ted? (Collins Picture Lions)",533.61,"http://ecx.images-amazon.com/images/I/511GNTR26ZL.jpg",936,3915.77,4.18
0006545467,"Books",1880432,"Kansas in August",268.78,"http://ecx.images-amazon.com/images/I/416X3XNA25L.jpg",928,3117.98,3.36
0006551807,"Books",2058809,"The Namesake",8.52,"http://ecx.images-amazon.com/images/I/71DK3%2BMPneL.jpg",360,1094.65,3.04
0006547680,"Books",4430364,"The Facts of Life",193.95,"http://ecx.images-amazon.com/images/I/41CqQJBuZqL.jpg",481,1973.11,4.1
0006531547,"Books",2050038,"Watching the Tree: A Chinese Daughter Reflects on Happiness, Spiritual Beliefs and Universal Wisdom",11.28,"http://ecx.images-amazon.com/images/I/412JXR3BHVL.jpg",917,3588.88,3.91
0006645178,"Books",6994748,"Nikki and the Rockin Horse",437.53,"http://ecx.images-amazon.com/images/I/515B5SBVJQL.jpg",343,1361.17,3.97
0006550479,"Books",4155567,"The Hottest State",11.6,"http://ecx.images-amazon.com/images/I/41KFACRWEWL.jpg",322,1597.19,4.96
0006725813,"Books",13969956,"Badger On the Barge and Other Stories (Lions)",624.82,"http://ecx.images-amazon.com/images/I/41KePOmtc3L.jpg",862,3631.14,4.21
0006636829,"Books",4133335,"Amanda's Butterfly",178.99,"http://ecx.images-amazon.com/images/I/51YGQGY84TL.jpg",765,2543.95,3.33
0006647782,"Books",1605070,"What Do You Say?",5.1,"http://ecx.images-amazon.com/images/I/51mFVTuVRQL.jpg",649,2198.47,3.39
000655198X,"Books",14062846,"In This Block There Lives a Slag...",7.99,"http://ecx.images-amazon.com/images/I/5122N9DEJ2L.jpg",261,1135.02,4.35
0006552129,"Books",2476869,"My Life and Travels: An Anthology",153.29,"http://ecx.images-amazon.com/images/I/51N1JMR1NRL.jpg",431,2001.11,4.64
0006530818,"Books",1719638,"George Lucas: A Biography",7.59,"http://ecx.images-amazon.com/images/I/414RTNDF5HL.jpg",133,623.45,4.69
0006719627,"Books",967346,"When Marnie Was There",6.15,"http://ecx.images-amazon.com/images/I/51UGJxfeoCL._SL500_PIsitb-sticker-arrow-big,TopRight,35,-73_OU01_.jpg",564,2608.03,4.62
0006512828,"Books",3630658,"Witch's Honour",6.29,"http://ecx.images-amazon.com/images/I/510TZCMHYTL.jpg",575,2591.14,4.51
0006638554,"Books",2855512,"Cleversticks",14.7,"http://ecx.images-amazon.com/images/I/51P6XF9YH6L.jpg",922,4378.51,4.75
0006737447,"Books",4837732,"Josie Smith",539.54,"http://ecx.images-amazon.com/images/I/41G5VH032JL.jpg",890,3377.59,3.8
0006647359,"Books",4778229,"Pookie Puts the World Right (Picture Lions)",30.17,"http://ecx.images-amazon.com/images/I/515ESR5Z0RL.jpg",418,1939.15,4.64
0006736815,"Books",12060091,"Monty, the Dog Who Wears Glasses (Jets)",97.72,"http://ecx.images-amazon.com/images/I/31RXTHQXHWL.jpg",975,3727.32,3.82
000655069X,"Books",1453802,"Livingstone's Tribe: A Journey from Zanzibar to the Cape",550.27,"http://ecx.images-amazon.com/images/I/51M%2BpzsSfbL.jpg",707,3407.25,4.82
0006749526,"Books",213692,"The Indian Trilogy:  The Indian in the Cupboard / Return of the Indian / The Secret of the Indian",4.22,"http://ecx.images-amazon.com/images/I/511y%2BrhPp6L.jpg",372,1283.73,3.45
0006552439,"Books",2661912,"The Language of the Genes",7.59,"http://ecx.images-amazon.com/images/I/61p5QFjU0sL.jpg",662,3217.87,4.86
0006544894,"Books",1028496,"The Tao of Physics (Flamingo)",11.95,"http://ecx.images-amazon.com/images/I/519lGmyN4IL.jpg",683,2537.96,3.72
000664502X,"Books",6900761,"Classic Fairy Tales",726.43,"http://ecx.images-amazon.com/images/I/51WN0K64YWL.jpg",614,2408.91,3.92
0006754538,"Books",5958588,"Yeti Boy",294.05,"http://ecx.images-amazon.com/images/I/51MCHJ72M4L.jpg",390,1327.26,3.4
0006755313,"Books",10243291,"Monster in the Mirror (Yellow Storybook)",158.04,"http://ecx.images-amazon.com/images/I/718RX00NM1L.gif",134,656.7,4.9
0006550223,"Books",1962523,"The Sickening Mind: Brain, Behaviour, Immunity and Disease",714.49,"http://ecx.images-amazon.com/images/I/4189XQA72SL.jpg",626,2248.09,3.59
0006753981,"Books",2258339,"Ballet Shoes for Anna (Collins Modern Classics)",4.64,"http://ecx.images-amazon.com/images/I/51T88MZEH4L.jpg",950,3837.72,4.04
0006733271,"Books",7269506,"Chronicles of Prydain",18.75,,641,2351.21,3.67
0006645194,"Books",2506860,"When Mum Turned into a Monster",462.85,"http://ecx.images-amazon.com/images/I/51V95M7FCSL.jpg",228,751.47,3.3
0006751970,"Books",2566928,"Harry, the Poisonous Centipede: A Story To Make You Squirm (Collins Red Storybooks)",4.22,"http://ecx.images-amazon.com/images/I/512TTVE9NYL.jpg",176,760.8,4.32
0006551971,"Books",9845492,"Swimmer",4.99,"http://ecx.images-amazon.com/images/I/4155VEK9Q4L.jpg",946,3925.98,4.15
0006647448,"Books",1002536,"Paddington at the Zoo",11.55,"http://ecx.images-amazon.com/images/I/51bTqVw2ZmL.jpg",522,1585.34,3.04
0006754708,"Books",4855341,"The Silver Brumby (Collins Modern Classics)",12.26,"http://ecx.images-amazon.com/images/I/51E67BG9T8L.jpg",575,2550.26,4.44
0006862268,"Books",2372807,"Foucault (Modern Masters)",596.14,"http://ecx.images-amazon.com/images/I/41YE7YXKVZL.jpg",186,724.18,3.89
0006755283,"Books",2033607,"Black Maria",7.23,"http://ecx.images-amazon.com/images/I/51FD1BZ4CEL.jpg",645,2409.74,3.74
0006646271,"Books",2356565,"Wombat Goes Walkabout",2.95,"http://ecx.images-amazon.com/images/I/912zssslhBL.jpg",525,2611.18,4.97
0006753450,"Books",774009,"Paddington Abroad",2.99,"http://ecx.images-amazon.com/images/I/51qTpLz2inL.jpg",698,2878.12,4.12
0006552358,"Books",2294703,"Beyond the Coral Sea: Travels in the Old Empires of the South-West Pacific",7.59,"http://ecx.images-amazon.com/images/I/51Q6CQ34Q6L.jpg",940,2987.1,3.18
0006755216,"Books",953320,"Eight Days of Luke",5.69,"http://ecx.images-amazon.com/images/I/510YS6E8HJL.jpg",369,1322.94,3.59
0006861733,"Books",3583105,"History of Chemistry (Fontana History of Science)",13.59,"http://ecx.images-amazon.com/images/I/510NFZSV16L.jpg",603,2832.42,4.7
0006641288,"Books",3860139,"A Million Chameleons",13.35,"http://ecx.images-amazon.com/images/I/51bqnpFp1cL.jpg",112,382.24,3.41
0006644074,"Books",2254725,"I Spy Animals in Art",8.94,"http://ecx.images-amazon.com/images/I/41U4xkbhz1L.jpg",799,3441.93,4.31
0006753639,"Books",2275151,"Paddington at Large",6.99,"http://ecx.images-amazon.com/images/I/51uur4XoePL.jpg",467,1807.3,3.87
0006861792,"Books",4345696,"Fontana History of the Mathematical Sciences (Fontana history of science)",477.23,"http://ecx.images-amazon.com/images/I/51RRQ7Z5YVL.jpg",768,3313.89,4.31
0006863434,"Books",2268706,"Courtesans and Fishcakes: Consuming Passions of Classical Athens",23.4,"http://ecx.images-amazon.com/images/I/51HXQGQQQ2L.jpg",557,2110.48,3.79
0006640648,"Books",1339493,"Reckless Ruby",335.04,"http://ecx.images-amazon.com/images/I/516D8CT2T9L.jpg",286,1062.7,3.72
0006646468,"Books",999389,"Thud!",8.96,"http://ecx.images-amazon.com/images/I/51%2BwFNkfn0L.jpg",136,517.74,3.81
0006917801,"Books",4351112,"The Secret of Terror Castle (Three Investigators)",12.82,,774,2831.07,3.66
0006915612,"Books",2475948,"Three Go to the Chalet School",556.28,"http://ecx.images-amazon.com/images/I/5153HZKGR1L.jpg",685,2115.58,3.09
0006754589,"Books",7050158,"Lily Dragon",227.68,"http://ecx.images-amazon.com/images/I/513MG2DXJ5L.jpg",359,1280.87,3.57
0006588204,"Movies & TV",203203,"Exercise for Life: The Video [VHS]",481.67,"http://ecx.images-amazon.com/images/I/41WKKB29T3L._SY300_.jpg",724,2292.4,3.17
0006945562,"Books",3327199,"The Lost Diary of Erik Bloodaxe, Viking Warrior (Lost Diaries)",412.38,"http://ecx.images-amazon.com/images/I/51YMN6T810L.jpg",496,1817.26,3.66
0006754287,"Books",1355224,"The Magician's Nephew (The Chronicles of Narnia) Abridged",7.19,"http://ecx.images-amazon.com/images/I/51MPRQKJWDL.jpg",716,2667.29,3.73
0006923992,"Books",5162854,"The Messenger (Armada)",7.19,"http://ecx.images-amazon.com/images/I/51-64G57Q4L.jpg",516,2041.35,3.96
0006498841,"Books",2363798,"Windflower Wedding (Suttons of Yorkshire)",694.05,"http://ecx.images-amazon.com/images/I/51zehTLsJKL.jpg",493,1632.86,3.31
0006861962,"Books",3054125,"Thomas Mann and His Family",683.24,"http://ecx.images-amazon.com/images/I/512KwcL792L.jpg",860,4279.13,4.98
0006932045,"Books",4120187,"The Mystery of Holly Lane (The 5 find-outers)",3.99,"http://ecx.images-amazon.com/images/I/51kjEN5OzvL.jpg",114,540.61,4.74
0007100345,"Books",2627891,"Managing Anger",8.99,"http://ecx.images-amazon.com/images/I/41GN9qNUgFL.jpg",577,2821.92,4.89
0007100108,"Books",5846533,"The Squirrel, the Hare and the Little Grey Rabbit (The tales of Little Grey Rabbit)",738.8,"http://ecx.images-amazon.com/images/I/71MJBJKJEGL.gif",928,4157.02,4.48
0006861415,"Books",3122708,"A Century of the Scottish People, 1830-1950",382.19,"http://ecx.images-amazon.com/images/I/51VYZ6YYJDL.jpg",593,1799.58,3.03
0006863817,"Books",3339182,"Politics of the Judiciary",421.24,"http://ecx.images-amazon.com/images/I/51kMQaDh6RL.jpg",113,463.57,4.1
0007101295,"Books",10625503,"Crystals",423.59,"http://ecx.images-amazon.com/images/I/41CGNMZEGSL.jpg",566,2378.84,4.2
0007102313,"Books",5052007,"SAS Active Library Self Defence",320.84,"http://ecx.images-amazon.com/images/I/41AX581ERXL.jpg",831,3818.84,4.6
0007100450,"Books",531645,"Abarat: Days of Magic, Nights of War (Bk.2)",4.0,"http://ecx.images-amazon.com/images/I/51C0AJ2QAVL.jpg",261,857.89,3.29
0007100787,"Books",4117352,"Transform Your Life: 10 Steps to Real Results",776.14,"http://ecx.images-amazon.com/images/I/413DT4AWASL.jpg",457,1838.87,4.02
0007102593,"Books",5484256,"The Speckledy Hen (The tales of Little Grey Rabbit)",219.35,"http://ecx.images-amazon.com/images/I/41C41ZSV0AL.jpg",684,2998.63,4.38
0006752586,"Books",8018058,"Guinea Pigs on the Go (Collins Yellow Storybooks)",82.68,"http://ecx.images-amazon.com/images/I/51PTC3785WL.jpg",934,4567.13,4.89
0006886558,"Movies & TV",227558,"Stormie Omartian's First Step [VHS]",766.33,"http://ecx.images-amazon.com/images/I/41XR060Z96L._SY300_.jpg",940,2887.59,3.07
0007102216,"Books",3234677,"5 Easy Steps to Becoming a Witch",310.0,"http://ecx.images-amazon.com/images/I/51CD3VG60CL.jpg",423,1633.52,3.86
0007101309,"Books",2537569,"Vegetarian Christmas",682.61,"http://ecx.images-amazon.com/images/I/5168SRZGZYL.jpg",659,2166.4,3.29
0007101880,"Books",3098103,"The Sky is Falling",8.0,"http://ecx.images-amazon.com/images/I/21HDCBWJBXL.jpg",674,2505.53,3.72
0007100957,"Books",6131081,"Good Intentions",62.05,"http://ecx.images-amazon.com/images/I/41D313X9EQL.jpg",697,2996.42,4.3
0006931863,"Books",9802695,"In the Fifth at Malory Towers",314.69,,586,2756.85,4.7
0006499945,"Books",3625892,"Rough Justice",3.79,"http://ecx.images-amazon.com/images/I/510D493S6DL.jpg",443,1419.62,3.2
0007103107,"Books",1251547,"Hatha Yoga",20.27,"http://ecx.images-amazon.com/images/I/51RY565FH2L.jpg",607,1842.19,3.03
0007101902,"Books",4078755,"Fossils, Finches and Fuegians: Charles Darwin's Adventures and Discoveries on the &quot;Beagle&quot;",640.51,"http://ecx.images-amazon.com/images/I/51Z94QQ707L.jpg",213,880.41,4.13
0006930131,"Books",3662158,"Silver Brumby's Daughter",12.74,"http://ecx.images-amazon.com/images/I/51TKf37CvDL.jpg",524,1732.88,3.31
0007103174,"Books",1625468,"Easy Wheat, Milk and Egg Free Cooking, New Edition",15.99,"http://ecx.images-amazon.com/images/I/51DDHXDA7ML.jpg",920,2794.86,3.04
0007103360,"Books",1967501,"Druidry",20.66,"http://ecx.images-amazon.com/images/I/51AJ1VNMB7L.jpg",272,1298.92,4.78
000710331X,"Books",8401942,"Tarot",386.57,"http://ecx.images-amazon.com/images/I/519R6MMGFEL.jpg",610,2609.16,4.28
0007100973,"Books",1423950,"The Dalai Lama's Book of Transformation",10.21,"http://ecx.images-amazon.com/images/I/51657BBZHQL.jpg",868,2872.29,3.31
0007105150,"Books",676695,"The Real Witches Handbook",14.63,"http://ecx.images-amazon.com/images/I/61cjtj1GYJL.jpg",930,3174.62,3.41
0007101082,"Books",1107887,"Peril's Gate: Third Book of The Alliance of Light (The Wars of Light and Shadow, Book 6) (The Wars of Light and Shadow series)",5.69,"http://ecx.images-amazon.com/images/I/51Ca2VqL3xL.jpg",555,2084.86,3.76
0007103417,"Books",267482,"Leadership and the One Minute Manager",17.03,"http://ecx.images-amazon.com/images/I/51zwZ4VM28L.jpg",748,2809.05,3.76
0007104065,"Books",44660,"Stop Smoking in One Hour: Play the CD... just once... and never smoke again! (Listen Just Once to the CD and Youll Never Smoke Again!)",17.0,"http://ecx.images-amazon.com/images/I/51r9u5mbfQL.jpg",443,1928.23,4.35
0007100140,"Books",1421752,"The Yoga Back Book",14.47,"http://ecx.images-amazon.com/images/I/51MNXP1XNGL.jpg",797,2627.41,3.3
0006751032,"Books",362043,"The Butterfly Lion",5.71,"http://ecx.images-amazon.com/images/I/719jsfbcgJL.jpg",580,2550.6,4.4
0007102658,"Books",761269,"The 10th Kingdom",6.99,"http://ecx.images-amazon.com/images/I/51v3AfqnkqL.jpg",521,1937.65,3.72
0006924581,"Books",13775355,"The Witch of Lagg",488.79,"http://ecx.images-amazon.com/images/I/61XJBtp3GpL.jpg",173,530.8,3.07
0007106335,"Books",4525156,"Travels with a Primate",131.61,"http://ecx.images-amazon.com/images/I/51x6tIBNI9L.jpg",489,2045.14,4.18
000710555X,"Books",2853905,"Working Wonders",6.8,"http://ecx.images-amazon.com/images/I/51iejwo%2Bc5L.jpg",687,2253.41,3.28
0007107234,"Books",1305705,"Little Book of Karma",8.96,"http://ecx.images-amazon.com/images/I/51KJ033JSKL.jpg",253,1171.24,4.63
0007106971,"Books",4166575,"Pilates Body Power",561.65,"http://ecx.images-amazon.com/images/I/51BENS840GL.jpg",989,4481.82,4.53
0007104367,"Books",2093432,"C. S. Lewis at the Bbc: Messages of Hope in the Darkness of War",19.76,"http://ecx.images-amazon.com/images/I/41K8MHRXZYL.jpg",556,2349.65,4.23
0007107188,"Books",362965,"Toro! Toro!",8.09,"http://ecx.images-amazon.com/images/I/71aQNcBhb-L.jpg",998,4902.99,4.91
0007101112,"Books",769746,"To Ride Hell's Chasm",5.69,"http://ecx.images-amazon.com/images/I/51NNi5JTOcL.jpg",336,1583.11,4.71
0007105363,"Books",6396430,"Little Grey Rabbit's Party (The Tales of Little Grey Rabbit)",104.48,"http://ecx.images-amazon.com/images/I/71RFAQ7794L.gif",300,1201.81,4.01
0006550436,"Books",1409075,"The Bonesetter's Daughter",6.83,"http://ecx.images-amazon.com/images/I/514QpHx5Y4L.jpg",206,669.23,3.25
0007105762,"Books",701279,"What Shall I Paint? : How to Find the Right Subject in Watercolor, Oils and Acrylics",19.35,"http://ecx.images-amazon.com/images/I/51P5J2MX9KL.jpg",245,753.42,3.08
0007103980,"Books",8012471,"Rocky Sung's Guide to Chinese Astrology and Feng Shui 2001",402.0,"http://ecx.images-amazon.com/images/I/51ynG58LNoL.jpg",697,2106.75,3.02
0007100035,"Books",1071976,"NLP Workbook: A Practical Guide to Achieving the Results You Want",9.99,"http://ecx.images-amazon.com/images/I/710yLL5rguL.jpg",887,3107.45,3.5
0007100019,"Books",1007319,"When Scotland Ruled the World: The Story of the Golden Age of Genius, Creativity and Exploration",795.42,"http://ecx.images-amazon.com/images/I/51K0N2A6D5L.jpg",791,3743.45,4.73
0007107110,"Books",10603140,"Saving Grace",529.59,"http://ecx.images-amazon.com/images/I/51G80B2NWJL.jpg",977,3195.64,3.27
0007101244,"Books",2017074,"Reiki: Practical Ways to Harmony",69.81,"http://ecx.images-amazon.com/images/I/51KDYV4FEEL.jpg",340,1611.3,4.74
0007102186,"Books",737688,"Animal Wisdom",14.09,"http://ecx.images-amazon.com/images/I/51KVRS9M2YL.jpg",876,2721.62,3.11
0007103867,"Books",3225367,"Synchronicity",17.96,"http://ecx.images-amazon.com/images/I/416K5MMRC0L.jpg",789,2512.77,3.18
0007101910,"Books",1380266,"Seahenge",663.41,"http://ecx.images-amazon.com/images/I/41K9TVH5J2L.jpg",490,2055.73,4.2
0007108001,"Books",8138884,"Principles Of The Qabalah",55.65,"http://ecx.images-amazon.com/images/I/41VW00N7T0L.jpg",798,3485.39,4.37
0006925170,"Books",594911,"The School at the Chalet (The Chalet School)",4.64,"http://ecx.images-amazon.com/images/I/51DR5ZASJGL.jpg",828,2825.85,3.41
0007103077,"Books",1772580,"The Holy Bible",21.64,"http://ecx.images-amazon.com/images/I/41YoKHA2ikL.jpg",734,3131.43,4.27
0007109075,"Books",6336938,"The Girls in the Velvet Frame (Collins modern classic)",111.01,"http://ecx.images-amazon.com/images/I/517KG1X992L.jpg",194,871.16,4.49
0007105428,"Books",3742009,"Adventure of Faith",369.87,"http://ecx.images-amazon.com/images/I/413RC6Z676L.jpg",889,3554.95,4.0
0007109989,"Books",10509468,"Your Personal Horoscope 2002: The Only One-Volume Horoscope You'll Ever Need",266.64,"http://ecx.images-amazon.com/images/I/51YRYGRETML.jpg",632,2897.44,4.58
0007107722,"Books",10976770,"Chariots of the Damned: Airborne Rescues from Vietnam to Kosovo",231.8,"http://ecx.images-amazon.com/images/I/51P7G3D4GDL.jpg",859,2904.99,3.38
0007107293,"Books",2830843,"Propellerhead",192.08,"http://ecx.images-amazon.com/images/I/41lSCrpVp1L.jpg",910,3323.06,3.65
0007106823,"Books",3018516,"Paolo Di Canio: The Autobiography",577.61,"http://ecx.images-amazon.com/images/I/4119386XJYL.jpg",998,3920.47,3.93
0007110200,"Books",3258235,"Way of NLP (Thorsons Way of)",522.8,"http://ecx.images-amazon.com/images/I/41AS9SS3QYL.jpg",561,2559.42,4.56
000710202X,"Books",1605669,"Collins Gem Spanish Grammar &amp; (German Edition)",651.5,"http://ecx.images-amazon.com/images/I/41BTFV2YHBL.jpg",126,440.81,3.5
0007104405,"Books",848065,"Paddington at the Palace (Paddington Library)",11.55,"http://ecx.images-amazon.com/images/I/71InIV5fzIL.jpg",606,2549.14,4.21
0007110332,"Books",844560,"Breathwork",788.62,"http://ecx.images-amazon.com/images/I/51M8VHXHRTL.jpg",594,2450.38,4.13
0007102011,"Books",219494,"Collins Cobuild English Dictionary for Advanced Learners: Major New Edition",42.12,"http://ecx.images-amazon.com/images/I/41xeCIzvp6L.jpg",483,2084.66,4.32
0007111177,"Books",2929827,"Lost Hero: Raoul Wallenbergs Dramatic Quest to Save the Jews of Hungary",116.08,"http://ecx.images-amazon.com/images/I/5151XZGWBAL.jpg",204,854.85,4.19
0007109490,"Books",4766593,"The Healing Paw: Not All Angels Have Wings",198.08,"http://ecx.images-amazon.com/images/I/41B9DF0X55L.jpg",258,1247.72,4.84
0007109261,"Books",5078371,"Remember Me",9.59,"http://ecx.images-amazon.com/images/I/51GV9A3B58L.jpg",523,2614.31,5.0
0007107978,"Books",1231242,"The Multi-orgasmic Couple",11.32,"http://ecx.images-amazon.com/images/I/51CMA94AZYL.jpg",710,2402.26,3.38
0007108656,"Books",5267786,"Tales of Dark Forest Trollogy (Tales of the Dark Forest Series)",27.95,"http://ecx.images-amazon.com/images/I/51H5E2Y9BKL.jpg",407,1953.81,4.8
0007103387,"Books",2035682,"Reiki",768.88,"http://ecx.images-amazon.com/images/I/51119X8TN4L.jpg",579,1870.76,3.23
000710734X,"Books",5115066,"Politically Correct Parables",744.63,"http://ecx.images-amazon.com/images/I/51c6Y5plmlL.jpg",114,437.35,3.84
0007103530,"Books",2155182,"Collins Encyclopedia of Scotland",228.08,"http://ecx.images-amazon.com/images/I/51RYX1ZVPPL.jpg",402,1892.05,4.71
0007110162,"Books",3447510,"Zen",704.77,"http://ecx.images-amazon.com/images/I/61FD5CCV97L.jpg",694,3271.38,4.71
0007103328,"Books",7095325,"Astrology: Thorsons First Directions",62.16,"http://ecx.images-amazon.com/images/I/51VEF37NRYL.jpg",149,639.9,4.29
0007100965,"Books",2337823,"Auras",543.42,"http://ecx.images-amazon.com/images/I/41MCH8K9ZTL.jpg",104,398.97,3.84
0007113137,"Books",5670590,"Learn to Paint Buildings in Watercolour: Everything You Need to Know to Get Started",231.8,"http://ecx.images-amazon.com/images/I/51K40J7ECRL.jpg",104,384.66,3.7
0007107927,"Books",57676,"The One Minute Manager",14.76,"http://ecx.images-amazon.com/images/I/71q3yJ4TDlL.jpg",798,2669.49,3.35
0007110359,"Books",2702084,"The Alexander Technique",11.79,"http://ecx.images-amazon.com/images/I/51N3REPXXNL.jpg",389,1485.25,3.82
0007104022,"Books",1923429,"Vikings",16.05,"http://ecx.images-amazon.com/images/I/41XXG5qKZBL.jpg",532,2360.88,4.44
0007102305,"Books",1447172,"SAS Active Library Emergency Medic",257.67,"http://ecx.images-amazon.com/images/I/51YW77KMH6L.jpg",815,2863.31,3.51
0007110219,"Books",1490061,"Psychic Protection (Thorsons Way of)",12.37,"http://ecx.images-amazon.com/images/I/419I7yjPYyL.jpg",569,2215.82,3.89
0007111193,"Books",2980311,"Life at Its Best: A Guidebook for the Pilgrim Life",144.08,"http://ecx.images-amazon.com/images/I/41HTSF6RT8L.jpg",707,2167.13,3.07
000710717X,"Books",4873249,"Kick Your Way to Fitness: The Fastest Way to Lose Weight and Get in Shape (Thorsons Directions for Life)",714.99,"http://ecx.images-amazon.com/images/I/515K3KJEK5L.jpg",138,500.68,3.63
0007101147,"Books",1070011,"Traitor's Knot: Fourth Book of The Alliance of Light (The Wars of Light and Shadow, Book 7) (The Wars of Light and Shadow series) (Bk. 4)",5.69,"http://ecx.images-amazon.com/images/I/51h1gmXqQ6L.jpg",549,2734.21,4.98
0007111584,"Books",971877,"What Do People Do All Day?",8.99,"http://ecx.images-amazon.com/images/I/51HGEPCVR1L.jpg",678,3347.23,4.94
0007108419,"Books",4751343,"London: The Photographic Atlas",266.58,"http://ecx.images-amazon.com/images/I/41C9TT7YYYL.jpg",382,1642.68,4.3
0007112793,"Books",3398442,"The Babylon Game: The Seven Fabulous Wonders 2",2.99,"http://ecx.images-amazon.com/images/I/51Z84MV5AFL.jpg",619,2256.11,3.64
0007110731,"Books",3408384,"Treat Your Child the Natural Way",615.87,"http://ecx.images-amazon.com/images/I/519C9GKK9NL.jpg",340,1442.67,4.24
0007110367,"Books",2366805,"The Enneagram",144.94,"http://ecx.images-amazon.com/images/I/51R67T95F9L.jpg",473,1749.88,3.7
0007104847,"Books",886569,"One Minute Manager Salesperson (The One Minute Manager)",14.04,"http://ecx.images-amazon.com/images/I/51hHVmhIcrL.jpg",829,3357.86,4.05
000710894X,"Books",2480653,"Power and Glory: Jacobean England and the Making of the King James Bible",645.27,"http://ecx.images-amazon.com/images/I/41C2P56N79L.jpg",181,684.44,3.78
0007113234,"Books",7950556,"Black Earth: Russia After the Fall",780.86,"http://ecx.images-amazon.com/images/I/418QFKZE61L.jpg",317,1174.23,3.7
0007112580,"Books",1092135,"Emotional Healing in Minutes: Simple Acupressure Techniques For Your Emotions",7.59,"http://ecx.images-amazon.com/images/I/4199BEQ4TQL.jpg",815,3931.57,4.82
0007108176,"Books",1016663,"The Waterbirth Book: Everything You Need to Know from the World's Renowned Natural Childbirth Pioneer",11.3,"http://ecx.images-amazon.com/images/I/51CAK43BKPL.jpg",795,2800.72,3.52
0007108168,"Books",3074118,"Healing Foods Cookbook, New Edition: The Vegan Way to Wellness",13.14,"http://ecx.images-amazon.com/images/I/41CV0TBYY5L.jpg",159,516.1,3.25
0007111517,"Books",1190861,"Busiest People Ever",9.03,"http://ecx.images-amazon.com/images/I/51FTQ5R7MCL.jpg",189,808.27,4.28
0007114222,"Books",2450474,"The Reindeer People",317.37,"http://ecx.images-amazon.com/images/I/51KX4KNT2XL.jpg",513,2547.83,4.97
0007109601,"Books",854846,"The American Boy",30.95,"http://ecx.images-amazon.com/images/I/91cJbYQZ%2BQL.jpg",537,2439.28,4.54
0007108435,"Books",2648156,"Flirt Coach",59.99,"http://ecx.images-amazon.com/images/I/41J7DT8T3HL.jpg",264,1027.46,3.89
0007111347,"Books",5162376,"Folly",9.99,"http://ecx.images-amazon.com/images/I/41YATB2CJYL.jpg",706,2292.31,3.25
0007110375,"Books",5919611,"Nlp",226.76,"http://ecx.images-amazon.com/images/I/41K11T94TAL.jpg",387,1459.08,3.77
0007112645,"Books",5054742,"Floyd Around the Med",10.67,"http://ecx.images-amazon.com/images/I/41KZTKFWX8L.jpg",337,1568.61,4.65
0007104839,"Books",3146250,"Fenian Fire: The British Government Plot to Assassinate Queen Victoria",722.85,"http://ecx.images-amazon.com/images/I/51H0J87VVRL.jpg",153,541.87,3.54
0007110227,"Books",1894220,"Way of Wicca (Thorsons Way of)",249.14,"http://ecx.images-amazon.com/images/I/41YWYTDE7TL.jpg",426,1310.36,3.08
0007114710,"Books",6258822,"Black Harvest (Collins Modern Classics)",7.99,"http://ecx.images-amazon.com/images/I/41FPMB8T99L.jpg",717,2285.1,3.19
0007115938,"Books",2905792,"The Book of Eels: On the Trail of the Thin-heads",10.98,"http://ecx.images-amazon.com/images/I/419CF4SPFAL.jpg",577,2816.04,4.88
0007110014,"Books",3030046,"THEODORA'S DIARY",26.06,"http://ecx.images-amazon.com/images/I/51FxZCWTCKL.jpg",796,3404.26,4.28
0007116543,"Books",2538998,"Moving Into Ecstasy: An Urban Mystic's Guide to Movement, Music, and Meditation",769.88,"http://ecx.images-amazon.com/images/I/51AVZ1S3BNL.jpg",587,2577.55,4.39
0007107005,"Books",743407,"Light on Yoga",23.35,"http://ecx.images-amazon.com/images/I/519JDsw0qkL.jpg",212,773.08,3.65
0007109245,"Books",3025630,"Puffball",7.99,"http://ecx.images-amazon.com/images/I/418TS7XN8BL.jpg",208,914.49,4.4
0007105088,"Books",423484,"The Complete History of Middle-Earth Boxed Set",5.44,"http://ecx.images-amazon.com/images/I/21JrBXVHc9L.jpg",400,1866.67,4.67
0007112998,"Books",783018,"The Dance",10.72,"http://ecx.images-amazon.com/images/I/4169DHR6M7L.jpg",197,864.64,4.39
0007101929,"Books",1650428,"Seahenge: A Quest for Life and Death in Bronze Age Britain",7.59,"http://ecx.images-amazon.com/images/I/51P6erqVCVL.jpg",833,3234.77,3.88
0007116330,"Books",4699084,"The Great World War 1914-45: Who Won? Who Lost?",705.5,"http://ecx.images-amazon.com/images/I/51FC636QS1L.jpg",648,2660.59,4.11
0007106211,"Books",3667201,"Collins Flower Guide: The Most Complete Guide to the Flowers of Britain and Ireland",71.96,"http://ecx.images-amazon.com/images/I/5145V6o9NnL.jpg",721,2423.32,3.36
0007111266,"Books",7778861,"The Commandos at Dieppe: Rehearsal for D-Day: Operation Cauldron, No. 4 Commando Attack on the Hess Battery August 19th, 1942",309.86,"http://ecx.images-amazon.com/images/I/516MZMCGPGL.jpg",262,1150.62,4.39
0007112521,"Books",1020426,"Harpy's Flight",6.4,"http://ecx.images-amazon.com/images/I/5171WHY6Z4L.jpg",783,2963.35,3.78
000711530X,"Books",3502579,"A Miracle in Your Pocket: How to Bring Miracles into Your Daily Life",76.25,"http://ecx.images-amazon.com/images/I/51BQ15YZ2BL.jpg",372,1643.58,4.42
0007115369,"Books",1361878,"Phylloxera: How Wine was Saved for the World",5.98,"http://ecx.images-amazon.com/images/I/51H3ZZHRB3L.jpg",571,2184.62,3.83
0007111134,"Books",3619314,"Mad About the Mekong: Exploration and Empire in South East Asia",688.05,"http://ecx.images-amazon.com/images/I/51ENSS3YZNL.jpg",404,1242.16,3.07
0007111290,"Books",6267768,"World of Tennis 2001",20.69,"http://ecx.images-amazon.com/images/I/51NWS5W4YVL.jpg",492,2365.7,4.81
0007116454,"Books",417887,"The New Drawing on the Right Side of the Brain",12.81,"http://ecx.images-amazon.com/images/I/5114QGDGH7L.jpg",902,4204.03,4.66
0007117868,"Books",212115,"The Real Witches' Kitchen: Spells, Recipes, Oils, Lotions and Potions from the Witches' Hearth",9.6,"http://ecx.images-amazon.com/images/I/51Gwyl92o5L.jpg",131,631.87,4.82
0007107951,"Books",350678,"Myth and Magic: The Art of John Howe",22.79,"http://ecx.images-amazon.com/images/I/51v%2BuHKHLrL.jpg",652,2616.44,4.01
0007116195,"Books",2600274,"Eat to Beat Arthritis: Over 60 Recipes and a Self-Treatment Plan to Transform Your Life",495.88,"http://ecx.images-amazon.com/images/I/515ERWQ6J6L.jpg",201,948.48,4.72
0007108885,"Books",2656279,"Measuring America",23.95,"http://ecx.images-amazon.com/images/I/51MAH2AJJ6L.jpg",135,615.45,4.56
0007115024,"Books",1857188,"Fibromyalgia and Muscle Pain: Your Self-Treatment Guide (Thorsons Health Series)",653.81,"http://ecx.images-amazon.com/images/I/51SXXYEBR3L.jpg",455,2079.84,4.57
0007115466,"Books",4514901,"Just Joey: The Joey Dunlop Story",9.09,"http://ecx.images-amazon.com/images/I/41PCD8GBNWL.jpg",393,1706.54,4.34
0007116233,"Books",4334381,"Prayer and the Art of Volkswagen Maintenance",14.67,"http://ecx.images-amazon.com/images/I/41111K362NL.jpg",594,2853.61,4.8
0007117930,"Books",4548017,"Out of the Silent Planet / Perelandra (Voyager Classics)",9.53,"http://ecx.images-amazon.com/images/I/31687GC47YL.jpg",604,2810.62,4.65
0007106246,"Books",2290530,"Fix-it Duck (Duck in the Truck)",6.29,"http://ecx.images-amazon.com/images/I/61C00K0FXPL.jpg",944,3472.54,3.68
0007115768,"Books",3689202,"The Summer House, Later",310.68,"http://ecx.images-amazon.com/images/I/41VTPDSTWSL.jpg",930,4409.16,4.74
0007116772,"Books",2730946,"Beyond Words: Dzogchen Made Simple",19.9,"http://ecx.images-amazon.com/images/I/4179MXN9AAL.jpg",684,2687.33,3.93
0007107919,"Books",3176843,"Christ on Trial: How the Gospel Unsettles Our Judgement",8.99,"http://ecx.images-amazon.com/images/I/417R0lYrjFL.jpg",498,2079.66,4.18
0007113978,"Books",161773,"Head Strong: 10 Ways to Make the Most of Your Body and Mind",10.66,"http://ecx.images-amazon.com/images/I/51S7NQNKP7L.jpg",534,2028.79,3.8
0007113587,"Books",2754708,"Shadows of a Princess: Diana, Princess of Wales 1987-1996 - An Intimate Account by Her Private Secretary",177.08,"http://ecx.images-amazon.com/images/I/41C42H287TL.jpg",660,2491.48,3.77
0007112637,"Books",4524772,"Hitler's Terror Weapons: The Price of Vengence",8.89,"http://ecx.images-amazon.com/images/I/517CBSE7KSL.jpg",495,1659.46,3.35
0007110642,"Books",5149684,"Gentle Giant",17.1,"http://ecx.images-amazon.com/images/I/512C7MHY5HL.jpg",725,2338.7,3.23
0007113080,"Books",5584848,"The Bone Doll's Twin (Tamir Triad)",5.99,"http://ecx.images-amazon.com/images/I/51K57YDJESL.jpg",964,3527.85,3.66
0007113323,"Books",1971237,"Bird Guide: The Most Complete Field Guide to the Birds of Britain and Europe",22.47,"http://ecx.images-amazon.com/images/I/51W8yHf4R9L.jpg",458,2246.57,4.91
0007114494,"Books",1338144,"Critical Times: The History of the Times Literary Supplement",85.31,"http://ecx.images-amazon.com/images/I/513Hw%2B9JmhL.jpg",181,740.32,4.09
0007114478,"Books",4182376,"Mind the Gap",27.5,"http://ecx.images-amazon.com/images/I/51ABJ6N2HNL.jpg",240,771.78,3.22
000710958X,"Books",2096984,"Payne Stewart: The Authorised Biography",10.8,"http://ecx.images-amazon.com/images/I/41ZPK0ZK39L.jpg",483,1769.04,3.66
0007115865,"Books",6553443,"The Songs of Distant Earth (Voyager Classics)",7.19,"http://ecx.images-amazon.com/images/I/31NC4X83Z3L.jpg",759,2564.6,3.38
0007117043,"Books",1980512,"Mallowan's Memoirs: Agatha and the Archaeologist",11.38,"http://ecx.images-amazon.com/images/I/41SYT87H0VL.jpg",374,1480.79,3.96
0007107900,"Books",646086,"The Street Bible",634.59,"http://ecx.images-amazon.com/images/I/51RueVODauL.jpg",854,3323.04,3.89
0007103999,"Books",1800090,"Witch: A Magikal Journey- A Hip Guide to Modern Witchcraft",13.3,"http://ecx.images-amazon.com/images/I/514MPBTXP9L.jpg",862,3911.1,4.54
0007118473,"Books",1289819,"Peacocks Dancing",16.14,"http://ecx.images-amazon.com/images/I/11XRY46A2AL.jpg",647,2082.15,3.22
0007118651,"Books",2409568,"Do You Need a Guru?: Understanding the Student--Teacher Relationship in an Era of False Prophets",12.44,"http://ecx.images-amazon.com/images/I/51T0VD65CJL.jpg",497,1661.91,3.34
000711883X,"Books",3759980,"The Vendetta Defence",357.72,"http://ecx.images-amazon.com/images/I/51CKBHXG7JL.jpg",452,1407.1,3.11
0007122500,"Books",3461710,"Yoga: An Illustrated Guide",234.91,"http://ecx.images-amazon.com/images/I/51ADA2QD06L.jpg",980,3805.51,3.88
0007121822,"Books",10602548,"Modern History (Collins Gems)",556.75,"http://ecx.images-amazon.com/images/I/51N5YS50MTL.jpg",875,3214.6,3.67
0007121172,"Books",941584,"Living Foods for Radiant Health: The Authentic Guide to Using Fresh and Raw Foods",343.56,"http://ecx.images-amazon.com/images/I/514T25W6KDL.jpg",749,2419.14,3.23
0007120214,"Books",728816,"Natural Witchcraft: The Timeless Arts and Crafts of the Country Witch",13.79,"http://ecx.images-amazon.com/images/I/51PCKJBV4NL.jpg",714,2546.79,3.57
0007111541,"Books",9525089,"Baldur's Bones",208.28,"http://ecx.images-amazon.com/images/I/51Z6AYTR3ML.jpg",402,1659.84,4.13
0007118449,"Books",812808,"A Face to the World: On Self-Portraits",21.99,"http://ecx.images-amazon.com/images/I/517U7W9txJL.jpg",870,3380.32,3.89
0007117094,"Books",2811156,"Jaap Stam: Head to Head",635.79,"http://ecx.images-amazon.com/images/I/41N36M5EB4L.jpg",719,2676.21,3.72
0007118937,"Books",332200,"The Girl in Times Square",14.72,"http://ecx.images-amazon.com/images/I/51475YEBJBL.jpg",676,2113.62,3.13
0007119860,"Books",4309236,"The Colour of Heaven",3.79,"http://ecx.images-amazon.com/images/I/5138Y7SYREL.jpg",755,2723.68,3.61
0007117078,"Books",1189499,"Wimbledon: The Official History of the Championships",34.81,"http://ecx.images-amazon.com/images/I/51K9AP5806L.jpg",368,1684.04,4.58
000712032X,"Books",1187401,"Rumi: Hidden Music",11.62,"http://ecx.images-amazon.com/images/I/51PDJ33JTRL.jpg",308,1307.1,4.24
0007119739,"Books",2477879,"Q Pootle 5 in Space",631.66,"http://ecx.images-amazon.com/images/I/51RKCDFVN3L.jpg",778,3136.41,4.03
0007111681,"Books",2684812,"Defoe on Sheppard and Wild: The True and Genuine Account of the Life and Actions of the Late Jonathan Wild by Daniel Defoe",211.19,"http://ecx.images-amazon.com/images/I/41EZ97Z45NL.jpg",392,1822.59,4.65
0007112785,"Books",645571,"The Great Pyramid Robbery (The Seven Fabulous Wonders Series)",0.0,"http://ecx.images-amazon.com/images/I/51E5NE7521L.jpg",183,774.71,4.23
0007118481,"Books",326717,"TO END ALL WARS",5.12,"http://ecx.images-amazon.com/images/I/81y-yeepPLL.jpg",857,2878.27,3.36
0007122462,"Books",855224,"The Complete Illustrated Guide to Vitamins and Minerals",711.22,"http://ecx.images-amazon.com/images/I/51F6P962RHL.jpg",545,2230.51,4.09
0007117019,"Books",357841,"Lillian Too's Irresistible Feng Shui Magic: Magic and Rituals for Love, Success and Happiness",15.29,"http://ecx.images-amazon.com/images/I/51HT6VAVGDL.jpg",661,2323.94,3.52
0007119151,"Books",2656453,"Bloodsong",39.57,"http://ecx.images-amazon.com/images/I/51AB491FVWL.jpg",713,2369.54,3.32
0007121334,"Books",2266824,"Angel Magic: All about angels and how to bring their magic into your life",78.64,"http://ecx.images-amazon.com/images/I/51N2iubZa1L.jpg",891,3536.42,3.97
0007123078,"Books",6695560,"Royal Britain (Collins Gem) -Old Edn",219.93,"http://ecx.images-amazon.com/images/I/51BDZ6XQNFL.jpg",710,3408.02,4.8
0007123132,"Books",779813,"Paddington and the Grand Tour",11.55,"http://ecx.images-amazon.com/images/I/51CMN7ENEZL.jpg",907,4133.69,4.56
0007121512,"Books",1452989,"Becky Bananas: This Is Your Life (Diary Series)",7.99,"http://ecx.images-amazon.com/images/I/51TiJZmmTUL.jpg",446,1773.58,3.98
0007115008,"Books",728322,"The Art of Indian Face Massage: How to Give Yourself a Natural Facelift",16.16,"http://ecx.images-amazon.com/images/I/71HKuW3Xx6L.jpg",784,3603.04,4.6
0007113218,"Books",2040891,"Robert Louis Stevenson: A Biography",24.75,"http://ecx.images-amazon.com/images/I/414TY2D7ZVL.jpg",608,2984.97,4.91
0007115040,"Books",4423619,"Painting Houses and Gardens in Watercolour",86.38,"http://ecx.images-amazon.com/images/I/511F80PF1AL.jpg",995,4482.94,4.51
0007122772,"Books",4491885,"England: The Photographic Atlas",124.28,"http://ecx.images-amazon.com/images/I/41B1EZQ8K8L.jpg",369,1280.24,3.47
0007120621,"Books",2584328,"Sunbathing in the Rain: A Cheerful Book About Depression",13.46,"http://ecx.images-amazon.com/images/I/416PT0KGGEL.jpg",968,4428.18,4.57
0007126239,"Books",3155109,"Collins Gem German Dictionary, 7e",612.35,"http://ecx.images-amazon.com/images/I/415MZDP0HPL.jpg",826,2567.83,3.11
0007120257,"Books",2703331,"Doctor Who: Regeneration",359.52,"http://ecx.images-amazon.com/images/I/51NRA9P40YL.jpg",909,3627.33,3.99
0007123477,"Books",2493579,"Vegan Cooking for Everyone",366.03,"http://ecx.images-amazon.com/images/I/51E6Z1DF65L.jpg",573,1994.08,3.48
0007123868,"Books",181183,"The Speech of Angels",16.14,"http://ecx.images-amazon.com/images/I/210245MCCVL.jpg",401,1697.45,4.23
0007121687,"Books",2706972,"Watercolour Flower Painting Workshop (Collins painting workshop)",19.86,"http://ecx.images-amazon.com/images/I/51TQCS1Y85L.jpg",548,2438.5,4.45
0007119801,"Books",3993991,"Percy's Friends the Squirrels (Percy the Park Keeper &amp; His Friends)",9.9,"http://ecx.images-amazon.com/images/I/51GDNSQKJ2L.jpg",323,1344.98,4.16
0007122764,"Books",928405,"Georgiana's World",32.0,"http://ecx.images-amazon.com/images/I/51BMPA28B4L.jpg",313,1430.45,4.57
0007119267,"Books",2135091,"Evil Under the Sun (Poirot)",6.64,"http://ecx.images-amazon.com/images/I/51KV1rObouL.jpg",329,1352.64,4.11
0007127065,"Books",3730976,"Making Happy People: The Nature of Happiness and Its Origins in Childhood",115.43,"http://ecx.images-amazon.com/images/I/318AB0SPF1L.jpg",707,2986.54,4.22
0007123469,"Books",1657621,"Seven Days to a Magickal New You",5.98,"http://ecx.images-amazon.com/images/I/41YNHHHWV3L.jpg",251,830.23,3.31
0007118775,"Books",10260148,"Jack &amp; Bobby: A Story of Brothers in Conflict",8.89,"http://ecx.images-amazon.com/images/I/41XBBTS2Z1L.jpg",858,2847.71,3.32
0007122241,"Books",2560208,"50 Ways to a Healthy Heart (Thorsons Directions for Life)",644.62,"http://ecx.images-amazon.com/images/I/51CQJ15FMXL.jpg",413,1732.23,4.19
0007121121,"Books",1582753,"Curtain: Poirot's Last Case",6.64,"http://ecx.images-amazon.com/images/I/516molDmSsL.jpg",437,1781.03,4.08
0007119070,"Books",1319035,"The Buddhist Path to Simplicity: Spiritual Practice in Everyday Life",5.69,"http://ecx.images-amazon.com/images/I/31K4Y1YCJ3L.jpg",857,3150.76,3.68
0007126913,"Books",3644635,"Futuretrack 5",338.32,"http://ecx.images-amazon.com/images/I/51D4ETZMYHL.jpg",861,3914.41,4.55
0007123744,"Books",328549,"1812: Napoleon's Fatal March on Moscow",8.89,"http://ecx.images-amazon.com/images/I/71505QjUsfL.jpg",567,1744.96,3.08
0007122314,"Books",1660072,"Eubank: The Autobiography",8.89,"http://ecx.images-amazon.com/images/I/419JGDFZR4L.jpg",914,2803.11,3.07
0007122756,"Books",970516,"The Testosterone Revolution: Rediscover Your Energy and Overcome the Symptoms of Male Menopause",9.99,"http://ecx.images-amazon.com/images/I/51431H50QAL.jpg",708,2577.93,3.64
000712113X,"Books",1052205,"Poirot's Early Cases",6.26,"http://ecx.images-amazon.com/images/I/516x6P5KuvL.jpg",915,3572.44,3.9
0007121164,"Books",1114689,"Sea of Glory: The Epic South Seas Expedition 1838-42",21.74,"http://ecx.images-amazon.com/images/I/51R2WNB7V1L.jpg",468,2101.9,4.49
0007126255,"Books",2546169,"Collins Gem Spanish Dictionary, 6e (Spanish Edition)",668.54,"http://ecx.images-amazon.com/images/I/31t-94%2B-zPL.jpg",752,2525.94,3.36
0007111509,"Books",3718022,"Partners in Crime (Tommy &amp; Tuppence Chronology)",6.64,"http://ecx.images-amazon.com/images/I/71-4NgVqFKL.jpg",806,2648.01,3.29
0007116993,"Books",2038209,"A Woman's Guide to the Earth Traditions: Exploring Wicca, Shamanism, Paganism and Celtic Spirituality",406.35,"http://ecx.images-amazon.com/images/I/5198Z8N44VL.jpg",183,583.34,3.19
0007128177,"Books",259997,"Tuning Up at Dawn: A Memoir of Music and Majorca",81.72,"http://ecx.images-amazon.com/images/I/51EBWJ6FQKL.jpg",685,2288.61,3.34
000712760X,"Books",1781805,"Jane's Guns Recognition Guide - 3rd Edition",156.35,"http://ecx.images-amazon.com/images/I/51QW7E9S9RL.jpg",612,2141.45,3.5
0007124120,"Books",11019077,"Rocky Sung's Guide to Chinese Astrology and Feng Shui 2002",327.87,"http://ecx.images-amazon.com/images/I/51J02D5S59L.jpg",703,2753.36,3.92
0007124015,"Books",2095945,"The Lord of the Rings",9.99,"http://ecx.images-amazon.com/images/I/510DQ2D1RJL.jpg",678,3357.72,4.95
0007127359,"Books",3568619,"The Other Goose",14.39,"http://ecx.images-amazon.com/images/I/4135FzsWUiL.jpg",609,2309.33,3.79
0007129505,"Books",12961462,"A Round with the Tour Pros",479.4,"http://ecx.images-amazon.com/images/I/51C989Q00HL.jpg",694,3076.07,4.43
0007116055,"Books",2957718,"The Devil and Miss Prym",9.78,"http://ecx.images-amazon.com/images/I/51ty2Oy4R0L.jpg",537,2154.79,4.01
0007127960,"Books",2574574,"101 Poems to Keep You Sane: Emergency Rations for the Seriously Stressed",495.47,"http://ecx.images-amazon.com/images/I/41YP2V0ZWNL.jpg",194,600.87,3.1
0007122802,"Books",2348452,"More Chronicles of a Vicar: Pastures New/the Changing Scenes of Life/Mister Rural Dean",199.05,"http://ecx.images-amazon.com/images/I/51ZEEJQYA9L.jpg",119,407.44,3.42
0007122039,"Books",3955769,"Girls' Night Out/Boys' Night in",796.03,"http://ecx.images-amazon.com/images/I/5191R66P73L.jpg",979,4531.8,4.63
0007127251,"Books",1630888,"Toll for the Brave",7.59,"http://ecx.images-amazon.com/images/I/21J8KDJVR6L.jpg",176,658.96,3.74
0007129564,"Books",2682759,"Lillian Too's Love In A Box",514.59,"http://ecx.images-amazon.com/images/I/515EP9GR1WL.jpg",785,3057.33,3.89
0007130872,"Books",4374509,"Natural Healthcare For Pets",59.27,"http://ecx.images-amazon.com/images/I/51NG98J6RVL.jpg",552,2432.43,4.41
0007119674,"Books",4590724,"The Bible Book: A User's Guide",266.28,"http://ecx.images-amazon.com/images/I/51sDho7am5L.jpg",437,1698.78,3.89
000712774X,"Books",3122118,"The Illustrated Man (Voyager Classics)",4.95,"http://ecx.images-amazon.com/images/I/318B1G2FBGL.jpg",592,2826.63,4.77
0007107668,"Books",3289143,"NOTHING LIKE A DAME",430.17,"http://ecx.images-amazon.com/images/I/4159wA%2B7IgL.jpg",131,411.81,3.14
0007113633,"Books",539961,"Jane's Battles with the Luftwaffe: The Bomber Campaign Against Germany 1942-45",687.22,"http://ecx.images-amazon.com/images/I/51CECNQ134L.jpg",143,486.16,3.4
0007129882,"Books",11814286,"Fighting Fit (Mel Beeby, Agent Angel)",2.99,"http://ecx.images-amazon.com/images/I/41P75G82WWL.jpg",377,1482.88,3.93
0007126867,"Books",3711503,"Tickled Pink",0.0,"http://ecx.images-amazon.com/images/I/51M0AE5MZ2L.jpg",637,3168.98,4.97
0007120699,"Books",1520307,"Hercule Poirot's Christmas",6.64,"http://ecx.images-amazon.com/images/I/51pA5MqoVyL.jpg",191,926.8,4.85
0007119240,"Books",733220,"Beyond Fear",15.59,"http://ecx.images-amazon.com/images/I/41E9CHVF2WL.jpg",792,2652.74,3.35
0007129653,"Books",1519728,"Wilkins' Tooth",8.68,"http://ecx.images-amazon.com/images/I/4125QD32CQL.jpg",823,3777.93,4.59
0007122071,"Books",1627191,"Beneath the Cassock: The Real-Life Vicar of Dibley",17.96,"http://ecx.images-amazon.com/images/I/41T4HJ26X7L.jpg",115,387.23,3.37
0007128231,"Books",2959535,"Universe Cards: Personal Predictions Taking You on a Voyage of Discovery to Unlock the Mysteries of the Universe",633.41,"http://ecx.images-amazon.com/images/I/51VM1B17PDL.jpg",535,1857.55,3.47
0007130465,"Books",1881633,"The Sacred Diary of Adrian Plass, on Tour: Aged Far Too Much to Be Put on the Front Cover of a Book",11.64,"http://ecx.images-amazon.com/images/I/518Hcch8IML.jpg",223,776.8,3.48
0007126409,"Books",68962,"Collins COBUILD Learner's Dictionary; Concise Edition",54.22,"http://ecx.images-amazon.com/images/I/41tKKJmvWyL.jpg",738,3338.43,4.52
0007126190,"Books",907526,"At Home with the Queen: Life Through the Keyhole of the Royal Household",7.86,"http://ecx.images-amazon.com/images/I/410pajI%2B4-L.jpg",950,4260.48,4.48
0007120303,"Books",4122880,"Know the Truth: A Memoir",34.0,"http://ecx.images-amazon.com/images/I/41QY35AVK2L.jpg",695,2723.46,3.92
0007131119,"Books",1342408,"Reflexology: Complete Illustrated Guide",4.45,"http://ecx.images-amazon.com/images/I/41WCDPJHSBL.jpg",145,488.75,3.37
0007122934,"Books",2729252,"Murder by Suicide (Ellie Quicke Mystery Series #2)",7.99,"http://ecx.images-amazon.com/images/I/41HW97CJ5FL.jpg",478,2186.8,4.57
0007130902,"Books",320542,"The Big Book of Tai Chi: Build Health Fast in Slow Motion",18.01,"http://ecx.images-amazon.com/images/I/41AKS0D7HSL.jpg",168,576.44,3.43
0007123000,"Books",737581,"India Discovered: The Recovery of a Lost Civilization",15.83,"http://ecx.images-amazon.com/images/I/81TptbK5DwL.jpg",152,705.58,4.64
0007120192,"Books",2315096,"The Saint and the Artist: A Study of the Fiction of Iris Murdoch",5.99,"http://ecx.images-amazon.com/images/I/51B6mLfx4cL.jpg",549,2107.43,3.84
0007127375,"Books",3199559,"The Screaming Tree",429.78,"http://ecx.images-amazon.com/images/I/31DMYW13YNL.jpg",253,901.32,3.56
0007131526,"Books",856408,"Food Combining Bible: Your Complete Guide to Using the Hay Diet for Digestive Health and a Balanced Approach to Weight Loss",21.44,"http://ecx.images-amazon.com/images/I/51H7TP6A79L.jpg",249,990.13,3.98
0007111444,"Books",272020,"Cars and Trucks and Things That Go",9.03,"http://ecx.images-amazon.com/images/I/51MK4JVTXZL.jpg",696,2481.0,3.56
0007126468,"Books",3060743,"Back on Track",262.68,"http://ecx.images-amazon.com/images/I/415CYXM4SWL.jpg",303,922.84,3.05
0007129491,"Books",5027017,"Basic Woodworking: What Every First-time Woodworker Needs to Know (Collins Good Wood)",721.37,"http://ecx.images-amazon.com/images/I/41WNZ16BWEL.jpg",762,2456.16,3.22
000712998X,"Books",2870848,"Do It Yourself Psychic Power: Practical Tools and Techniques for Awaking your Natural Gifts",13.59,"http://ecx.images-amazon.com/images/I/41MMDNZDARL.jpg",135,646.81,4.79
0007130511,"Books",3658622,"And Jesus Will Be Born: A Collection of Christmas Poems, Stories and Reflections",764.87,"http://ecx.images-amazon.com/images/I/51SPmF45KJL.jpg",989,4847.07,4.9
0007131968,"Books",2631355,"Alexander the Corrector",9.58,"http://ecx.images-amazon.com/images/I/51G50VY6QML.jpg",754,2818.87,3.74
0007128088,"Books",3498167,"The Old and the New: Bible Stories Retold",701.75,"http://ecx.images-amazon.com/images/I/41JHI7f1UxL.jpg",484,2125.87,4.39
0007121814,"Books",3687347,"Mathematics (Collins Gems)",290.59,"http://ecx.images-amazon.com/images/I/513JM4C0X3L.jpg",685,3034.71,4.43
0007129572,"Books",965917,"Lillian Too's Flying Star Feng Shui for the Master Practitioner: The Ultimate Guide to Advanced Practice  Feng Shui: Stage II (Lillian Too's Feng Shui in Small Doses)",11.04,"http://ecx.images-amazon.com/images/I/41WZSBPP8TL.jpg",602,2960.78,4.92
0007131674,"Books",6205766,"Zigby Dives In",735.18,"http://ecx.images-amazon.com/images/I/51fOZvnQSvL.jpg",817,3561.63,4.36
0007129602,"Books",1998136,"Mantras and Mudras: Meditations for the Hands and Voice to Bring Peace and Inner Calm",13.59,"http://ecx.images-amazon.com/images/I/61EG9ZZYW4L.jpg",444,1971.34,4.44
0007106904,"Books",555471,"Panic Attacks",15.95,"http://ecx.images-amazon.com/images/I/41fJOc8h9HL.jpg",762,3713.84,4.87
000712029X,"Books",3368715,"Know the Truth: A Memoir",34.0,"http://ecx.images-amazon.com/images/I/51SBhc9H5rL.jpg",614,2283.64,3.72
0007131852,"Books",3326354,"Mere Christianity / Screwtape Letters Box Set",9.62,"http://ecx.images-amazon.com/images/I/41DKEF4ER0L.jpg",937,3152.51,3.36
0007132824,"Books",1277110,"A Doctor's Home Cure for Arthritis: The Bestselling, Proven Self Treatment Plan",9.83,"http://ecx.images-amazon.com/images/I/41V656JZ56L.jpg",765,2493.71,3.26
0007132875,"Books",2881820,"The Book of Egyptian Ritual: Simple Rites and Blessings for Every Day",701.46,"http://ecx.images-amazon.com/images/I/519WS1EJM0L.jpg",536,2325.06,4.34
0007130988,"Books",2420127,"Your Pocket Life Coach",167.67,"http://ecx.images-amazon.com/images/I/511WNGT3VXL.jpg",994,4955.19,4.99
0007131240,"Books",2992753,"Tim, Ted &amp; the Pirates",7.99,"http://ecx.images-amazon.com/images/I/31nxjgzKmwL.jpg",976,4514.49,4.63
000712693X,"Books",591866,"Britain BC: Life in Britain and Ireland Before the Romans",8.89,"http://ecx.images-amazon.com/images/I/41tBB-ptOOL.jpg",149,474.06,3.18
0007121768,"Books",2323701,"Coastal Landscapes: A Practical Guide to Painting Coastal Scenery",13.95,"http://ecx.images-amazon.com/images/I/510BHJE8TFL.jpg",543,2006.66,3.7
0007133235,"Books",404022,"A Witch Alone, New Edition: Thirteen Moons to Master Natural Magic",8.89,"http://ecx.images-amazon.com/images/I/41oBPvIcYFL.jpg",893,2683.89,3.01
0007122497,"Books",3325333,"Essential Oils: An Illustrated Guide",15.52,"http://ecx.images-amazon.com/images/I/51BM8Z27Q7L.jpg",778,3302.75,4.25
0007133189,"Books",4903175,"Qi Gong: The Chinese Art of Working with Energy",278.58,"http://ecx.images-amazon.com/images/I/41G5CK3QSBL.jpg",272,881.87,3.24
0007133359,"Books",342029,"Uptown Girl",6.0,"http://ecx.images-amazon.com/images/I/2170ZHVDM4L.jpg",725,3236.19,4.46
0007133383,"Books",1555872,"Wish Upon a Star",6.0,"http://ecx.images-amazon.com/images/I/41HA47APAML.jpg",713,2301.36,3.23
0007133243,"Books",850265,"Complete Illustrated Guide to Feng Shui for Gardeners",13.11,"http://ecx.images-amazon.com/images/I/51MKXHSCY5L.jpg",429,1367.81,3.19
0007127871,"Books",2472560,"Moon of Gomrath",7.59,"http://ecx.images-amazon.com/images/I/51ymBxOOrUL.jpg",276,1347.72,4.88
0007133103,"Books",26786,"Endometriosis: A Key to Healing Through Nutrition",14.68,"http://ecx.images-amazon.com/images/I/51-ryd1EKOL.jpg",592,2630.89,4.44
0007128576,"Books",4500154,"The Fetch of Mardy Watt: Can You Believe Your Eyes?",7.99,"http://ecx.images-amazon.com/images/I/51lpSj1Ol0L.jpg",624,2446.67,3.92
0007129742,"Books",1283819,"Ten Thousand Miles Without a Cloud",526.82,"http://ecx.images-amazon.com/images/I/71X-xN3D37L.jpg",511,1883.29,3.69
0007132417,"Books",829995,"Road of Bones: The Siege of Kohima 1944",10.67,"http://ecx.images-amazon.com/images/I/517KIdPHo-L.jpg",841,2924.48,3.48
0007136102,"Books",4725386,"Sharks (Collins Field Guide)",20.46,"http://ecx.images-amazon.com/images/I/412YY29H8ML.jpg",358,1765.07,4.93
000713603X,"Books",1952418,"Way of the Runes",14.42,"http://ecx.images-amazon.com/images/I/417EM65Q0TL.jpg",586,2490.94,4.25
0007133227,"Books",4159775,"The Merlin Tarot",18.0,"http://ecx.images-amazon.com/images/I/515EKGKTCVL.jpg",233,962.3,4.13
0007131828,"Books",4794711,"Zigby and the Ant Invaders",184.64,"http://ecx.images-amazon.com/images/I/51Q19YE6Z9L.jpg",365,1278.67,3.5
0007134282,"Books",2270182,"Fortune's Slave",4.5,"http://ecx.images-amazon.com/images/I/51HAtsj7ZIL.jpg",239,1108.32,4.64
0007127820,"Books",9467306,"The Ruby Knight (Voyager Classics)",7.19,"http://ecx.images-amazon.com/images/I/414AD8XR8AL.jpg",424,2118.01,5.0
0007133839,"Books",3277667,"Pilates In a Box: Reshape Your Body and Transform Your Life (Book &amp; Cards)",216.64,"http://ecx.images-amazon.com/images/I/61UO-Pe9FTL.jpg",543,2687.18,4.95
0007131518,"Books",2540079,"The Spirit of Peace: A Fully Illustrated Guide to Love and Compassion in Everyday Life",14.66,"http://ecx.images-amazon.com/images/I/516X2H2HEML.jpg",551,1848.27,3.35
0007138024,"Books",1434230,"The Megalithic European: The 21st Century Traveller in Prehistoric Europe",535.12,"http://ecx.images-amazon.com/images/I/51GS499Y9TL.jpg",200,614.11,3.07
0007133138,"Books",5817248,"The Watch on the Heath: Science and Religion Before Darwin",267.97,"http://ecx.images-amazon.com/images/I/514HQ9PX8QL.jpg",144,516.37,3.59
0007134444,"Books",1726120,"Elements of Yoga",138.46,"http://ecx.images-amazon.com/images/I/511PR05E4AL.jpg",449,1501.08,3.34
000712287X,"Books",1077702,"The Dalai Lama's Book of Love and Compassion",12.25,"http://ecx.images-amazon.com/images/I/511JA23765L.jpg",426,1586.08,3.72
0007139756,"Books",10094201,"101 Favourite Poems",664.47,"http://ecx.images-amazon.com/images/I/418Z779293L.jpg",585,2012.89,3.44
0007138520,"Books",3079580,"Illustrated Elements of Essential Oils (The Illustrated Elements of...)",230.57,"http://ecx.images-amazon.com/images/I/511V564S2QL.jpg",645,3199.64,4.96
0007131143,"Books",1784829,"Shiatsu: Complete Illustrated Guide",723.17,"http://ecx.images-amazon.com/images/I/41HT3DF6ZSL.jpg",990,4673.4,4.72
0007138121,"Books",5739831,"The Complete Short Stories",18.67,"http://ecx.images-amazon.com/images/I/31Y4QF6VZQL.jpg",452,1914.1,4.23
0007118899,"Books",1319748,"Tatiana and Alexander",9.99,"http://ecx.images-amazon.com/images/I/51bzksedPeL.jpg",810,2906.14,3.59
0007106912,"Books",1411050,"Juicing for Health, New Edition: How To Use Natural Juices To Boost Energy, Immunity and Wellbeing",7.59,"http://ecx.images-amazon.com/images/I/41AWKHH27BL.jpg",942,3473.49,3.69
0007136447,"Books",327564,"The Diaries of Jane Somers",15.08,"http://ecx.images-amazon.com/images/I/41AYM3SEGHL.jpg",525,1591.73,3.03
0007135653,"Books",4956291,"The Art of the &quot;Return of the King&quot; (The &quot;Lord of the Rings&quot;)",22.79,"http://ecx.images-amazon.com/images/I/21WR5N7A5XL.jpg",630,2030.45,3.22
0007130996,"Books",2175763,"Positive Thinking: Everything you have always known about positive thinking but were afraid to put into practice",7.59,"http://ecx.images-amazon.com/images/I/41ysTDEHlEL.jpg",955,4168.24,4.36
0007137540,"Books",332158,"Sahib: The British Soldier in India 1750-1914",10.67,"http://ecx.images-amazon.com/images/I/51HOib2IFHL.jpg",780,3279.52,4.2
0007136951,"Books",2455382,"Witchin': A Handbook for Teen Witches",617.65,"http://ecx.images-amazon.com/images/I/51ED09SHH8L.jpg",817,2782.17,3.41
0007130856,"Books",7682435,"North Side of the Tree",6.23,"http://ecx.images-amazon.com/images/I/51A87SZJN0L.jpg",996,4126.54,4.14
0007133073,"Books",1342902,"Rosslyn: Guardian of the Secrets of the Holy Grail",16.37,"http://ecx.images-amazon.com/images/I/41NGB3GHC6L.jpg",225,1044.55,4.64
0007137508,"Books",771026,"Wellington: The Iron Duke",8.89,"http://ecx.images-amazon.com/images/I/51pvNDN1t3L.jpg",132,519.17,3.93
0007133715,"Books",752851,"Healing Remedies: Illustrated Encyclopedia",22.06,"http://ecx.images-amazon.com/images/I/51HVG6BBFFL.jpg",104,413.89,3.98
0007127952,"Books",1279275,"The Blood Type Diet Cookbook: 100 Fresh and Delicious Recipes to Transform your Health and your Life!",10.67,"http://ecx.images-amazon.com/images/I/51TGRJXPV5L.jpg",478,2068.02,4.33
0007136412,"Books",1518814,"So I Have Thought of You: The Letters of Penelope Fitzgerald",10.67,"http://ecx.images-amazon.com/images/I/518YgPVdgIL.jpg",196,863.83,4.41
0007142161,"Books",2005916,"Allergy-Free Cooking for Kids: A Guide to Childhood Food Intolerance with 80 Recipes",17.1,"http://ecx.images-amazon.com/images/I/51B28928FSL.jpg",885,3430.08,3.88
0007137435,"Books",297259,"The History of Middle-Earth Index",11.61,"http://ecx.images-amazon.com/images/I/4143VE493EL.jpg",380,1213.71,3.19
0007129610,"Books",1858290,"10 Minute Yoga Workouts: Perfect Weight, Perfect Shape",11.04,"http://ecx.images-amazon.com/images/I/41AX6BJAMEL.jpg",726,3017.5,4.16
0007132328,"Books",1431348,"Thai Yoga Massage: How to use Traditional Thai Massage, Yoga, and Breathwork for Healing and Spiritual Harmony",18.71,"http://ecx.images-amazon.com/images/I/41QE7C1RTRL.jpg",341,1386.04,4.06
0007141491,"Books",3188593,"Quicksilver Rising (Quicksilver Trilogy)",305.11,"http://ecx.images-amazon.com/images/I/51N1PB8292L.jpg",475,1510.88,3.18
0007141335,"Books",2231789,"Magickal Sex: A Witches' Guide to Beds, Knobs and Broomsticks",5.98,"http://ecx.images-amazon.com/images/I/51QW1JCBE0L.jpg",470,2036.32,4.33
000713021X,"Books",8109352,"Hotel Tiberias: A Tale of Two Grandfathers",566.41,"http://ecx.images-amazon.com/images/I/51hzxnSOmWL.jpg",499,1946.02,3.9
0007111762,"Books",3933074,"Godwin on Wollstonecraft: The Life of Mary Wollstonecraft by William Godwin (Lives That Never Grow Old)",207.21,"http://ecx.images-amazon.com/images/I/41YH01KBQ6L.jpg",577,1945.17,3.37
0007138873,"Books",1692981,"A Simple Path: Basic Buddhist Teachings by His Holiness the Dalai Lama",12.75,"http://ecx.images-amazon.com/images/I/51ZRMHXBC2L.jpg",651,2946.54,4.53
0007142528,"Books",3379768,"The Sewing Circles of Herat: My Afghan Years",5.67,"http://ecx.images-amazon.com/images/I/51wRnYivC8L.jpg",632,2029.16,3.21
0007142978,"Books",480410,"Commando Workout: 4 Weeks to Total Fitness",12.58,"http://ecx.images-amazon.com/images/I/516S4JMC4HL.jpg",652,2567.61,3.94
0007136838,"Books",1332834,"And Then There Were None (Agatha Christie Collection)",3.99,"http://ecx.images-amazon.com/images/I/51ZL%2BXmDT3L.jpg",671,2078.95,3.1
0007142552,"Books",2471899,"Clouds Among the Stars",31.95,"http://ecx.images-amazon.com/images/I/41RBAVT9TQL.jpg",340,1441.82,4.24
0007131747,"Books",4142809,"Hostile Contact",6.64,"http://ecx.images-amazon.com/images/I/514QE5P3AKL.jpg",693,3113.08,4.49
0007143478,"Books",4416598,"Gypsy Masala",4.49,"http://ecx.images-amazon.com/images/I/51XEsWGIU3L.jpg",243,833.21,3.43
0007143346,"Books",9227024,"Billy Tibbles Moves Out",315.09,"http://ecx.images-amazon.com/images/I/41HA8G7BFRL.jpg",493,2458.44,4.99
0007137605,"Books",1301983,"Out of the Hitler Time",6.29,"http://ecx.images-amazon.com/images/I/51i9%2BrT8v2L.jpg",607,2887.63,4.76
000713326X,"Books",138313,"Taking Risks with Watercolour",20.91,"http://ecx.images-amazon.com/images/I/516%2BxqzWJDL.jpg",317,1196.6,3.77
0007131380,"Books",1825040,"Egyptian Birth Signs: The Secrets of the Ancient Egyptian Horoscope",8.89,"http://ecx.images-amazon.com/images/I/51QW3T5WPPL.jpg",347,1623.38,4.68
0007142579,"Books",1892781,"Pastels: Collins Painting Workshop",13.49,"http://ecx.images-amazon.com/images/I/41RZTT9PAZL.jpg",323,1067.16,3.3
0007136110,"Books",4289016,"Way of Hinduism (Thorsons Way of)",507.74,"http://ecx.images-amazon.com/images/I/41ZN1F9HCWL.jpg",157,546.41,3.48
000713309X,"Books",680214,"The Meditator's Handbook: A Comprehensive Guide to Eastern and Western Meditation Techniques",513.3,"http://ecx.images-amazon.com/images/I/511199Z44ZL.jpg",614,2933.78,4.78
0007140436,"Books",7540367,"Alexander Technique: In a Nutshell",101.41,"http://ecx.images-amazon.com/images/I/4143RNQPYXL.jpg",282,1402.81,4.97
0007131844,"Books",368015,"PCOS Diet Book: How you can use the nutritional approach to deal with polycystic ovary syndrome",19.94,"http://ecx.images-amazon.com/images/I/413kVkg7kRL.jpg",417,2028.41,4.86
0007140495,"Books",2392128,"The Low Fat Indian Vegetarian Cookbook",736.94,"http://ecx.images-amazon.com/images/I/51GQ0QJNHZL.jpg",960,3462.44,3.61
0007139810,"Books",2236505,"Walking Back to Happiness",13.46,"http://ecx.images-amazon.com/images/I/51GK0NAP6BL.jpg",819,2671.22,3.26
0007137516,"Books",316379,"Tommy: The British Soldier on the Western Front 1914-1918",10.67,"http://ecx.images-amazon.com/images/I/41CPT2EYYVL.jpg",836,3022.57,3.62
0007131631,"Books",2746299,"The Tribes Triumphant: Return Journey to the Middle East",682.41,"http://ecx.images-amazon.com/images/I/715f8TZftNL.jpg",724,3603.52,4.98
0007136536,"Books",793689,"C. S. Lewis Essay Collection: Faith, Christianity and the Church",19.76,"http://ecx.images-amazon.com/images/I/41KC31848SL.jpg",583,2668.62,4.58
000714119X,"Books",2483268,"The Hitler/Hess Deception: British Intelligence's Best-Kept Secret of the Second World War",8.89,"http://ecx.images-amazon.com/images/I/512QFZkajAL.jpg",515,1812.18,3.52
0007145454,"Books",809716,"Jesus and the Goddess: The Secret Teachings of the Original Christians",790.16,"http://ecx.images-amazon.com/images/I/41J6RP0NMBL.jpg",909,2918.82,3.21
0007143486,"Books",6241726,"Beyond Indigo",322.73,"http://ecx.images-amazon.com/images/I/41EEJVHN9GL.jpg",153,699.88,4.57
0007139837,"Books",2739137,"Till the Sun Shines Through",201.14,"http://ecx.images-amazon.com/images/I/51s0U0O4kXL.jpg",898,2714.26,3.02
0007137885,"Books",4790965,"Tom &amp; Small: A Big Moment in a Little Boy's Life!",683.4,"http://ecx.images-amazon.com/images/I/51rIhtV4TrL.jpg",547,2619.84,4.79
0007142730,"Books",8686471,"Pompey",7.99,"http://ecx.images-amazon.com/images/I/51TH2JAR9BL.jpg",851,3259.65,3.83
0007145373,"Books",341768,"The Blue Geranium: Complete &amp; Unabridged (The Agatha Christie collection: Marple)",10.54,"http://ecx.images-amazon.com/images/I/51S4PC143HL.jpg",142,528.95,3.73
0007145438,"Books",422907,"Wild Witchcraft: A Guide to Natural, Herbal and Earth Magic",13.79,"http://ecx.images-amazon.com/images/I/41XY9JGQCBL.jpg",612,2391.5,3.91
0007131658,"Books",8530536,"Zigby Hunts for Treasure (Ziggy &amp; friends)",422.21,"http://ecx.images-amazon.com/images/I/513XD2BSGEL.jpg",372,1380.37,3.71
0007145160,"Books",70212,"Light on the Yoga Sutras of Patanjali",1.99,"http://ecx.images-amazon.com/images/I/41cXArHlJRL.jpg",161,549.62,3.41
0007143818,"Books",3003095,"You Can Paint Flowers in Watercolour (Collins You Can Paint)",212.42,"http://ecx.images-amazon.com/images/I/511TYH4E3YL.jpg",118,522.57,4.43
0007143761,"Books",510153,"Ken Tyrell: The Authorised Biography",646.62,"http://ecx.images-amazon.com/images/I/4199VD1R4SL.jpg",439,1694.67,3.86
0007145012,"Books",6349277,"Collins Dictionary Statistics (Collins Dictionary of)",202.49,"http://ecx.images-amazon.com/images/I/51GB8D19TTL.jpg",330,1346.77,4.08
000714346X,"Books",2671561,"100 Shades of White",7.59,"http://ecx.images-amazon.com/images/I/41bOnTN76xL.jpg",179,569.8,3.18
0007145543,"Books",3239599,"Your Face Here: British Cult Movies Since the Sixties",653.69,"http://ecx.images-amazon.com/images/I/51YXS36VQYL.jpg",747,3594.46,4.81
0007143745,"Books",1061337,"The Saga of Darren Shan (Vampire Blood Trilogy)",8.99,"http://ecx.images-amazon.com/images/I/51ATnzX1pHL.jpg",320,1370.28,4.28
0007145411,"Books",231486,"Holistic Herbal    4th Edition: A Safe and Practical Guide to Making and Using Herbal Remedies",17.99,"http://ecx.images-amazon.com/images/I/51LN2bSh2YL.jpg",636,2854.69,4.49
0007146434,"Books",1541692,"The Chap Almanac: An Esoterick Yearbook for the Decadent Gentleman",494.21,"http://ecx.images-amazon.com/images/I/51NFQSRD37L.jpg",697,3089.68,4.43
0007145683,"Books",743787,"Chi Kung: Energy for Life: An Introduction to the art of cultivating your energy",497.99,"http://ecx.images-amazon.com/images/I/41AR5AJZB5L.jpg",569,2777.25,4.88
0007142285,"Books",2662129,"Why Buddhism?: Westerners in Search of Wisdom",209.58,"http://ecx.images-amazon.com/images/I/41BS4P49Z1L.jpg",531,2244.21,4.23
0007143885,"Books",6700306,"Your Personal Horoscope 2004: The Only One-Volume Horoscope You'll Ever Need",162.88,"http://ecx.images-amazon.com/images/I/51E86CW801L.jpg",255,944.27,3.7
0007145187,"Books",1321149,"Encyclopedia of Essential Oils: The complete guide to the use of aromatic oils in aromatherapy, herbalism, health and well-being.",9.99,"http://ecx.images-amazon.com/images/I/514VbmIUv5L.jpg",271,1241.52,4.58
0007139365,"Books",3322944,"Lost Summer",7.59,"http://ecx.images-amazon.com/images/I/41KRH7B2RCL.jpg",423,1741.95,4.12
0007141785,"Books",4031222,"The Hungry Tide",9.39,"http://ecx.images-amazon.com/images/I/51FOfkIiWUL.jpg",939,3800.12,4.05
000714573X,"Books",329857,"Big Mouth and Ugly Girl",8.09,"http://ecx.images-amazon.com/images/I/51xU8wEqOYL.jpg",620,2609.99,4.21
0007146841,"Books",272150,"How to Mind Map: The Thinking Tool That Will Change Your Life",10.06,"http://ecx.images-amazon.com/images/I/7155d9h4zEL.jpg",175,652.02,3.73
000713472X,"Books",2658424,"The Last Party: Britpop, Blair and the Demise of English Rock",15.2,"http://ecx.images-amazon.com/images/I/41PWY6QYPRL.jpg",473,1477.65,3.12
0007141521,"Books",3948545,"Quicksilver Zenith (Quicksilver Trilogy)",207.59,"http://ecx.images-amazon.com/images/I/31N07G0710L.jpg",117,400.06,3.42
0007142935,"Books",3252633,"Realm of the Ring Lords: The Ancient Legacy of the Ring and the Grail",330.23,"http://ecx.images-amazon.com/images/I/51M3TPYZ67L.jpg",614,2922.65,4.76
0007141750,"Books",3683489,"Falklands Commando",6.99,"http://ecx.images-amazon.com/images/I/51BKCFZE79L.jpg",534,1765.06,3.31
0007136552,"Books",2062563,"The Road Goes Ever on",6.29,"http://ecx.images-amazon.com/images/I/51KMB7QAN3L.jpg",885,4295.33,4.85
0007143753,"Books",1071763,"The Saga of Darren Shan (Vampire Rites Trilogy)",16.99,"http://ecx.images-amazon.com/images/I/51eG6hbP%2BWL.jpg",512,2327.26,4.55
0007147406,"Books",1941737,"Lose Wheat, Lose Weight: The New Allergy-free Diet Plan with 60 Easy Recipes",9.51,"http://ecx.images-amazon.com/images/I/41AW1JY925L.jpg",148,576.29,3.89
0007138059,"Books",172302,"The Good Gut Guide",7.59,"http://ecx.images-amazon.com/images/I/41xY43rOkSL.jpg",354,1141.26,3.22
0007146671,"Books",1669279,"Big Cat Diary: Leopard",11.84,"http://ecx.images-amazon.com/images/I/61EYK1ZEAsL.jpg",318,1081.45,3.4
0007146116,"Books",6290194,"Live the Dream",6.64,"http://ecx.images-amazon.com/images/I/41AQG50QD7L.jpg",739,3162.13,4.28
0007149395,"Books",7888313,"A Book of Lands and Peoples: v.2 (Vol 2)",183.91,"http://ecx.images-amazon.com/images/I/31F9AYXB32L.jpg",461,2103.5,4.56
0007149034,"Books",4502546,"Havana Best Friends",427.56,"http://ecx.images-amazon.com/images/I/41AX72NJPWL.jpg",552,1687.24,3.06
0007146620,"Books",3737542,"The Juicing Detox Diet: How to Use Natural Juices to Power Your Immune System and Get in Shape",11.01,"http://ecx.images-amazon.com/images/I/41651RS036L.jpg",529,2048.34,3.87
0007146663,"Books",1010065,"Big Cat Diary: Lion",11.84,"http://ecx.images-amazon.com/images/I/61FV7-SHLeL.jpg",861,4263.58,4.95
0007145381,"Books",2727241,"The Bloodstained Pavement: Complete &amp; Unabridged (The Agatha Christie Collection: Marple)",665.9,"http://ecx.images-amazon.com/images/I/515CYMKENYL.jpg",720,3379.04,4.69
0007140444,"Books",2488203,"Food Combining: In a Nutshell",9.89,"http://ecx.images-amazon.com/images/I/517TR0NF1ZL.jpg",157,681.72,4.34
0007136048,"Books",4194104,"Way of the I Ching (Thorsons Way of)",551.45,"http://ecx.images-amazon.com/images/I/411HWG81HYL.jpg",596,2317.19,3.89
0007147686,"Books",4630199,"Geology (Collins Dictionary of)",33.52,"http://ecx.images-amazon.com/images/I/41V94RR2RVL.jpg",562,1785.96,3.18
0007133855,"Books",2294106,"Illustrated Elements of Alexander Technique (The Illustrated Elements of...)",13.88,"http://ecx.images-amazon.com/images/I/41F31HD3H9L.jpg",727,2777.57,3.82
0007136129,"Books",4318771,"Illustrated Encyclopedia of Divination: A Practical Guide to the Systems that Can Reveal Your Destiny",491.03,"http://ecx.images-amazon.com/images/I/513Q2H47HYL.jpg",653,2915.18,4.46
0007147139,"Books",1146668,"Appreciating Whisky: The Connoisseur's Guide to Nosing, Tasting, and Enjoying Scotch",11.86,"http://ecx.images-amazon.com/images/I/41EGljeC1HL.jpg",631,2849.66,4.52
0007143001,"Books",1652868,"To Room Nineteen: v. 1: Collected Stories",20.47,"http://ecx.images-amazon.com/images/I/31EVCRJEM1L.jpg",731,3028.7,4.14
0007146299,"Books",2902188,"Painting the Great Outdoors in Watercolour",17.34,"http://ecx.images-amazon.com/images/I/512VKTQEPHL.jpg",584,2572.62,4.41
0007148089,"Books",326205,"Blood and Roses: One Family's Struggle and Triumph During the Tumultuous Wars of the Roses",5.98,"http://ecx.images-amazon.com/images/I/518p8d64F8L.jpg",762,2775.68,3.64
0007139489,"Books",3505752,"Aphrodite's Smile: A Mesmerising Novel of Passion and Suspense",597.9,"http://ecx.images-amazon.com/images/I/51NQ9cZFIcL.jpg",510,1697.96,3.33
0007150660,"Books",3541081,"Jem Sultan: The Adventures of a Captive Turkish Prince in Renaissance Europe",426.16,"http://ecx.images-amazon.com/images/I/41VGWM8PJBL.jpg",403,1663.48,4.13
0007139543,"Books",3907131,"Collins Tree Guide",424.77,"http://ecx.images-amazon.com/images/I/41QFQN8MTXL.jpg",849,3921.98,4.62
0007150431,"Books",2036794,"Age of Consent: A Manifesto for a New World Order",8.89,"http://ecx.images-amazon.com/images/I/41WxBOqVE1L.jpg",648,2374.88,3.66
0007145705,"Books",747812,"The Practical Dog Listener: The 30-day Path to a Lifelong Understanding of Your Dog",6.64,"http://ecx.images-amazon.com/images/I/51pRm8r191L.jpg",219,725.42,3.31
0007148224,"Books",4775590,"Home: The Story of Everyone Who Ever Lived in Our House",465.54,"http://ecx.images-amazon.com/images/I/414FA0CNZ1L.jpg",269,1105.32,4.11
0007146639,"Books",3749936,"The Little Book of Flirting: Seven Days to Being a Great Flirt",21.79,"http://ecx.images-amazon.com/images/I/51XQER29P1L.jpg",721,3496.05,4.85
0007137699,"Books",1465877,"Unless",12.56,"http://ecx.images-amazon.com/images/I/51seuk4RCjL.jpg",678,2232.82,3.29
0007137222,"Books",2726987,"Jane's Warships Recognition Guide",18.84,"http://ecx.images-amazon.com/images/I/5180VW7W6FL.jpg",250,980.02,3.92
0007153716,"Books",4416373,"Friends for Life: The Heart-warming Life Story of One Underdog Who Came Out on Top",182.03,"http://ecx.images-amazon.com/images/I/41cqXig7CUL.jpg",742,3574.46,4.82
0007153554,"Books",1500325,"Collins Learn to Paint Watercolour with the Experts",493.62,"http://ecx.images-amazon.com/images/I/519ed7pWs%2BL.jpg",572,2065.31,3.61
0007152647,"Books",1237584,"Gemini",8.99,"http://ecx.images-amazon.com/images/I/419J5DEVHJL.jpg",308,1470.11,4.77
0007150342,"Books",519900,"How to Catch a Star",10.99,"http://ecx.images-amazon.com/images/I/A1XW%2BBLW07L.jpg",110,544.14,4.95
0007147430,"Books",3150708,"Sex Fantasies by Women for Women",194.23,"http://ecx.images-amazon.com/images/I/415IXm0zM6L.jpg",412,1869.79,4.54
0007143974,"Books",5271944,"Your Chinese Horoscope 2004: What the Year of the Monkey Holds in Store for You",416.18,"http://ecx.images-amazon.com/images/I/51V7YFHGKJL.jpg",495,2096.77,4.24
000715366X,"Books",4340116,"Massage in a Box: The Healing Art of Massage and Acupressure",14.19,"http://ecx.images-amazon.com/images/I/41D04JGWYEL.jpg",494,1758.13,3.56
0007131895,"Books",143484,"The Victorian House: Domestic Life from Childbirth to Deathbed",13.66,"http://ecx.images-amazon.com/images/I/813jf9gq1JL.jpg",320,1355.61,4.24
0007153996,"Books",2923185,"Stand and Deliver!: And Other Brilliant Ways to Give Birth",529.03,"http://ecx.images-amazon.com/images/I/41YVBKA9PCL.jpg",482,1902.15,3.95
0007153988,"Books",1940389,"Double Trouble: Twins and How to Survive Them",15.41,"http://ecx.images-amazon.com/images/I/41HCBndw1sL.jpg",606,2287.39,3.77
0007143443,"Books",2600394,"Moonshine",428.2,"http://ecx.images-amazon.com/images/I/51RD2VZN04L.jpg",652,2753.06,4.22
0007147422,"Books",4012055,"Carb Curfew: Cut the Carbs After 5pm and Lose Fat Fast!",7.59,"http://ecx.images-amazon.com/images/I/416ANX2WQML.jpg",888,3824.93,4.31
0007149468,"Books",4425319,"Encyclopedie",537.65,"http://ecx.images-amazon.com/images/I/41ZC64W8PXL.jpg",715,2871.94,4.02
000714668X,"Books",9490996,"Collins Handy DIY: A Complete A to Z Guide",790.65,"http://ecx.images-amazon.com/images/I/51MJGWY2T5L.jpg",502,2052.68,4.09
0007134495,"Books",1034772,"Parzival and the Stone From Heaven: A Grail Romance Retold For Our Time",12.45,"http://ecx.images-amazon.com/images/I/51CKV3K6S1L.jpg",957,3433.16,3.59
0007150911,"Books",1360262,"Are You Psychic?: Contacting Your Spirit and Animal Guides",463.2,"http://ecx.images-amazon.com/images/I/51APPGF1DEL.jpg",736,2524.44,3.43
0007150253,"Books",712944,"Joseph Knight",13.31,"http://ecx.images-amazon.com/images/I/51n9LHyxD4L.jpg",631,2418.55,3.83
0007149174,"Books",408719,"History of Middle-Earth: Pt. 3",7.04,"http://ecx.images-amazon.com/images/I/71%2BRSZ-G7IL.jpg",543,2679.26,4.93
0007151225,"Books",583877,"Coaching with NLP: How to be a Master Coach",22.46,"http://ecx.images-amazon.com/images/I/81azOjv2fAL.jpg",280,987.5,3.53
0007151241,"Books",2159573,"The Family Way",2.99,"http://ecx.images-amazon.com/images/I/7181nOclt2L.jpg",405,1981.2,4.89
0007148747,"Books",2714816,"You Look Awfully Like the Queen: Wit and Wisdom from the House of Windsor",7.59,"http://ecx.images-amazon.com/images/I/41D8YJ3FXGL.jpg",797,3545.65,4.45
0007148976,"Books",3106377,"The Witch of Blackbird Pond (Collins Modern Classics)",4.0,"http://ecx.images-amazon.com/images/I/41QXZNRGYRL.jpg",760,2626.98,3.46
0007145896,"Books",536525,"Bread and Chocolate",8.8,"http://ecx.images-amazon.com/images/I/51u9kqcDp8L.jpg",302,1092.14,3.62
000715173X,"Books",2517858,"Hornby: The Official Illustrated History",762.6,"http://ecx.images-amazon.com/images/I/51YoSNWqXAL.jpg",744,2790.46,3.75
0007154100,"Books",2584174,"The Family on Paradise Pier",7.59,"http://ecx.images-amazon.com/images/I/51mVtpEwY2L.jpg",843,3792.82,4.5
0007145918,"Books",1780057,"Natural Healing for Women: Caring for Yourself with Herbs, Homeopathy and Essential Oils",151.92,"http://ecx.images-amazon.com/images/I/416G8HD067L.jpg",717,2226.51,3.11
0007149689,"Books",2223693,"Goodbye Mog",8.8,"http://ecx.images-amazon.com/images/I/41RDFRX7Q0L.jpg",241,1051.21,4.36
0007152817,"Books",1111904,"The Grandmothers",10.8,"http://ecx.images-amazon.com/images/I/5151y6rkbXL.jpg",857,2706.29,3.16
0007155034,"Books",3351215,"Shattered: Life with M.E.",420.35,"http://ecx.images-amazon.com/images/I/41YEGF6BPRL.jpg",742,2584.65,3.48
000715514X,"Books",862612,"Percy's Bumpy Ride (Tales From Percy's Park)",9.9,"http://ecx.images-amazon.com/images/I/51Au5gq0B-L.jpg",287,1128.52,3.93
0007155689,"Books",483262,"The City Gardener",146.89,"http://ecx.images-amazon.com/images/I/511THZSJMYL.jpg",738,3089.92,4.19
0007156073,"Books",1066565,"The 30-Minute-A-Day Body Challenge",345.75,"http://ecx.images-amazon.com/images/I/713sksg0q5L.jpg",125,548.47,4.39
0007137788,"Books",4187725,"The Dungeon",6.29,"http://ecx.images-amazon.com/images/I/41B2SREN3HL.jpg",523,1972.69,3.77
0007151047,"Books",2772262,"Friendly Fire",63.37,"http://ecx.images-amazon.com/images/I/51PGiQOB0fL.jpg",185,697.86,3.77
0007152531,"Books",5040199,"The Solace of Leaving Early",9.99,"http://ecx.images-amazon.com/images/I/41VHE8J6P9L.jpg",750,2801.07,3.73
0007142951,"Books",145257,"Lost Secrets of the Sacred Ark: Amazing Revelations of the Incredible Power of Gold",14.16,"http://ecx.images-amazon.com/images/I/51M63DKD55L.jpg",131,470.9,3.59
0007153937,"Books",3810933,"Evening in the Palace of Reason: Bach Meets Frederick the Great in the Age of Enlightenment",9.71,"http://ecx.images-amazon.com/images/I/51F7YfmVLtL.jpg",818,4004.71,4.9
0007149832,"Books",20776,"The Yiddish Policemen's Union: A Novel (P.S.)",10.23,"http://ecx.images-amazon.com/images/I/51bho2K3nVL.jpg",937,3370.6,3.6
0007155387,"Books",334163,"Side Effects",7.59,"http://ecx.images-amazon.com/images/I/616YVk29axL.jpg",532,1711.02,3.22
0007155263,"Books",211858,"The Journey for Kids: Liberating Your Child's Shining Potential",10.66,"http://ecx.images-amazon.com/images/I/41AE81K41CL.jpg",403,1409.97,3.5
0007145462,"Books",1730846,"Aborigine Dreaming: An Introduction to the Wisdom and Magic of the Aboriginal Traditions",16.11,"http://ecx.images-amazon.com/images/I/51KYRW1TGJL.jpg",447,1660.9,3.72
0007152566,"Books",1481073,"The Return from Troy",718.25,"http://ecx.images-amazon.com/images/I/51QAWts8xJL.jpg",307,1305.45,4.25
0007146736,"Books",1843832,"Mr. Starlight",729.01,"http://ecx.images-amazon.com/images/I/51QVD06WJCL.jpg",288,1193.79,4.15
0007129955,"Books",4365651,"Tales of the Rose Tree",688.4,"http://ecx.images-amazon.com/images/I/51PN90WWVEL.jpg",145,523.89,3.61
0007154518,"Books",2743102,"Gift",686.27,"http://ecx.images-amazon.com/images/I/51u-oqaUcwL.jpg",415,1390.93,3.35
0007156588,"Books",441278,"Evening in the Palace of Reason",9.71,"http://ecx.images-amazon.com/images/I/51XBMB5C3NL.jpg",471,2211.04,4.69
0007156804,"Books",1562760,"Duck's Day out",388.52,"http://ecx.images-amazon.com/images/I/61308Y2282L.jpg",901,4473.9,4.97
0007155018,"Books",1274061,"The Changeover (Collins Modern Classics)",8.99,"http://ecx.images-amazon.com/images/I/41VXVK73BTL.jpg",718,2252.37,3.14
0007157797,"Books",3900050,"Good as Her Word: Selected Journalism",753.78,"http://ecx.images-amazon.com/images/I/41GZC01CTPL.jpg",375,1748.34,4.66
000714685X,"Books",1502709,"The Dalai Lama's Book of Awakening",7.59,"http://ecx.images-amazon.com/images/I/517315ART8L.jpg",434,1942.48,4.48
0007155417,"Books",1711931,"Moondust: In Search of the Men Who Fell to Earth",4.0,"http://ecx.images-amazon.com/images/I/51bYf5IWF9L.jpg",582,1762.98,3.03
0007149824,"Books",327464,"The Yiddish Policemen's Union",10.23,"http://ecx.images-amazon.com/images/I/51ns68bLe1L.jpg",212,654.67,3.09
0007151691,"Books",3247776,"Dragonflies (Collins New Naturalist)",29.99,"http://ecx.images-amazon.com/images/I/51P9bFcKg6L.jpg",282,1051.4,3.73
0007156189,"Books",2993970,"Flower Painting Through the Seasons",20.13,"http://ecx.images-amazon.com/images/I/51ORSImokZL.jpg",871,3622.88,4.16
0007159013,"Books",1218298,"Where Have All the Boys Gone?",13.49,"http://ecx.images-amazon.com/images/I/41rlyDIMbML.jpg",684,2725.48,3.98
0007157738,"Books",4569261,"The Gift: A Novel",94.11,"http://ecx.images-amazon.com/images/I/51yhrp3n-DL.jpg",687,2447.17,3.56
000715741X,"Books",631398,"The Face Lift Massage",10.67,"http://ecx.images-amazon.com/images/I/51ll0ZFW9bL.jpg",663,2224.9,3.36
000715772X,"Books",3428913,"Painting with David Shepherd",163.95,"http://ecx.images-amazon.com/images/I/51RWHAXDAFL.jpg",196,675.08,3.44
0007149654,"Books",12359943,"Alchemy",7.99,"http://ecx.images-amazon.com/images/I/4133D5S9ZJL.jpg",280,1267.44,4.53
0007156634,"Books",301088,"The Speckled People: A Memoir of a Half-Irish Childhood",8.89,"http://ecx.images-amazon.com/images/I/41Zp3Z7LU8L.jpg",994,4387.36,4.41
0007156618,"Books",90918,"Evening in the Palace of Reason: Bach Meets Frederick the Great in the Age of Enlightenment",9.71,"http://ecx.images-amazon.com/images/I/51L2F8PE7hL.jpg",795,2470.5,3.11
0007155182,"Books",970092,"The Secret Path (Tales From Percy's Park)",10.75,"http://ecx.images-amazon.com/images/I/51fmbxy4p0L.jpg",647,2186.56,3.38
0007155670,"Books",2616571,"Hannah's Gift: Lessons from a Life Fully Lived",5.69,"http://ecx.images-amazon.com/images/I/419tT4MBZ9L.jpg",765,2565.23,3.35
0007147201,"Books",929199,"William Pitt the Younger: A Biography",16.14,"http://ecx.images-amazon.com/images/I/71TLTGM8oYL.jpg",734,2877.29,3.92
0007154526,"Books",5731582,"The Big Book of Wheat-Free Cooking: Includes Gluten-Free, Dairy-Free, and Reduced Fat Recipes",15.29,"http://ecx.images-amazon.com/images/I/514NGBR69GL.jpg",673,2858.41,4.25
0007156960,"Books",8742321,"Kandahar Cockney: A Tale of Two Worlds",276.53,"http://ecx.images-amazon.com/images/I/414ARG0G6AL.jpg",418,1790.74,4.28
0007157959,"Books",2756114,"Glory Boys",11.98,"http://ecx.images-amazon.com/images/I/4111P44Z9VL.jpg",795,3963.35,4.99
000714587X,"Books",2474913,"The Goddess Oracle: A Way to Wholeness Through Goddess and Ritual",26.1,"http://ecx.images-amazon.com/images/I/51XR07780VL.jpg",530,2607.17,4.92
0007154607,"Books",3959733,"Colors Insulting to Nature: A Novel",8.0,"http://ecx.images-amazon.com/images/I/51KC8oT%2BXmL.jpg",516,2425.68,4.7
0007156995,"Books",3038801,"The Hobbit: WITH Roverandom AND Tales from the Perilous Realm",9.47,"http://ecx.images-amazon.com/images/I/31YX9NN11HL.jpg",224,940.93,4.2
0007155395,"Books",1241601,"Going Sane: Maps of Happiness",8.89,"http://ecx.images-amazon.com/images/I/31MSB09XFDL.jpg",993,3665.41,3.69
0007114893,"Books",7068205,"Malory: The Life and Times of King Arthur's Chronicler",259.52,"http://ecx.images-amazon.com/images/I/51P0JRS78RL.jpg",342,1545.09,4.52
0007160011,"Books",2336010,"Head First!: 10 Ways to Tap into Your Natural Genius",482.47,"http://ecx.images-amazon.com/images/I/51XJW51J3JL.jpg",887,3576.8,4.03
000715500X,"Books",5684159,"Mind Maps at Work: How to be the Best at Work and Still Have Time to Play",10.67,"http://ecx.images-amazon.com/images/I/91xbSEBsMLL.jpg",581,1865.74,3.21
0007160631,"Books",3199730,"Everything Happens for a Reason",11.72,"http://ecx.images-amazon.com/images/I/21R8T356XZL.jpg",411,1478.41,3.6
000716114X,"Books",2915608,"Prophecy of the Gems",142.29,"http://ecx.images-amazon.com/images/I/21CEY2TX7SL.jpg",679,3358.98,4.95
0007114370,"Books",1644496,"Paulo Coelho: Confessions of a Pilgrim",8.69,"http://ecx.images-amazon.com/images/I/41GEM0C4RFL.jpg",900,4262.79,4.74
0007155093,"Books",1866491,"The Essential Spike Milligan",10.3,"http://ecx.images-amazon.com/images/I/41Y0J1E5AHL.jpg",359,1784.7,4.97
0007156650,"Books",1688004,"The Rebirth of Druidry: Ancient Earth Wisdom for Today",13.32,"http://ecx.images-amazon.com/images/I/51G9APGGYVL.jpg",334,1007.72,3.02
0007156545,"Books",1447320,"Ring Road",7.59,"http://ecx.images-amazon.com/images/I/51YKGHRH24L.jpg",454,1365.82,3.01
0007161263,"Books",405367,"A Sense of the World: How a Blind Man Became History's Greatest Traveler",9.78,"http://ecx.images-amazon.com/images/I/51KmgVV%2B12L.jpg",239,1099.91,4.6
0007154615,"Books",1638980,"Unless: A Novel",8.89,"http://ecx.images-amazon.com/images/I/51ftQbNtDkL.jpg",310,951.46,3.07
0007146914,"Books",1208378,"Dave Pelzer's Life Lessons: From a Man Who Knows",9.65,"http://ecx.images-amazon.com/images/I/41ZTN73DWXL.jpg",928,3336.55,3.6
0007149158,"Books",953206,"History of Middle-Earth: Pt. 1",6.29,"http://ecx.images-amazon.com/images/I/71YX9XzSm1L.jpg",955,4529.37,4.74
0007161492,"Books",3314451,"Empowering Your Soul Through Meditation",9.99,"http://ecx.images-amazon.com/images/I/41B3QNY6ZKL.jpg",787,2480.8,3.15
0007156871,"Books",8133897,"Tommy Walsh Outdoor DIY",16.33,"http://ecx.images-amazon.com/images/I/5117785THZL.jpg",157,498.33,3.17
000715612X,"Books",2836757,"Man About Town: A Novel",9.78,"http://ecx.images-amazon.com/images/I/4101Tfu0inL.jpg",812,3955.2,4.87
0007149166,"Books",408403,"History of Middle-Earth: Pt. 2",7.04,"http://ecx.images-amazon.com/images/I/71XHRrnDWEL.jpg",872,2976.65,3.41
0007155166,"Books",882949,"The Rescue Party (Tales From Percy's Park)",8.81,"http://ecx.images-amazon.com/images/I/61BCOwxTAmL.jpg",469,1748.63,3.73
0007158505,"Books",1026982,"The Sneetches and Other Stories: Yellow Back Book (Dr Seuss - Yellow Back Book) (Dr. Seuss: Yellow Back Books)",3.99,"http://ecx.images-amazon.com/images/I/71Ye1n65hFL.jpg",398,1332.97,3.35
0007154496,"Books",584668,"Yoga Beats Asthma: Simple Exercises and Breathing Techniques to Relieve Asthma and Other Respiratory Disorders",13.46,"http://ecx.images-amazon.com/images/I/51GMYYB11RL.jpg",608,2868.21,4.72
0007161484,"Books",1142930,"An ABC of Enlightenment: A Spiritual Dictionary for the Here and Now",28.16,"http://ecx.images-amazon.com/images/I/51BARJD4CRL.jpg",914,3391.65,3.71
000715626X,"Books",3360894,"Rebels and Redcoats: The American Revolutionary War",8.89,"http://ecx.images-amazon.com/images/I/511PYSwPBjL.jpg",123,601.51,4.89
0007150636,"Books",8629679,"Phil Bennett: The Autobiography",711.45,"http://ecx.images-amazon.com/images/I/51KV0CXC6AL.jpg",662,2185.52,3.3
0007159862,"Books",475405,"Coral Reef Guide Red Sea",35.46,"http://ecx.images-amazon.com/images/I/51FmtFOjdUL.jpg",701,2651.57,3.78
0007149425,"Books",444197,"Hardcore Troubadour: The Life and Near Death of Steve Earle",13.06,"http://ecx.images-amazon.com/images/I/41p0JzOJahL.jpg",737,3533.13,4.79
0007161328,"Books",1249196,"The Lucky Ones",12.25,"http://ecx.images-amazon.com/images/I/61xDm4uI%2BdL.jpg",327,1138.83,3.48
0007162863,"Books",2332957,"A Dog's Best Friend: The Secrets That Make Good Dog Owners Great",31.95,"http://ecx.images-amazon.com/images/I/51M55C5QBGL.jpg",970,3253.42,3.35
0007161778,"Books",1039720,"The Secret History of the South Sea Bubble: The World's First Great Financial Scandal",13.49,"http://ecx.images-amazon.com/images/I/51QzZo04Z2L.jpg",447,1649.09,3.69
0007163053,"Books",3014985,"Seven Wonders of the Industrial World",10.67,"http://ecx.images-amazon.com/images/I/512tHo3wk8L.jpg",981,3198.63,3.26
0007163231,"Books",3535592,"The Ghost Whisperer: A Real-life Psychic's Stories",421.79,"http://ecx.images-amazon.com/images/I/41TP53CXFAL.jpg",631,2054.21,3.26
0007163703,"Books",2503826,"Airfix: Celebrating 50 Years of the World's Greates Plastic Kits (Airfix Products)",9.99,"http://ecx.images-amazon.com/images/I/51gyqvXStZL.jpg",887,2690.31,3.03
0007161360,"Books",731919,"Is Anybody There?: Seeing is believing (Diary Series)",7.99,"http://ecx.images-amazon.com/images/I/516N7J9CljL.jpg",453,1705.78,3.77
0007163916,"Books",6171169,"The Duffer's Guide to Watercolour Landscapes",611.96,"http://ecx.images-amazon.com/images/I/51S53YW3FML.jpg",749,3053.02,4.08
000716307X,"Books",1393845,"Dreams of Iron and Steel: Seven Wonders of the Modern Age, from the Building of the London Sewers to the Panama Canal",13.6,"http://ecx.images-amazon.com/images/I/41pdho4ayRL.jpg",427,1624.54,3.8
0007157169,"Books",618322,"Perelandra (Cosmic Trilogy)",7.59,"http://ecx.images-amazon.com/images/I/81k-cMW8xFL.jpg",798,2893.67,3.63
0007163665,"Books",2979350,"Politics: A Novel",7.59,"http://ecx.images-amazon.com/images/I/61qBNiOp1dL.jpg",464,2051.1,4.42
0007155441,"Books",4239451,"The Way of Egyptian Wisdom",733.48,"http://ecx.images-amazon.com/images/I/41AZEE3121L.jpg",579,2272.64,3.93
0007163584,"Books",971672,"365 Nirvana Here and Now: Living Every Moment in Enlightenment",14.93,"http://ecx.images-amazon.com/images/I/41J6W97GKZL.jpg",673,2102.21,3.12
0007163851,"Books",10507219,"The Insomniac's Best Friend: How to Get a Better Night's Sleep",786.57,"http://ecx.images-amazon.com/images/I/31V13BEF4GL.jpg",516,1760.52,3.41
0007157932,"Books",2521252,"The Sons of Adam",0.99,"http://ecx.images-amazon.com/images/I/51%2BF9jFu3qL.jpg",856,2717.64,3.17
0007160054,"Books",2814057,"Floyd's India",10.67,"http://ecx.images-amazon.com/images/I/51XYS92CWXL.jpg",302,947.23,3.14
0007164653,"Books",76086,"The Element Encyclopedia of 5000 Spells: The Ultimate Reference Book for the Magical Arts",22.78,"http://ecx.images-amazon.com/images/I/511xRmtwHXL.jpg",390,1370.05,3.51
0007163169,"Books",2534486,"What Happy People Know: You're Only 6 Steps Away from Happiness",14.28,"http://ecx.images-amazon.com/images/I/41A8K6T8CAL.jpg",738,3256.75,4.41
0007163908,"Books",3868923,"Watercolour Troubleshooter: Practical Solutions to Common Painting Problems",696.85,"http://ecx.images-amazon.com/images/I/51EP9ZBC5KL.jpg",320,1263.51,3.95
0007156200,"Books",8338966,"Secret Meeting (Diary Series)",5.69,"http://ecx.images-amazon.com/images/I/51fyLvcbV4L.jpg",106,430.85,4.06
0007164009,"Books",2620545,"Chocolate Busters: The Easy Way to Kick It!",8.89,"http://ecx.images-amazon.com/images/I/41bJGf-98YL.jpg",371,1191.32,3.21
0007159021,"Books",8734098,"Babycalming: Simple Solutions for a Happy Baby",268.12,"http://ecx.images-amazon.com/images/I/418YGVS4EML.jpg",400,1572.74,3.93
0007161786,"Books",1339714,"The King, the Crook, and the Gambler: The True Story of the South Sea Bubble and the Greatest Financial Scandal in History",13.49,"http://ecx.images-amazon.com/images/I/517HAJDKVML.jpg",770,2363.34,3.07
0007156944,"Books",779984,"A Cuppa Tea and an Aspirin",649.76,"http://ecx.images-amazon.com/images/I/51piyoI%2Bc-L.jpg",305,1298.66,4.26
0007164971,"Books",1355362,"Third Girl: Complete &amp; Unabridged",54.47,"http://ecx.images-amazon.com/images/I/71EvKjmTesL.jpg",488,1818.51,3.73
0007165307,"Books",3343649,"Scotland the Best",18.93,"http://ecx.images-amazon.com/images/I/51BN2YEQESL.jpg",940,2933.93,3.12
0007163061,"Books",489877,"Dreams of Iron and Steel: Seven Wonders of the Nineteenth Century, from the Building of the London Sewers to the Panama Canal",13.6,"http://ecx.images-amazon.com/images/I/51ZChQS8G6L.jpg",850,2557.41,3.01
000716386X,"Books",3539127,"Celtic Moon Signs: How the Mystical Power of the Druid Zodiac Can Transform Your Life",229.84,"http://ecx.images-amazon.com/images/I/51R6JFTN3DL.jpg",257,1047.67,4.08
0007163223,"Books",1197281,"The Real Witches' Garden: Spells,Herbs, Plants and Magical Spaces Outdoors",13.32,"http://ecx.images-amazon.com/images/I/51NhsXDTBuL.jpg",938,3960.48,4.22
0007164793,"Books",825445,"At Bertram's Hotel: Complete &amp; Unabridged",10.42,"http://ecx.images-amazon.com/images/I/710FyqjaXuL.jpg",392,1556.85,3.97
000716372X,"Books",287053,"Willing Slaves: How the Overwork Culture is Ruling Our Lives",398.08,"http://ecx.images-amazon.com/images/I/51-huEVb64L.jpg",932,2941.39,3.16
0007166672,"Books",2875671,"The Psalms: The Grail Translation. Inclusive Language Edition",13.79,"http://ecx.images-amazon.com/images/I/31W9YGEDM3L.jpg",138,607.96,4.41
000716212X,"Books",2158443,"The Road to McCarthy: Around the World in Search of Ireland",8.89,"http://ecx.images-amazon.com/images/I/41S16C4HEDL.jpg",257,788.41,3.07
0007166435,"Books",1032188,"The Mantra Book: Chant Your Way to Health, Wealth and Serenity",13.04,"http://ecx.images-amazon.com/images/I/51TJGC8W71L.jpg",230,824.88,3.59
0007164866,"Books",2214856,"Manifesto: The Internal Revolution",14.36,"http://ecx.images-amazon.com/images/I/51ZDK4DT7SL.jpg",341,1468.66,4.31
0007154623,"Books",2126570,"Moral Hazard: A Novel",698.86,"http://ecx.images-amazon.com/images/I/412m8axsYJL.jpg",250,1008.68,4.03
0007165854,"Books",1453046,"A Christmas Wish (Lettice)",3.36,"http://ecx.images-amazon.com/images/I/514o4EC8LDL.jpg",246,1198.58,4.87
0007166079,"Books",1225363,"Brain Child: How Smart Parents Make Smart Kids",13.05,"http://ecx.images-amazon.com/images/I/412WXWF9BNL.jpg",459,2074.08,4.52
0007166427,"Books",1554958,"Dear Echo: Answers to Your Questions about Ghosts, Hauntings, and Things That Go Bump in the Night",12.46,"http://ecx.images-amazon.com/images/I/51MKG3ZW8GL.jpg",363,1270.94,3.5
0007156642,"Books",1077361,"The Real Trial of Oscar Wilde: The First Uncensored Transcript of The Trial of Oscar Wilde vs. John Douglas (Marquess of Queensberry), 1895",12.58,"http://ecx.images-amazon.com/images/I/51kn7-WiabL.jpg",891,3792.23,4.26
0007156081,"Books",2239188,"The Gerson Therapy: The Amazing Juicing Programme for Cancer and Other Illnesses",49.99,"http://ecx.images-amazon.com/images/I/41GE48DA2HL.jpg",896,2742.07,3.06
0007162219,"Books",27138,"Big Bang: The Origin of the Universe (P.S.)",22.51,"http://ecx.images-amazon.com/images/I/41e-Yg39ThL.jpg",746,3363.53,4.51
0007163835,"Books",398770,"The New Art of Sexual Ecstasy: Following the Path of Sacred Sexuality",15.07,"http://ecx.images-amazon.com/images/I/41WQA9BY48L.jpg",184,864.8,4.7
000716369X,"Books",3364216,"Ray Mears' World of Survival: As Seen on TV",27.19,"http://ecx.images-amazon.com/images/I/41YRFDR4EDL.jpg",489,1903.03,3.89
0007158041,"Books",3769659,"Shopped: The Shocking Power of British Supermarkets",417.92,"http://ecx.images-amazon.com/images/I/51H3sStpnqL.jpg",687,3213.06,4.68
0007163541,"Books",2936775,"The Bride Stripped Bare",9.78,"http://ecx.images-amazon.com/images/I/41l5329qWFL.jpg",729,3559.47,4.88
0007157339,"Books",1755813,"David Beckham: My Side",10.67,"http://ecx.images-amazon.com/images/I/71DX6nSoeOL.jpg",553,1716.74,3.1
0007165048,"Books",4027021,"The Language of Stones",392.2,"http://ecx.images-amazon.com/images/I/51K0E7VD0RL.jpg",147,449.84,3.06
000716968X,"Books",462644,"The Juice Master's Ultimate Fast Food: Discover the Power of Raw Juice",11.77,"http://ecx.images-amazon.com/images/I/51W9YHWQB0L.jpg",703,2348.42,3.34
0007166699,"Books",2428508,"Church Cats",267.65,"http://ecx.images-amazon.com/images/I/61Zh9RRrzoL.jpg",615,2038.59,3.31
0007165021,"Books",9592778,"The Perfect Sinner",9.69,"http://ecx.images-amazon.com/images/I/517W2QDFK6L.jpg",115,375.75,3.27
0007163843,"Books",984840,"How Not to be a Perfect Mother: The International Bestseller",594.27,"http://ecx.images-amazon.com/images/I/51PEb20Ng9L.jpg",589,2341.65,3.98
0007169574,"Books",1220561,"Halliwell's Who's Who in the Movies: The Only Film Guide That Matters",25.62,"http://ecx.images-amazon.com/images/I/51CLLJmdCoL.jpg",410,1358.69,3.31
0007160003,"Books",1327561,"Transforming the Mind: Teachings on Generating Compassion",14.66,"http://ecx.images-amazon.com/images/I/51P8B9MHT2L.jpg",751,2900.98,3.86
0007163894,"Books",1302890,"David Bellamy's Watercolour Landscape Course",20.35,"http://ecx.images-amazon.com/images/I/51Owic1eP4L.jpg",339,1579.43,4.66
0007163649,"Books",953674,"Eating the Sun: How Plants Power the Planet",4.32,"http://ecx.images-amazon.com/images/I/51PNj7uxCrL.jpg",913,3017.96,3.31
0007147295,"Books",722080,"The Queen's Fool",12.38,"http://ecx.images-amazon.com/images/I/71J7PqRM6DL.jpg",677,2414.84,3.57
0007157177,"Books",1894006,"That Hideous Strength",7.59,"http://ecx.images-amazon.com/images/I/71vWzrTqPBL.jpg",124,592.08,4.77
0007171161,"Books",1859119,"Complete Parker Pyne, Private Eye",735.78,"http://ecx.images-amazon.com/images/I/41FQR45EG4L.jpg",918,3586.98,3.91
0007158084,"Books",5062386,"The Woven Path (Tales from the Wyrd Museum)",1.99,"http://ecx.images-amazon.com/images/I/41FP1AZA0GL.jpg",972,3587.66,3.69
0007170602,"Books",163116,"The Last Playboy: The High Life of Porfirio Rubirosa",10.72,"http://ecx.images-amazon.com/images/I/41EMdTEXDpL.jpg",351,1483.33,4.23
0007163932,"Books",2415584,"The Highly Sensitive Child: Helping Our Children Thrive When the World Overwhelms Them",9.39,"http://ecx.images-amazon.com/images/I/41iqxWZgReL.jpg",583,2146.97,3.68
000716565X,"Books",2244223,"The I Ching Plain and Simple: A Guide to Working with the Oracle of Change",14.46,"http://ecx.images-amazon.com/images/I/413ETBFKA7L.jpg",275,969.5,3.53
0007172230,"Books",4253875,"Collins Atlas of the Night Sky",19.79,"http://ecx.images-amazon.com/images/I/61G465729EL.jpg",723,2921.56,4.04
0007169914,"Books",1303008,"Mr. Brown Can Moo! Can You?: Blue Back Book (Dr Seuss - Blue Back Book) (Dr. Seuss Blue Back Books)",2.62,"http://ecx.images-amazon.com/images/I/719zQxXO4uL.jpg",835,3112.03,3.73
0007171285,"Books",496450,"Mog and the V.E.T. (Mog the Cat Books)",17.38,"http://ecx.images-amazon.com/images/I/41k%2B3bV-PNL.jpg",288,998.64,3.47
0007171382,"Books",4204695,"Mortification: Writers' Stories of Their Public Shame",7.59,"http://ecx.images-amazon.com/images/I/4141NRZ72SL.jpg",465,1933.88,4.16
0007170343,"Books",1705311,"Landscapes in Oils (Collins Learn to Paint Series)",12.02,"http://ecx.images-amazon.com/images/I/51OOGFk4C-L.jpg",843,3897.17,4.62
0007166796,"Books",1635802,"The Big Little Book of Tarot: The Only Book You'll Ever Need",16.63,"http://ecx.images-amazon.com/images/I/51BT6XJ9FDL.jpg",902,2975.51,3.3
0007167040,"Books",1255218,"Seabiscuit: The True Story of Three Men and a Racehorse",8.59,"http://ecx.images-amazon.com/images/I/51QFYAFWBNL.jpg",209,674.27,3.23
0007171331,"Books",290134,"Mog in the Dark",8.99,"http://ecx.images-amazon.com/images/I/51WWRUosD8L.jpg",220,1081.84,4.92
0007166419,"Books",524549,"Anna and Mister God",6.29,"http://ecx.images-amazon.com/images/I/41JH85JYSTL.jpg",768,2940.11,3.83
0007172982,"Books",5851427,"Photographic Atlas of Sussex (Getmapping)",29.99,"http://ecx.images-amazon.com/images/I/51VN42EE8HL.jpg",983,3977.24,4.05
0007157398,"Books",1459333,"The Impartial Recorder: A Novel",5.6,"http://ecx.images-amazon.com/images/I/51u5K09p%2BzL.jpg",329,1317.12,4.0
000716467X,"Books",2987736,"Emotional Rollercoaster",8.89,"http://ecx.images-amazon.com/images/I/51MYfm-k8KL.jpg",671,2238.97,3.34
0007155468,"Books",1562666,"NLP Made Easy, New Edition",6.99,"http://ecx.images-amazon.com/images/I/41AFSVGRCAL.jpg",221,666.43,3.02
0007165714,"Books",6302105,"The Artist's Problem Solver",64.45,"http://ecx.images-amazon.com/images/I/51822N603JL.jpg",190,921.41,4.85
0007165641,"Books",985765,"Sun Sign, Moon Sign, 2nd Edition: Discover the Personality Secrets of the 144 Sun-Moon Combinations",8.9,"http://ecx.images-amazon.com/images/I/517AWBJ71EL.jpg",140,550.59,3.93
0007163681,"Books",5712816,"Jane's Submarines: War Beneath the Waves from 1776 to the Present Day",88.75,"http://ecx.images-amazon.com/images/I/51KZ2MNMDPL.jpg",751,2352.35,3.13
0007171684,"Books",3787772,"Ella Enchanted",1.99,"http://ecx.images-amazon.com/images/I/51gslUcPAGL.jpg",872,4283.21,4.91
0007170580,"Books",1806584,"Mortification: Writers' Stories of Their Public Shame",566.36,"http://ecx.images-amazon.com/images/I/51I0aOFklML.jpg",521,2157.28,4.14
0007173172,"Books",2548207,"The Dalai Lama's Little Book of Wisdom",398.81,"http://ecx.images-amazon.com/images/I/41932NA9VKL.jpg",399,1529.26,3.83
0007166753,"Books",3572135,"Republic of Love Film Tie in",9.99,"http://ecx.images-amazon.com/images/I/41N6D7VADSL.jpg",278,927.49,3.34
000716677X,"Books",2941808,"Alwyn Crawshaw's Oil Painting Course",42.68,"http://ecx.images-amazon.com/images/I/51CJ5gVkOYL.jpg",767,3499.64,4.56
0007167016,"Books",1175237,"Noddy Big Fun Storybook",38.72,"http://ecx.images-amazon.com/images/I/51PNKEJZ0FL.jpg",353,1553.3,4.4
0007174551,"Books",2967066,"Nothing But Ghosts",79.23,"http://ecx.images-amazon.com/images/I/21flGCuy5lL.jpg",954,4520.16,4.74
0007165110,"Books",3559723,"The PH Diet: The PHenomenal Dietary System",540.47,"http://ecx.images-amazon.com/images/I/4188Y9G3YRL.jpg",801,3298.66,4.12
0007165773,"Books",2589548,"How to Paint Like the Impressionists",15.86,"http://ecx.images-amazon.com/images/I/516dqcErxCL.jpg",268,976.14,3.64
0007175604,"Books",4008201,"The Best Of House Doctor",157.28,"http://ecx.images-amazon.com/images/I/41M2XG14CFL.jpg",598,2783.46,4.65
000716324X,"Books",1983918,"Nemesis",114.3,"http://ecx.images-amazon.com/images/I/51ZCOLgXOyL.jpg",505,2111.44,4.18
0007154135,"Books",4997902,"The Cosmic Trilogy: &quot;Out of the Silent Planet&quot;, &quot;Perelandra&quot; and &quot;That Hideous Strength&quot;",9.53,"http://ecx.images-amazon.com/images/I/41FZUkoP5fL.jpg",312,1064.94,3.41
0007157150,"Books",477683,"Out of the Silent Planet (Cosmic Trilogy)",10.45,"http://ecx.images-amazon.com/images/I/81hh1w7SNKL.jpg",124,590.79,4.76
0007169248,"Books",6161811,"The Giants' Dance",2.99,"http://ecx.images-amazon.com/images/I/41X7S9HDB5L.jpg",502,1897.72,3.78
0007170572,"Books",1562634,"Gollum: How We Made Movie Magic (The Lord of the Rings)",191.4,"http://ecx.images-amazon.com/images/I/51ER28RBC0L.jpg",879,3508.71,3.99
0007145489,"Books",4263639,"The Best Baby Name Book",13.46,"http://ecx.images-amazon.com/images/I/41AMd6uIEkL.jpg",563,2277.69,4.05
0007175590,"Books",4374438,"Coastal Landscapes (Collins Learn to Paint)",11.99,"http://ecx.images-amazon.com/images/I/213n%2BEPOqkL.jpg",726,2586.9,3.56
0007165137,"Books",2813570,"An Angel a Day: The Daily Magic and Inspiration of Angels",158.46,"http://ecx.images-amazon.com/images/I/41AYVA8WTCL.jpg",978,4755.41,4.86
0007166664,"Books",514939,"Unlocking the Bible",1.99,"http://ecx.images-amazon.com/images/I/41z1ErkezIL.jpg",736,3144.91,4.27
0007175566,"Books",2020107,"Dreams and Nightmares: Terry Gilliam, The Brothers Grimm, &amp; Other Cautionary Tales of Hollywood",220.01,"http://ecx.images-amazon.com/images/I/61Q0IsVMdUL.jpg",283,1316.75,4.65
0007176287,"Books",623348,"The City Gardener: Urban Oasis",15.8,"http://ecx.images-amazon.com/images/I/51C970M688L.jpg",795,2492.27,3.13
0007172354,"Books",1922522,"Q Pootle 5",10.68,"http://ecx.images-amazon.com/images/I/41eugx9OSdL.jpg",288,1000.34,3.47
0007169639,"Books",1642872,"Wicked Beyond Belief: The Hunt for the Yorkshire Ripper",600.57,"http://ecx.images-amazon.com/images/I/51Joba7yyuL.jpg",732,2282.52,3.12
0007167059,"Books",1835076,"Mog's Christmas",7.59,"http://ecx.images-amazon.com/images/I/51xFN6sWfCL.jpg",216,761.19,3.52
0007176953,"Books",1486912,"Classic Kits: Collecting the Greatest Model Kits in the World, from Airfix to Tamiya",26.96,"http://ecx.images-amazon.com/images/I/51XZDB5tIGL.jpg",586,1795.4,3.06
0007170858,"Books",6458886,"100% Golf",422.91,"http://ecx.images-amazon.com/images/I/414N693Y9QL.jpg",524,1797.02,3.43
0007163959,"Books",1706548,"The Lonely Dead",15.0,"http://ecx.images-amazon.com/images/I/51qdzavPeGL.jpg",547,2366.21,4.33
0007151330,"Books",54814,"Mind Maps For Kids: An Introduction",13.05,"http://ecx.images-amazon.com/images/I/81G%2BnymPUWL.jpg",525,1679.61,3.2
000717604X,"Books",349459,"The Cracking Code Book",5.99,"http://ecx.images-amazon.com/images/I/31WAHVTQFXL.jpg",717,2284.57,3.19
0007169205,"Books",1886147,"Around the World in 80 Martinis: The Logbook of a Remarkable Voyage Undertaken by Gustav Temple and Vic Darkwood (Chap magazine annual)",484.18,"http://ecx.images-amazon.com/images/I/517WCEN0MEL.jpg",634,2967.12,4.68
0007172850,"Books",2652525,"The Dalai Lama's Little Book of Inner Peace",9.28,"http://ecx.images-amazon.com/images/I/51A7W5Y0HZL.jpg",763,3726.19,4.88
0007161026,"Books",1288447,"Everyday Chi Kung with Master Lam: 15-Minute Routines to Build Energy, Boost Immunity and Banish Stress",13.82,"http://ecx.images-amazon.com/images/I/51RCYJ418JL.jpg",865,2854.19,3.3
0007162111,"Books",6344856,"The Thames: The Photographic Atlas (Getmapping)",198.59,"http://ecx.images-amazon.com/images/I/514YQPDJ6TL.jpg",897,4350.47,4.85
0007166761,"Books",776824,"Preparing for Birth with Yoga, Updated Edition: Empowering and Effective Exercise for Pregnancy and Childbirth",10.8,"http://ecx.images-amazon.com/images/I/4141AY3T79L.jpg",836,2673.6,3.2
0007171854,"Books",4712919,"Shooting History: A Personal Journey",21.18,"http://ecx.images-amazon.com/images/I/5177Y9NFZXL.jpg",858,4233.4,4.93
0007165102,"Books",2646804,"Liberation: The Perfect Holistic Antidote to Stress, Depression and Other Unhealthy States of Mind",789.43,"http://ecx.images-amazon.com/images/I/51amAy0PxEL.jpg",609,2296.09,3.77
000717117X,"Books",2584025,"Poirot: Volume 1: The Complete Battles of Hastings (Vol 1)",16.37,"http://ecx.images-amazon.com/images/I/816BRIGlRgL.jpg",551,2587.58,4.7
0007177968,"Books",1588570,"The Easy Does It Recovery Pack: Including the Recovery Book of Meditations, My Recovery Journal and 52 Pick-Me-Up Recovery Cards",791.32,"http://ecx.images-amazon.com/images/I/51WQSA5YW6L.jpg",947,4299.09,4.54
0007175418,"Books",7065300,"Gordon Brown",536.0,"http://ecx.images-amazon.com/images/I/41JCTXYN7FL.jpg",848,3933.39,4.64
0007175264,"Books",763458,"An Introduction to Nlp: Psychological Skills for Understanding and Influencing People",11.84,"http://ecx.images-amazon.com/images/I/41qtepDpWOL.jpg",542,2358.48,4.35
0007163886,"Books",2079068,"David Bellamy's Developing Your Watercolours: Techniques to Improve Your Painting",13.95,"http://ecx.images-amazon.com/images/I/5158W1FR0BL.jpg",860,4107.57,4.78
000717859X,"Books",3362845,"Collins Gem Seashore: Quick Guide to Identifying Plants and Animals",203.15,"http://ecx.images-amazon.com/images/I/51VOfgqKkBL.jpg",338,1324.59,3.92
0007176937,"Books",3432647,"All of These People: A Memoir",7.59,"http://ecx.images-amazon.com/images/I/51mpamzO5bL.jpg",282,1017.57,3.61
0007176961,"Books",2565640,"Dr Nicholas Perricone's Programme: Grow Young, Get Slim, in Days",14.9,"http://ecx.images-amazon.com/images/I/51b1u62v07L.jpg",618,2490.68,4.03
0007165498,"Books",2988653,"The Ancient Egyptian Tarot, 2nd Edition",25.88,"http://ecx.images-amazon.com/images/I/517MZG5BTCL.jpg",541,2568.98,4.75
0007178026,"Books",4973228,"Collins Gem Dogs: How to Choose, Train and Live with Over 130 Breeds",305.74,"http://ecx.images-amazon.com/images/I/41gam5Wr4WL.jpg",689,3236.25,4.7
0007178271,"Books",3495864,"Michael Foot: A Life",12.99,"http://ecx.images-amazon.com/images/I/51GliyUWFoL.jpg",490,1558.54,3.18
0007175779,"Books",731488,"Another Life",271.37,"http://ecx.images-amazon.com/images/I/51Iu1Lk8SaL.jpg",170,803.01,4.72
0007181345,"Books",5345938,"Atkins Shopping Guide: What to Buy? What to Avoid?. Atkins Health &amp; Medical Information Services",754.95,"http://ecx.images-amazon.com/images/I/41M7iRQcU8L.jpg",203,684.97,3.37
0007166443,"Books",666583,"Learning to Talk: Short Stories",10.57,"http://ecx.images-amazon.com/images/I/41ObuFGBSdL.jpg",536,2251.24,4.2
0007178565,"Books",8868824,"Bobby Dazzler",556.04,"http://ecx.images-amazon.com/images/I/418E9HZTC3L.jpg",303,1354.46,4.47
0007174500,"Books",4641800,"Bumblebees (Collins New Naturalist)",783.13,"http://ecx.images-amazon.com/images/I/514ASGT6HFL.jpg",214,771.3,3.6
000717487X,"Books",3645906,"The Tantric Pillow Book: 101 Nights of Sexual Ecstasy",400.42,"http://ecx.images-amazon.com/images/I/51AGEYR1RSL.jpg",395,1419.43,3.59
0007175299,"Books",866599,"The No Carbs After 5pm Diet: With the New Step Counter Plan",3.79,"http://ecx.images-amazon.com/images/I/41PZAXFK15L.jpg",226,986.13,4.36
000716680X,"Books",2519378,"The Big Little Book of Yoga: The Only Book You'll Ever Need",264.9,"http://ecx.images-amazon.com/images/I/41M5Z7VQSKL.jpg",302,985.97,3.26
0007176872,"Books",3006003,"Frankie: The Autobiography of Frankie Dettori",7.59,"http://ecx.images-amazon.com/images/I/41Rmv7Ua52L.jpg",120,541.17,4.51
000718025X,"Books",378325,"Akbar and Jeff's Guide to Life: A Cartoon Book by Matt Groening",634.55,"http://ecx.images-amazon.com/images/I/51dPar68BLL.jpg",446,1518.41,3.4
0007164246,"Books",2489402,"Set This House in Order",12.48,"http://ecx.images-amazon.com/images/I/51VQDHN0XDL.jpg",307,1022.47,3.33
0007178921,"Books",1735560,"The Kit-Cat Club: Friends Who Imagined a Nation",10.67,"http://ecx.images-amazon.com/images/I/31cMC2npRVL.jpg",473,2284.15,4.83
0007164742,"Books",4174468,"A Likeness",795.75,"http://ecx.images-amazon.com/images/I/51QJ6F82CJL.jpg",890,3638.68,4.09
0007181655,"Books",2512135,"Halliwell's Top 1000: The Ultimate Movie Countdown",144.55,"http://ecx.images-amazon.com/images/I/51VcrTY2I9L.jpg",137,500.24,3.65
0007179758,"Books",2495450,"The Call: Discovering Why You are Here",10.72,"http://ecx.images-amazon.com/images/I/415WMEYYWYL.jpg",961,4526.94,4.71
0007176996,"Books",3171825,"Only Fat People Skip Breakfast: Get Real - The Diet Book with a Difference",8.89,"http://ecx.images-amazon.com/images/I/41SW4Z7R5FL.jpg",627,2274.15,3.63
0007178662,"Books",2647431,"Canarino",2.99,"http://ecx.images-amazon.com/images/I/41E0PE3C67L.jpg",175,685.75,3.92
000718235X,"Books",4357421,"Goodwood Festival of Speed: A Celebration of Motorsport",459.33,"http://ecx.images-amazon.com/images/I/51SGF8YCG5L.jpg",639,2938.81,4.6
0007178700,"Books",875677,"Tea on the Blue Sofa: Whispers of Love and Longing from Africa",575.32,"http://ecx.images-amazon.com/images/I/51T8KRSXF3L.jpg",155,504.82,3.26
0007178735,"Books",2021004,"The Spoils of War",6.64,"http://ecx.images-amazon.com/images/I/51Hg-vy3lHL.jpg",376,1466.34,3.9
0007182260,"Books",4480039,"Train Recognition Guide (Jane's Recognition Guide)",390.77,"http://ecx.images-amazon.com/images/I/51RMMJTK4ZL.jpg",791,3526.1,4.46
0007177844,"Books",3390069,"If I Don't Write It, Nobody Else Will",7.59,"http://ecx.images-amazon.com/images/I/51TFVB088RL.jpg",854,2691.26,3.15
000717828X,"Books",1830406,"A Question of Love",12.46,"http://ecx.images-amazon.com/images/I/510SMCMBTHL.jpg",705,2360.48,3.35
0007178999,"Books",3817840,"IOU: The Story of the Debt",18.2,"http://ecx.images-amazon.com/images/I/51C285JCCYL.jpg",742,2380.49,3.21
0007173520,"Books",1161471,"Sun at Midnight",10.78,"http://ecx.images-amazon.com/images/I/41ZAbxZuooL.jpg",228,946.07,4.15
0007178751,"Books",2348021,"The Falconer's Tale",0.99,"http://ecx.images-amazon.com/images/I/51WwrwYK8WL.jpg",954,3625.57,3.8
0007177445,"Books",3594740,"Farmer Giles of Ham: Complete &amp; Unabridged",18.84,"http://ecx.images-amazon.com/images/I/51N9XBQAPFL.jpg",889,3477.43,3.91
0007149107,"Books",2592089,"The Lord of the Rings Poster Collection 2 (No. 2)",22.79,"http://ecx.images-amazon.com/images/I/51NIkXxbwIL.jpg",619,1910.32,3.09
0007179731,"Books",1297824,"The Monk Who Sold His Ferrari",7.99,"http://ecx.images-amazon.com/images/I/71fuYZX61gL.jpg",635,2860.59,4.5
0007176171,"Books",779079,"Irish Babies Names (Collins Gem)",8.96,"http://ecx.images-amazon.com/images/I/41CGQIgpR5L.jpg",739,2336.45,3.16
0007182171,"Books",1693659,"The Naqib's Daughter",11.04,"http://ecx.images-amazon.com/images/I/514h%2BJSsnHL.jpg",330,1176.96,3.57
0007175337,"Books",494815,"Why I Am a Muslim",13.46,"http://ecx.images-amazon.com/images/I/41K99W1CVFL.jpg",318,1354.5,4.26
0007182554,"Books",528648,"Armageddon (Dale Brown's Dreamland)",8.99,"http://ecx.images-amazon.com/images/I/61Qa7oojehL.jpg",178,713.52,4.01
0007183291,"Books",543370,"Jane's Special Forces Recognition Guide",17.52,"http://ecx.images-amazon.com/images/I/81ePk4PX%2BtL.jpg",240,924.01,3.85
0007182791,"Books",1716704,"Duck to the Rescue",6.29,"http://ecx.images-amazon.com/images/I/610Y9JRQ7TL.jpg",341,1588.56,4.66
0007127669,"Books",1188508,"The Astrological Oracle: Divining Your Future and Resolving Your Past (Do-it-yourself)",745.69,"http://ecx.images-amazon.com/images/I/51SXQ06KJVL.jpg",480,2377.01,4.95
0007179995,"Books",4061057,"Himself Alone : David Trimble and the Ordeal of Unionism",775.88,"http://ecx.images-amazon.com/images/I/41R22XER3KL.jpg",770,2493.07,3.24
0007171153,"Books",2219610,"The Complete Quin and Satterthwaite: Love Detectives",11.83,"http://ecx.images-amazon.com/images/I/51AP1EYG5KL.jpg",716,2911.68,4.07
0007171366,"Books",559971,"Mog on Fox Night",11.66,"http://ecx.images-amazon.com/images/I/51BpjHShSoL.jpg",199,816.5,4.1
0007181221,"Books",5444095,"Collins-Robert French Dictionary (French Edition)",762.29,"http://ecx.images-amazon.com/images/I/418111VCT7L.jpg",378,1286.04,3.4
0007179286,"Books",3239488,"Gluten-free, Sugar-free Cooking: Over 200 Delicious and Easy Allergy-free Recipes",9.99,"http://ecx.images-amazon.com/images/I/51RXX4YAZEL.jpg",843,3292.66,3.91
0007182937,"Books",4455360,"Watercolour Landscapes (Collins Learn to Paint Series)",13.95,"http://ecx.images-amazon.com/images/I/4135E9APV4L.jpg",132,519.39,3.93
0007179316,"Books",4213839,"Complete UK Hit Singles 1952-2004",28.49,"http://ecx.images-amazon.com/images/I/51TKDS5J42L.jpg",932,3179.65,3.41
0007185944,"Books",3818210,"Big Cat Babies (Collins Big Cat)",257.83,"http://ecx.images-amazon.com/images/I/410VRCRV83L.jpg",343,1418.92,4.14
0007183453,"Books",2265864,"Antarctica: Exploring a Fragile Eden",7.19,"http://ecx.images-amazon.com/images/I/51M-xuGIWTL.jpg",162,795.14,4.91
0007184093,"Books",1581072,"LETTICE - THE BIRTHDAY PARTY",8.96,"http://ecx.images-amazon.com/images/I/5195e-s5B%2BL.jpg",944,3823.03,4.05
0007182805,"Books",386214,"Cathedral Cats",464.88,"http://ecx.images-amazon.com/images/I/51kb0fMQBSL.jpg",348,1443.5,4.15
0007163630,"Books",650851,"Judge Sewall's Apology: The Salem Witch Trials and the Forming of an American Conscience",12.6,"http://ecx.images-amazon.com/images/I/51w2wMV35qL.jpg",723,2939.01,4.07
0007179898,"Books",1545640,"The Gecko's Foot: How Scientists are Taking a Leaf from Nature's Book",8.0,"http://ecx.images-amazon.com/images/I/51k3Aon6miL.jpg",502,1666.38,3.32
0007183267,"Books",369997,"Jane's Tanks Recognition Guide",18.27,"http://ecx.images-amazon.com/images/I/51ZJB9KMSKL.jpg",378,1563.5,4.14
000718381X,"Books",10073675,"Collins-Robert French Dictionary: Complete &amp; Unabridged",430.22,"http://ecx.images-amazon.com/images/I/419CPRQ85XL.jpg",183,658.01,3.6
0007183283,"Books",1444713,"Jane's Guns Recognition Guide 4e",34.03,"http://ecx.images-amazon.com/images/I/51G5F3V1CWL.jpg",718,3426.84,4.77
0007177208,"Books",5097021,"Feather Boy",15.86,"http://ecx.images-amazon.com/images/I/413GWXD09ML.jpg",784,3437.21,4.38
0007175582,"Books",1682850,"Peter Jackson: A Film-Maker's Journey",11.04,"http://ecx.images-amazon.com/images/I/51nZI%2B7lTdL.jpg",428,1449.13,3.39
0007173687,"Books",5261895,"One Fish, Two Fish, Red Fish, Blue Fish",3.99,"http://ecx.images-amazon.com/images/I/511ZP9JQA3L.jpg",204,914.06,4.48
0007183488,"Books",3240273,"Ghost Hunting with Derek Acorah",3.79,"http://ecx.images-amazon.com/images/I/515DPHG9X6L.jpg",981,3335.41,3.4
0007179030,"Books",1081637,"365 Dalai Lama: Daily Advice from the Heart",14.12,"http://ecx.images-amazon.com/images/I/518ubJQtb%2BL.jpg",283,1126.84,3.98
0007184182,"Books",13777559,"Teri King's Astrological Horoscope for 2005: Virgo",338.54,"http://ecx.images-amazon.com/images/I/41BDTATVMNL.jpg",251,876.53,3.49
0007186819,"Books",7984809,"Ella the Superstar: Green/Band 05 (Collins Big Cat)",792.43,"http://ecx.images-amazon.com/images/I/51Vj%2BzY6CvL.jpg",391,1300.63,3.33
0007183062,"Books",3581300,"Collins Gem Trees: How to Identify the Most Common Species",2.99,"http://ecx.images-amazon.com/images/I/51XZXyWgP6L.jpg",393,1774.32,4.51
0007183860,"Books",408059,"Collins Cobuild Students Dictionary plus Grammar (Book &amp; CD)",54.22,"http://ecx.images-amazon.com/images/I/411S4-OyBUL.jpg",146,690.99,4.73
0007173415,"Books",3305509,"The World According to Mimi Smartypants",12.59,"http://ecx.images-amazon.com/images/I/41J4B6FW7ML.jpg",831,3940.82,4.74
0007169507,"Books",7864208,"Collins Dictionary Of Saints",330.65,"http://ecx.images-amazon.com/images/I/410X77EYYTL.jpg",974,3315.59,3.4
0007183070,"Books",3427091,"Collins Gem Mushrooms: The Quick Way to Identify Mushrooms and Toadstools",2.99,"http://ecx.images-amazon.com/images/I/91XuDhxqFWL.jpg",291,1372.8,4.72
0007181639,"Books",9183864,"Ordinary Person's Guide to Empire",38.0,"http://ecx.images-amazon.com/images/I/51P2IfdRT6L.jpg",232,728.48,3.14
0007178778,"Books",1893337,"Damage Control: One Step from Apocalypse",3.79,"http://ecx.images-amazon.com/images/I/51dSuDhqBfL.jpg",704,2286.67,3.25
0007181817,"Books",3711070,"Blame Your Planet: A Wicked Astrological Tour Through the Darkside Zodiac",276.96,"http://ecx.images-amazon.com/images/I/51FMSFFDJAL.jpg",436,1599.77,3.67
0007188900,"Books",2955960,"Noddy Saves Christmas!: Touch and Feel Book",334.67,"http://ecx.images-amazon.com/images/I/51DYPRX1SDL.jpg",864,3832.26,4.44
0007189559,"Books",1694310,"10 Minutes In The Morning: Yoga and Diet Plan",13.59,"http://ecx.images-amazon.com/images/I/414DC5GMHCL.jpg",545,1948.86,3.58
0007190360,"Books",433333,"Talisman: Gnostics, Freemasons, Revolutionaries, and the 2000-Year-Old Conspiracy at Work in the World Today",11.27,"http://ecx.images-amazon.com/images/I/51YG36RTHTL.jpg",633,2157.88,3.41
0007183240,"Books",1776709,"Loosen Up Your Watercolours (Collins Artist's Studio)",496.98,"http://ecx.images-amazon.com/images/I/51GZJP3VEEL.jpg",329,1079.04,3.28
0007183313,"Books",5447006,"The Comprehensive Dramatised Bible",424.75,"http://ecx.images-amazon.com/images/I/41Y2K0DCXNL.jpg",525,2504.66,4.77
0007190107,"Books",3413138,"Knots (Collins Gem)",7.16,"http://ecx.images-amazon.com/images/I/414psxEPzxL.jpg",239,779.04,3.26
0007191308,"Books",880244,"The Secret Language of Birthdays: Unique Personality Guides for Every Day of the Year",18.98,"http://ecx.images-amazon.com/images/I/516BNN7N2XL.jpg",343,1307.17,3.81
0007182449,"Books",918524,"Beside the Sea (Melrose and Croc)",7.66,"http://ecx.images-amazon.com/images/I/51ZJ2vTvIwL.jpg",475,1819.06,3.83
0007183054,"Books",3292961,"Churchill's Hour",9.99,"http://ecx.images-amazon.com/images/I/51VE58CCBNL.jpg",938,4009.65,4.27
0007177003,"Books",5286075,"Your Chinese Horoscope 2005: What the Year of the Rooster Holds in Store for You",5.6,"http://ecx.images-amazon.com/images/I/51H2KG3CQTL.jpg",970,3060.66,3.16
0007184018,"Books",3777235,"Blooming Birth: How to Get the Pregnancy and Birth You Want",11.99,"http://ecx.images-amazon.com/images/I/419EYYCG14L.jpg",189,645.75,3.42
0007181647,"Books",3524185,"How to Identify the Night Sky",7.59,"http://ecx.images-amazon.com/images/I/515P26183DL.jpg",876,4145.8,4.73
0007189842,"Books",1271248,"Abramovich: The Billionaire from Nowhere",12.93,"http://ecx.images-amazon.com/images/I/416VBTGBWPL.jpg",856,2974.45,3.47
0007181868,"Books",2749521,"Britain AD: A Quest for Arthur, England and the Anglo-Saxons",10.67,"http://ecx.images-amazon.com/images/I/41YG6S1RTHL.jpg",309,1349.68,4.37
0007190816,"Books",4100563,"Halliwell's Film, Video &amp; DVD Guide 2005 (Halliwell's: The Movies That Matter)",288.41,"http://ecx.images-amazon.com/images/I/51HA2GYC1TL.jpg",308,1298.94,4.22
0007183917,"Books",5362308,"Babies' Names (Collins Gem)",2.99,"http://ecx.images-amazon.com/images/I/41vgTTFg9VL.jpg",776,2989.44,3.85
0007193025,"Books",3556028,"Little Britain (Vol 1)",711.04,"http://ecx.images-amazon.com/images/I/510YC0A9TPL.jpg",128,541.22,4.23
0007189850,"Books",10913941,"Feed My Dear Dogs",535.03,"http://ecx.images-amazon.com/images/I/41A1NH0K3FL.jpg",332,1407.07,4.24
0007175175,"Books",1603366,"Thidwick the Big-hearted Moose (Dr. Seuss Yellow Back Books)",3.99,"http://ecx.images-amazon.com/images/I/518JX5NH0QL.jpg",672,2849.09,4.24
0007181175,"Books",1062950,"The Mustard Seed",14.66,"http://ecx.images-amazon.com/images/I/51GM7RNQ62L.jpg",120,495.42,4.13
0007189915,"Books",10552720,"Butterflies of Britain and Europe (Collins Field Guide)",455.0,"http://ecx.images-amazon.com/images/I/01NS9XAMN1L.jpg",948,4422.52,4.67
0007176848,"Books",387624,"The Gentle Birth Method: The Month-by-month Jeyarani Way Programme",20.69,"http://ecx.images-amazon.com/images/I/51YRsXE-hoL.jpg",795,2782.92,3.5
0007179642,"Books",2494797,"Authenticity: Brands, Fakes, Spin and the Lust for Real Life",481.03,"http://ecx.images-amazon.com/images/I/41Q8Y1V1ZGL.jpg",794,2573.28,3.24
0007178522,"Books",4051500,"Collins Gem Butterflies: An Easy-to-Use Guide to Europe's Most Common Species",472.43,"http://ecx.images-amazon.com/images/I/41KsFnH0i7L.jpg",674,2692.72,4.0
0007189486,"Books",3210443,"Funniest Storybook Ever",11.29,"http://ecx.images-amazon.com/images/I/516AJ2MQ07L.jpg",921,3034.97,3.3
0007193327,"Books",4267374,"Noddy Tell the Time Book",279.71,"http://ecx.images-amazon.com/images/I/51EFF5X3AKL.jpg",291,1160.8,3.99
0007191170,"Books",2621500,"Dumb Witness: Complete &amp; Unabridged",4.22,"http://ecx.images-amazon.com/images/I/51OQXLRM5RL.jpg",105,504.1,4.8
0007191928,"Books",6693629,"The Art of the &quot;Lord of the Rings&quot; Trilogy",524.93,"http://ecx.images-amazon.com/images/I/5136NR0C0XL.jpg",468,1912.51,4.09
0007182473,"Books",885729,"Mia's World: An Extraordinary Gift, An Unforgettable Journey",391.31,"http://ecx.images-amazon.com/images/I/41CQVVBB43L.jpg",469,2289.02,4.88
0007182147,"Books",2137045,"Solo",5.98,"http://ecx.images-amazon.com/images/I/512UYEBskDL.jpg",504,2361.38,4.69
000718039X,"Books",4572001,"Three Views of Crystal Water",6.0,"http://ecx.images-amazon.com/images/I/51RVTEC2NEL.jpg",117,418.64,3.58
0007189532,"Books",2128441,"The Answers",477.1,"http://ecx.images-amazon.com/images/I/51V54TS2FJL.jpg",394,1687.51,4.28
0007193513,"Books",2506640,"The Truth Fairy: The Enchanted Pendulum and Message Board Kit",16.73,"http://ecx.images-amazon.com/images/I/61VMN3MCCCL.jpg",942,4663.71,4.95
0007192428,"Books",3134928,"Mussolini and the Rise of Fascism",11.89,"http://ecx.images-amazon.com/images/I/515dAm-X7qL.jpg",160,553.65,3.46
0007185189,"Books",4810822,"Pelican Blood",7.99,"http://ecx.images-amazon.com/images/I/51NVVEAVXHL.jpg",855,3307.66,3.87
0007193084,"Books",1912082,"Wildfire",720.26,"http://ecx.images-amazon.com/images/I/71X8bLPaMYL.jpg",388,1492.87,3.85
000719417X,"Books",1700611,"Real Witches Craft",289.67,"http://ecx.images-amazon.com/images/I/51DARADDHFL.jpg",216,860.88,3.99
0007186061,"Books",4644190,"The Stone Cutter (Collins Big Cat)",92.45,"http://ecx.images-amazon.com/images/I/51J6KJ89AAL.jpg",692,2686.01,3.88
0007189540,"Books",3149327,"An Angel Treasury: A Celestial Collection Of  Inspirations, Encounters and Heavenly Lore",11.04,"http://ecx.images-amazon.com/images/I/51WJT8SY11L.jpg",689,2425.04,3.52
0007181787,"Books",3846329,"The New Vegan: Fresh, Fabulous, and Fun",330.45,"http://ecx.images-amazon.com/images/I/51AKBB6HN5L.jpg",929,4225.63,4.55
0007192576,"Books",5503416,"The Awful End of Prince William the Silent: The First Assassination of a Head of State with a Hand-Gun",638.15,"http://ecx.images-amazon.com/images/I/41PRY9R2YPL.jpg",916,3070.03,3.35
0007168209,"Books",3594318,"Bordeaux Housewives",85.04,"http://ecx.images-amazon.com/images/I/51%2BNtAjIECL.jpg",215,779.85,3.63
0007183038,"Books",309473,"Food For Free (Collins Gem)",2.99,"http://ecx.images-amazon.com/images/I/81xXdeGzt-L.jpg",765,2394.18,3.13
0007193440,"Books",6390660,"Complete Mission Praise: Music",69.66,"http://ecx.images-amazon.com/images/I/417EwziHQHL.jpg",705,3289.6,4.67
0007189958,"Books",1179905,"Where Rainbows End",7.99,"http://ecx.images-amazon.com/images/I/41RP4RGF09L.jpg",994,3199.71,3.22
0007183259,"Books",11410094,"The War at Troy",11.56,"http://ecx.images-amazon.com/images/I/41X8450BQPL.jpg",454,1889.55,4.16
0007193645,"Books",4736930,"Greg Dyke: Inside Story",7.99,"http://ecx.images-amazon.com/images/I/51K963HS2BL.jpg",745,2399.45,3.22
0007190042,"Books",8435165,"The Torment of Others",5.98,"http://ecx.images-amazon.com/images/I/51RTB2nZANL.jpg",980,4729.68,4.83
0007194161,"Books",3245616,"The Contortionist's Handbook",40.68,"http://ecx.images-amazon.com/images/I/51ZGEVFN54L.jpg",613,2121.5,3.46
0007189885,"Books",760811,"Purple Hibiscus (P.S.)",8.52,"http://ecx.images-amazon.com/images/I/71hy-QVPlKL.jpg",443,1549.25,3.5
000719319X,"Books",3981952,"Rose Elliot's Vegetarian Meals in Minutes: Over 200 Delicious Dishes in a Flash",711.7,"http://ecx.images-amazon.com/images/I/51EZHGEP39L.jpg",139,613.85,4.42
0007180209,"Books",1215981,"Pleasured",77.57,"http://ecx.images-amazon.com/images/I/414EKARK72L.jpg",286,930.19,3.25
0007193181,"Books",3123020,"Broken Skin",0.99,"http://ecx.images-amazon.com/images/I/51XA4LaNObL.jpg",137,644.63,4.71
0007185839,"Books",2028163,"The Fantastic Flying Squirrel: Blue/Band 04 (Collins Big Cat)",12.31,"http://ecx.images-amazon.com/images/I/51J2V65C02L.jpg",306,1326.96,4.34
0007191103,"Books",3072421,"Crooked House: Complete &amp; Unabridged",11.05,"http://ecx.images-amazon.com/images/I/71hVuPBbQUL.jpg",212,1044.0,4.92
0007194609,"Books",3183032,"Meditation Plain and Simple",89.68,"http://ecx.images-amazon.com/images/I/41VP5C1KVNL.jpg",316,1268.27,4.01
0007197829,"Books",2895981,"Collins Complete Artist's Manual",71.06,"http://ecx.images-amazon.com/images/I/51BKTXW491L.jpg",882,4156.44,4.71
0007190824,"Books",1341096,"A Multitude of Sins: Golden Brown, The Stranglers and Strange Little Girls: The Autobiography",7.59,"http://ecx.images-amazon.com/images/I/414TTGFVHFL.jpg",138,609.44,4.42
0007178336,"Books",11922965,"German Shepherd (Collins Dog Owner's Guides)",13.18,"http://ecx.images-amazon.com/images/I/41W45GW7ZYL.jpg",399,1399.92,3.51
0007183003,"Books",7204087,"August and Then Some",9.99,"http://ecx.images-amazon.com/images/I/51JP2%2B00KVL.jpg",252,810.77,3.22
0007182325,"Books",586319,"The Way Back Home",10.99,"http://ecx.images-amazon.com/images/I/513rrxaOGJL.jpg",957,4002.13,4.18
0007189923,"Books",2008938,"Collins Gem Body Language: How to Understand the Unspoken Language of Your Body",147.23,"http://ecx.images-amazon.com/images/I/51phmUpbMXL.jpg",985,4105.84,4.17
0007198051,"Books",1928085,"Seventy-Two Virgins",11.18,"http://ecx.images-amazon.com/images/I/516aUIh%2BARL.jpg",373,1433.25,3.84
000718364X,"Books",1003010,"More Than A Game: The Story of Cricket's Early Years",10.67,"http://ecx.images-amazon.com/images/I/51IQeyB%2Bd3L.jpg",938,3957.79,4.22
0007198248,"Books",950858,"The Good Behaviour Book: To Have a Better-Behaved Child from Birth to Age Ten. William Sears and Martha Sears How to Have a Better-Behaved Chil",15.0,"http://ecx.images-amazon.com/images/I/41wXxIhZorL.jpg",111,534.31,4.81
0007195109,"Books",4656646,"The Other Side of Israel: My Journey Across the Jewish/Arab Divide",10.67,"http://ecx.images-amazon.com/images/I/512MJVYWFWL.jpg",179,751.36,4.2
0007192665,"Books",3729550,"Bedtime Stories (Letterland Picture Books)",112.66,"http://ecx.images-amazon.com/images/I/61XNF9NBFBL.jpg",151,664.26,4.4
000719918X,"Books",3320333,"The Men in Your Life",11.96,"http://ecx.images-amazon.com/images/I/41NB6K1CPPL.jpg",138,574.77,4.17
0007182422,"Books",2015685,"Friends For Life (Melrose and Croc)",8.06,"http://ecx.images-amazon.com/images/I/51Pd4G%2BkrJL.jpg",753,2563.0,3.4
0007193416,"Books",3706174,"How Much of Us There Was",525.63,"http://ecx.images-amazon.com/images/I/41FARQM76WL.jpg",331,1273.28,3.85
0007197748,"Books",4647240,"Your Personal Horoscope 2006",12.35,"http://ecx.images-amazon.com/images/I/51293GQBT3L.jpg",985,3530.86,3.58
0007175531,"Books",5045967,"Painting Wild Landscapes in Watercolour",20.57,"http://ecx.images-amazon.com/images/I/51J9CZVDSNL.jpg",808,3306.68,4.09
0007190646,"Books",1546425,"Poirot: Omnibus: The Perfect Murders",10.31,"http://ecx.images-amazon.com/images/I/71b7cIUWPgL.jpg",406,1379.66,3.4
0007197063,"Books",5165748,"Spain and Portugal Road Map by Collins",234.7,"http://ecx.images-amazon.com/images/I/51T8KDNJ34L.jpg",883,3464.82,3.92
0007198299,"Books",741715,"Bill Hicks: Agent of Evolution",11.45,"http://ecx.images-amazon.com/images/I/4173E9CW98L.jpg",778,2953.3,3.8
0007190743,"Books",1201218,"The Divine Collection: Three Amazing Missions In One Book! (Mel Beeby Agent Angel)",574.3,"http://ecx.images-amazon.com/images/I/51AW0IIF6HL.jpg",407,1620.32,3.98
0007193998,"Books",2410165,"Vibrant Watercolours (Collins Learn to Paint)",12.3,"http://ecx.images-amazon.com/images/I/515YPB1G9CL.jpg",361,1504.83,4.17
000719420X,"Books",6811107,"Collins Save Cash and Save the Planet: Published in Association with Friends of the Earth",782.21,"http://ecx.images-amazon.com/images/I/512YJJ868RL.jpg",875,3321.73,3.8
0007198132,"Books",582960,"Shop Horror: The Best of the Worst in British Shop Names",707.82,"http://ecx.images-amazon.com/images/I/51nwhQg-sqL.jpg",683,2952.26,4.32
0007201060,"Books",478919,"Man of Honour",1.99,"http://ecx.images-amazon.com/images/I/51tFLnvKBIL.jpg",211,912.71,4.33
0007192177,"Books",6311189,"The Sailor in the Wardrobe: A Memoir",8.89,"http://ecx.images-amazon.com/images/I/41Spm3SpiRL.jpg",910,2821.47,3.1
0007198949,"Books",398412,"The &quot;Lord of the Rings&quot; Trilogy Photo Guide",761.91,"http://ecx.images-amazon.com/images/I/51M57R6G1GL.jpg",420,1324.13,3.15
0007199058,"Books",810468,"One Child",14.72,"http://ecx.images-amazon.com/images/I/21X0cmb3u8L.jpg",262,1175.23,4.49
0007190611,"Books",1792097,"The Wisdom of No Escape: How to Love Yourself and Your World",9.99,"http://ecx.images-amazon.com/images/I/7148l9Z6ziL.jpg",577,1825.91,3.16
0007201710,"Books",3964582,"Enjoy: New Veg with Dash",22.99,"http://ecx.images-amazon.com/images/I/41WKQ3QA1RL.jpg",808,3798.75,4.7
0007198760,"Books",1281558,"Cooking Without Made Easy: Recipes Free from Added Gluten, Sugar, Yeast, and Dairy Produce",9.78,"http://ecx.images-amazon.com/images/I/41BY8XG5BNL.jpg",734,2416.71,3.29
0007195974,"Books",4833346,"Spanish Dictionary (Collins GEM)",392.89,"http://ecx.images-amazon.com/images/I/41UxusvnPEL.jpg",690,2614.01,3.79
0007200943,"Books",4494445,"Hebrew Daily Prayer Book",16.24,"http://ecx.images-amazon.com/images/I/311D1BPCWHL.jpg",611,2516.84,4.12
000719210X,"Books",5624412,"Forest of Souls",517.71,"http://ecx.images-amazon.com/images/I/41JSDSTRY9L.jpg",495,1873.84,3.79
0007194420,"Books",10604502,"The Psychic Adventures of Derek Acorah: TV's Number One Psychic",6.99,"http://ecx.images-amazon.com/images/I/41AJ6EZGD9L.jpg",535,2663.63,4.98
0007201680,"Books",2700847,"The Times Great Lives: A Century in Obituaries",11.04,"http://ecx.images-amazon.com/images/I/51Mt5Hv%2BnKL.jpg",474,1669.91,3.52
0007194463,"Books",1752757,"Secrets of Watercolour Success (Collins Artist's Studio)",19.86,"http://ecx.images-amazon.com/images/I/51vGNYbIWOL.jpg",266,1310.06,4.93
0007192827,"Books",408649,"Alwyn Crawshaw's Ultimate Painting Course: A Complete Beginner's Guide to Painting in Watercolour, Oil and Acrylic",464.22,"http://ecx.images-amazon.com/images/I/51BuqbTO3cL.jpg",347,1598.61,4.61
0007191839,"Books",3887092,"Lance Armstrong: Tour De Force",11.84,"http://ecx.images-amazon.com/images/I/21ND458CFGL.jpg",652,2997.62,4.6
0007205430,"Books",4162703,"The Invisible Girl: A Father's Heart-breaking Story of the Daughter He Lost",627.63,"http://ecx.images-amazon.com/images/I/41cDCw86bsL.jpg",922,3385.22,3.67
0007202091,"Books",2076914,"Flashman",12.5,"http://ecx.images-amazon.com/images/I/61vSut2KJEL.jpg",427,1446.49,3.39
0007201958,"Books",949296,"The Fairy Ball (Lettice)",8.96,"http://ecx.images-amazon.com/images/I/51WGwCCeBeL.jpg",891,3257.59,3.66
0007201249,"Books",7780976,"Architectural Plants (Collins GEM)",331.73,"http://ecx.images-amazon.com/images/I/51V2T25D6TL.jpg",530,2444.21,4.61
0007177658,"Books",3251066,"Duck's Key, Where Can it Be?",158.2,"http://ecx.images-amazon.com/images/I/511KRV9Q6YL.jpg",668,2154.44,3.23
0007202156,"Books",56090,"Collins Gem 10-Minute Watercolours: Techniques &amp; Tips for Quick Watercolours",5.69,"http://ecx.images-amazon.com/images/I/71PgQ2JFmfL.jpg",995,4135.22,4.16
0007199740,"Books",830482,"Angel",7.19,"http://ecx.images-amazon.com/images/I/41KEPWJR8AL.jpg",457,1610.93,3.53
0007201044,"Books",841066,"Four Days in June: Waterloo: A Battle for Honour and Glory",6.64,"http://ecx.images-amazon.com/images/I/512Ewz0o4FL.jpg",122,474.39,3.89
0007194226,"Books",222785,"Juice Master: Turbo-Charge Your Life in 14 Days",10.67,"http://ecx.images-amazon.com/images/I/51n8YtYSqkL.jpg",105,346.23,3.3
0007195710,"Books",1819219,"Discover Your Destiny with The Monk Who Sold His Ferrari: The 7 Stages of Self-Awakening",7.99,"http://ecx.images-amazon.com/images/I/51-YAHjdgHL.jpg",441,2081.19,4.72
0007198876,"Books",8909934,"Bad Dirt: v. 2: Wyoming Stories",9.73,"http://ecx.images-amazon.com/images/I/51SC60ZWCQL.jpg",763,2703.77,3.54
0007205503,"Books",2737482,"Halliwell's Film, Video &amp; DVD Guide 2006 (Halliwell's: The Movies That Matter)",742.22,"http://ecx.images-amazon.com/images/I/516A8PCaFwL.jpg",667,3081.7,4.62
0007195613,"Books",1373176,"Relaxation (HarperCollinsAudioBooks)",9.95,"http://ecx.images-amazon.com/images/I/51%2B%2BaOorHML.jpg",101,441.69,4.37
0007207719,"Books",917422,"Collins Tree Guide",389.01,"http://ecx.images-amazon.com/images/I/81s3fuaCqQL.jpg",662,2607.3,3.94
0007207093,"Books",7483147,"Medicine (Collins Internet-Linked Dictionary of)",513.01,"http://ecx.images-amazon.com/images/I/31C1EYQ3RSL.jpg",585,1845.33,3.15
0007198272,"Books",1588940,"Reflexology: The 5 elements and their 12 meridians : a unique approach",14.32,"http://ecx.images-amazon.com/images/I/41O-G3yqk3L.jpg",606,2258.82,3.73
0007203276,"Books",982657,"Sketching (Collins Gem)",5.69,"http://ecx.images-amazon.com/images/I/511Ij5SRR2L.jpg",274,1186.81,4.33
0007193467,"Books",6941637,"Complete Mission Praise: Large Type Words",32.32,"http://ecx.images-amazon.com/images/I/412SZ%2BiVF8L.jpg",739,3609.08,4.88
0007202474,"Books",2729182,"Smith of Wootton Major",6.29,"http://ecx.images-amazon.com/images/I/51NZVTYHEJL.jpg",860,4074.74,4.74
0007193785,"Books",4402378,"Sir Alf : A Major Reappraisal of the Life and Times of England's Greatest Football Manager",11.99,"http://ecx.images-amazon.com/images/I/51F47YFQJML.jpg",771,3289.94,4.27
0007203500,"Books",1116536,"Collins Dictionary for Writers and Editors",16.74,"http://ecx.images-amazon.com/images/I/41W6kGiJr9L.jpg",454,1619.35,3.57
0007203772,"Books",3413515,"What Works: The Secrets of the World's Best Organisations and Communities",7.59,"http://ecx.images-amazon.com/images/I/71wFLWPxceL.jpg",327,1190.03,3.64
0007205155,"Books",8685953,"Albert Le Blanc",536.62,"http://ecx.images-amazon.com/images/I/4136Y12JXZL.jpg",921,3007.04,3.26
0007197772,"Books",1011446,"Sedona Method: How to Get Rid of Your Emotional Baggage and Live the Life You Want",13.05,"http://ecx.images-amazon.com/images/I/51jvEctJ%2BSL.jpg",254,843.98,3.32
0007202334,"Books",3276476,"The Poetry of Rudyard Kipling",7.99,"http://ecx.images-amazon.com/images/I/51FHZ8W8ENL.jpg",533,1876.2,3.52
0007204396,"Books",3846167,"The Diary of a Manhattan Call Girl",7.99,"http://ecx.images-amazon.com/images/I/51uoZUJq5pL.jpg",290,1226.27,4.23
000720700X,"Books",1844715,"Mr Dixon Disappears:  The Mobile Library",788.7,"http://ecx.images-amazon.com/images/I/31hFINWYYKL.jpg",715,2464.49,3.45
000719773X,"Books",4069408,"Your Chinese Horoscope 2006: What the Year of the Dog Holds in Store for You",506.2,"http://ecx.images-amazon.com/images/I/51EE931096L.jpg",956,3969.98,4.15
0007207077,"Books",4750214,"The Tolkien Treasury",6.05,"http://ecx.images-amazon.com/images/I/61CTG2BCDRL.jpg",368,1113.15,3.02
0007208693,"Books",900531,"Foul!: The Secret World of Fifa: Bribes, Vote Rigging and Ticket Scandals",12.31,"http://ecx.images-amazon.com/images/I/5146%2BfHGHeL.jpg",341,1322.45,3.88
000720874X,"Books",7367148,"The Times T2 Crossword Book 11 (Bk. 11)",432.1,"http://ecx.images-amazon.com/images/I/51M6e1-sxaL.jpg",825,3132.34,3.8
0007199090,"Books",1320776,"Buildings in Watercolour (Collins Learn to Paint)",90.07,"http://ecx.images-amazon.com/images/I/51BXCASNZHL.jpg",286,932.14,3.26
000719739X,"Books",2000792,"Flashman on the March",9.99,"http://ecx.images-amazon.com/images/I/51V01B0PGKL.jpg",755,3173.89,4.2
0007206976,"Books",1095859,"Tiger's Child",6.83,"http://ecx.images-amazon.com/images/I/41o5twcVfVL.jpg",813,3671.81,4.52
0007209967,"Books",2037956,"Collins Rhyming Dictionary",344.29,"http://ecx.images-amazon.com/images/I/51K64g%2BaRhL.jpg",599,1814.09,3.03
0007203624,"Books",1582618,"Britain in the Middle Ages: An Archaeological History",11.89,"http://ecx.images-amazon.com/images/I/51hniN6LsKL.jpg",383,1371.32,3.58
0007201001,"Books",1966610,"Evil Under the Sun: Complete &amp; Unabridged",116.6,"http://ecx.images-amazon.com/images/I/51voX2SVTHL.jpg",673,2032.89,3.02
0007210698,"Books",1420958,"Noddy Lends a Hand (Noddy Toyland Adventures)",118.01,"http://ecx.images-amazon.com/images/I/41Q48JP5WYL.jpg",913,4323.2,4.74
0007212046,"Books",1115532,"Mother Goose: One Hundred Best-Loved Verses",13.6,"http://ecx.images-amazon.com/images/I/61suu-bNuiL.jpg",298,1154.26,3.87
0007205988,"Books",344754,"Mind Map Handbook: The Ultimate Thinking Tool",8.89,"http://ecx.images-amazon.com/images/I/51yAlZe-wkL.jpg",392,1550.5,3.96
0007196091,"Books",1214600,"The Little Prisoner: How a Childhood Was Stolen and a Trust Betrayed",8.86,"http://ecx.images-amazon.com/images/I/413TXE1C76L.jpg",305,1139.43,3.74
0007198922,"Books",5500024,"The Perfect 10",281.62,"http://ecx.images-amazon.com/images/I/41PPH2N0JTL.jpg",168,614.57,3.66
0007192932,"Books",372664,"The Element Encyclopedia of Witchcraft: The Complete A-Z for the Entire Magical World",12.99,"http://ecx.images-amazon.com/images/I/51EXK3C9CPL.jpg",274,1064.96,3.89
0007203373,"Books",1474233,"The Uxbridge English Dictionary. Tim Brooke-Taylor ... [Et Al.] (I'm Sorry I Haven't a Clue)",14.36,"http://ecx.images-amazon.com/images/I/41KXX1HBFPL.jpg",239,1015.9,4.25
0007201451,"Books",1018568,"Matt Goss: More Than You Know",21.06,"http://ecx.images-amazon.com/images/I/51RP77ZRBTL.jpg",732,3504.67,4.79
0007206615,"Books",4367500,"Nora's Dinners",208.49,"http://ecx.images-amazon.com/images/I/214rxdf%2B1VL.jpg",359,1250.34,3.48
0007212224,"Books",7300023,"Eric Morecambe Unseen: The Lost Diaries Jokes and Photographs",613.89,"http://ecx.images-amazon.com/images/I/51H28CDTFSL.jpg",764,2436.8,3.19
0007203004,"Books",1394991,"Anna and the Black Knight: Incorporating Anna's Book",6.29,"http://ecx.images-amazon.com/images/I/51gjc2wyoKL.jpg",511,2334.39,4.57
0007179812,"Books",227077,"Microserfs",13.06,"http://ecx.images-amazon.com/images/I/71OUiW758QL.jpg",840,3250.67,3.87
0007204108,"Books",1087459,"The Times Bridge",9.11,"http://ecx.images-amazon.com/images/I/51CK8e%2BGBfL.jpg",458,2200.97,4.81
0007213859,"Books",223269,"Watercolour Textures (Collins Artist's Studio)",20.13,"http://ecx.images-amazon.com/images/I/61QGYx1cnpL.jpg",323,1317.6,4.08
000720762X,"Books",1847411,"More Than You Know: The Autobiography",8.89,"http://ecx.images-amazon.com/images/I/51KZKKHKGKL.jpg",443,2023.17,4.57
0007207603,"Books",4028743,"The Shadow of Solomon: The Lost Secret of the Freemasons Revealed",11.99,"http://ecx.images-amazon.com/images/I/51YNDEQFX0L.jpg",759,3523.68,4.64
0007196822,"Books",4136014,"Pests, Diseases &amp; Disorders of Garden Plants (Collins Complete Photo Guides)",19.99,"http://ecx.images-amazon.com/images/I/51Z9WWS28FL.jpg",820,2477.9,3.02
0007211376,"Books",1366926,"Percy the Park Keeper: A Classic Treasury",8.81,"http://ecx.images-amazon.com/images/I/51tcPWGj3NL.jpg",939,3591.74,3.83
0007198140,"Books",2218839,"Drawing for Beginners",14.64,"http://ecx.images-amazon.com/images/I/51uIPYdD19L.jpg",966,4029.15,4.17
0007212666,"Books",1513283,"Ratcatcher",6.2,"http://ecx.images-amazon.com/images/I/51jjc5FT3tL.jpg",786,3072.1,3.91
0007212119,"Books",3442504,"The Mentor",6.64,"http://ecx.images-amazon.com/images/I/216dan%2BprAL.jpg",961,4097.89,4.26
0007212801,"Books",4994673,"Let's Dance: The Essential Guide to Ballroom for Amateur Dancers",428.3,"http://ecx.images-amazon.com/images/I/51YDEB9MX8L.jpg",113,420.82,3.72
0007202725,"Books",1471128,"Abstracts (Collins Learn to Paint)",18.45,"http://ecx.images-amazon.com/images/I/513AIr%2BwlTL.jpg",858,2756.24,3.21
0007199074,"Books",785295,"Celtic Daily Prayer",20.75,"http://ecx.images-amazon.com/images/I/41326M4K3ZL.jpg",744,3675.54,4.94
0007210361,"Books",640269,"Asthma-Free Naturally: Everything You Need to Know About Taking Control of Your Asthma--Featuring the Buteyko Breathing Method Suitable for Adults and Children",10.67,"http://ecx.images-amazon.com/images/I/41q8QxWqXzL.jpg",246,997.82,4.06
0007212798,"Books",1536343,"Speed Addicts: Grand Prix Racing",370.66,"http://ecx.images-amazon.com/images/I/417EK0H7DVL.jpg",341,1492.25,4.38
0007208316,"Books",616160,"The Complete Works of William Shakespeare (Collins)",1.99,"http://ecx.images-amazon.com/images/I/81F3aPuHydL.jpg",421,1418.84,3.37
0007210132,"Books",494676,"Collins COBUILD Advanced Learner's English Dictionary: Hardcover with CD-ROM",54.22,"http://ecx.images-amazon.com/images/I/517oLsH2BXL.jpg",596,1895.2,3.18
0007216734,"Books",2557021,"Scotland the Best: The Guide Scots Trust (Collins)",18.93,"http://ecx.images-amazon.com/images/I/51gxFGZPltL.jpg",437,1623.49,3.72
0007216718,"Books",6947774,"The Name You Once Gave Me (Quick Reads)",5.99,"http://ecx.images-amazon.com/images/I/21CIWNr4h2L.jpg",873,4095.4,4.69
0007209657,"Books",1667030,"Some Sunny Day",6.64,"http://ecx.images-amazon.com/images/I/518bX3xE8BL.jpg",740,2696.68,3.64
0007200854,"Books",1440032,"The Magdalene Legacy: The Jesus and Mary Bloodline Conspiracy - Revelations Beyond &quot;The Da Vinci Code&quot;",76.71,"http://ecx.images-amazon.com/images/I/31PJyYoMmQL.jpg",845,3040.61,3.6
000722088X,"Books",4885595,"Barefoot in Mullyneeny: A Boy's Journey Towards Belonging",6.99,"http://ecx.images-amazon.com/images/I/51weNJwC9FL.jpg",345,1716.74,4.98
0007219040,"Books",317186,"Secret Language of Birds: A Treasury of Myths, Folklore and Inspirational True Stories",14.05,"http://ecx.images-amazon.com/images/I/31I94hSEL8L.jpg",656,2289.47,3.49
0007193602,"Books",2529606,"Mog Time: 6 Stories about Mog",8.8,"http://ecx.images-amazon.com/images/I/51aXnzG-APL.jpg",941,4043.42,4.3
0007217811,"Books",487349,"Stormed Fortress (Alliance of Light, Vol. 5) (Bk. 5)",5.69,"http://ecx.images-amazon.com/images/I/514U0lrJ1HL.jpg",984,2969.43,3.02
0007223633,"Books",1864836,"The Times Killer Su Doku: The Deadly New Dimension",8.96,"http://ecx.images-amazon.com/images/I/41dHr5vK4vL.jpg",904,4392.22,4.86
0007209053,"Books",1792608,"Six Degrees: Our Future on a Hotter Planet",8.89,"http://ecx.images-amazon.com/images/I/51vudUEs0rL.jpg",699,2195.54,3.14
000720728X,"Books",218870,"Bigger than Hitler - Better than Christ",7.59,"http://ecx.images-amazon.com/images/I/51LEHdtv6IL.jpg",565,2490.81,4.41
0007208081,"Books",1427584,"The Lost Babes: Manchester United and the Forgotten Victims of Munich",8.89,"http://ecx.images-amazon.com/images/I/51otsPVcv8L.jpg",367,1600.11,4.36
0007210825,"Books",2601937,"Mermaid Magic: All About Mermaids and How to Bring Their Magic into Your Life",796.23,"http://ecx.images-amazon.com/images/I/516N59W0GVL.jpg",199,910.63,4.58
0007218664,"Books",2206203,"Somebody Else's Kids",7.19,"http://ecx.images-amazon.com/images/I/41vfnwaGenL.jpg",206,777.84,3.78
0007220871,"Books",2439221,"A Word In Your Shell-Like",15.74,"http://ecx.images-amazon.com/images/I/51wPoEUf9oL.jpg",453,1458.0,3.22
0007212089,"Books",4278853,"The Judas",8.8,"http://ecx.images-amazon.com/images/I/514nelEF5XL.jpg",658,3009.89,4.57
0007212712,"Books",1950933,"Resurrectionist",12.13,"http://ecx.images-amazon.com/images/I/51BfDWxYQ0L.jpg",842,3819.36,4.54
0007225768,"Books",3900569,"The GL Diet Cookbook: Over 150 Tasty Recipes for Easy Weight Loss",396.17,"http://ecx.images-amazon.com/images/I/416Z9H2V03L.jpg",722,2252.85,3.12
0007199082,"Books",2930046,"Landscapes in Pastel (Collins Learn to Paint)",15.8,"http://ecx.images-amazon.com/images/I/41F72QSSB1L.jpg",468,1571.59,3.36
000721376X,"Books",1194982,"Innocent Smoothie Recipe Book: 57 1/2 recipes from our kitchen to yours (Bk. 2)",14.31,"http://ecx.images-amazon.com/images/I/41m0u6ONnIL.jpg",896,3720.75,4.15
0007222017,"Books",1210742,"Street Kid:  One Child's Desperate Fight for Survival",6.64,"http://ecx.images-amazon.com/images/I/51FTVcV1LeL.jpg",903,3996.86,4.43
0007225237,"Books",259166,"Vibrant Watercolours (Collins Artist's Studio)",25.59,"http://ecx.images-amazon.com/images/I/61p724IBuQL.jpg",811,2909.03,3.59
0007217838,"Books",413842,"Initiate's Trial (Wars of Light and Shadow: Sword of the Canon)",8.99,"http://ecx.images-amazon.com/images/I/51t5Tr7vyTL.jpg",888,2784.19,3.14
0007214723,"Books",940340,"Totally Frank: The Autobiography of Frank Lampard",8.89,"http://ecx.images-amazon.com/images/I/41iePeufPKL.jpg",819,3862.66,4.72
0007225644,"Books",3590848,"Tolkien Diary 2007: The Lord of the Rings",195.99,"http://ecx.images-amazon.com/images/I/512S5NCKPPL.jpg",425,2075.83,4.88
0007211503,"Books",2970915,"Collins Gem Calorie Counter: Plus Protein, Carb, Fat &amp; Fibre",6.33,"http://ecx.images-amazon.com/images/I/41aMRBMGbDL.jpg",950,3484.47,3.67
0007216521,"Books",2819491,"Garden in the Clouds: From Derelict Smallholding to Mountain Paradise",764.64,"http://ecx.images-amazon.com/images/I/41OIQoTsy4L.jpg",753,2547.57,3.38
0007225032,"Books",9331680,"Scotland Map by Collins (English, French and German Edition)",546.32,"http://ecx.images-amazon.com/images/I/51v0l-yzlQL.jpg",215,878.08,4.08
0007215991,"Books",147484,"The Tiger Who Came to Tea",12.75,"http://ecx.images-amazon.com/images/I/81XuAn20jCL.jpg",839,2568.85,3.06
0007228198,"Books",1790887,"Noddy Lift-The-Flap Pocket Library",499.82,"http://ecx.images-amazon.com/images/I/51sp0JdNnjL.jpg",274,1349.54,4.93
0007204477,"Books",3354162,"The Colour of Blood (Harper Perennial Modern Classics)",37.95,"http://ecx.images-amazon.com/images/I/21C55N1AGSL.jpg",941,3005.71,3.19
0007223773,"Books",173025,"The Villa in Italy",3.99,"http://ecx.images-amazon.com/images/I/51RSPepU4kL.jpg",562,2333.55,4.15
0007220677,"Books",3901102,"Haunted Britain: Over 100 of the UK's Scariest Places to Visit",6.99,"http://ecx.images-amazon.com/images/I/412RU%2BYUZ8L.jpg",149,594.74,3.99
0007225172,"Books",40399,"The Juice Master Keeping it Simple: Over 100 Delicious Juices and Smoothies",10.68,"http://ecx.images-amazon.com/images/I/51K8ENYir1L.jpg",602,2922.09,4.85
0007225784,"Books",1424136,"Tana Ramsay's Family Kitchen: Simple and Delicious Recipes for Every Family",13.59,"http://ecx.images-amazon.com/images/I/51MB7MAQG9L.jpg",425,1603.83,3.77
0007213514,"Books",2382189,"The Scent of Death",14.44,"http://ecx.images-amazon.com/images/I/51H-DOixNRL.jpg",382,1606.26,4.2
0007223749,"Books",1200670,"Don't Tell Mummy: A True Story of the Ultimate Betrayal",11.18,"http://ecx.images-amazon.com/images/I/417ZrHwRBCL.jpg",985,4322.97,4.39
0007223706,"Books",2496275,"East of Desolation",7.69,"http://ecx.images-amazon.com/images/I/71mvbGTmmoL.jpg",936,2921.35,3.12
0007227418,"Books",1382370,"Collins Spanish Conversation (Collins Easy Learning Spanish)",5.99,"http://ecx.images-amazon.com/images/I/41XRhIZpEVL.jpg",561,1963.08,3.5
0007224451,"Books",1766135,"The Dream of Rome",11.18,"http://ecx.images-amazon.com/images/I/51EC-WxHgWL.jpg",850,3982.69,4.69
0007214782,"Books",2948621,"Social Work (Collins Internet-Linked Dictionary of)",372.2,"http://ecx.images-amazon.com/images/I/21HJ54Y9FXL.jpg",458,2040.21,4.45
000721460X,"Books",646370,"Band of Brigands: The First Men in Tanks",15.38,"http://ecx.images-amazon.com/images/I/61gY4AQ31xL.jpg",308,1304.32,4.23
0007209665,"Books",3457274,"The Grafton Girls",6.64,"http://ecx.images-amazon.com/images/I/51ap18onpAL.jpg",236,926.44,3.93
0007210949,"Books",2150526,"Absolute Power (The New Heroes)",7.59,"http://ecx.images-amazon.com/images/I/51HOIwTcoQL.jpg",996,4048.21,4.06
0007223722,"Books",2492357,"The Valhalla Exchange",7.59,"http://ecx.images-amazon.com/images/I/51V5G83ECEL.jpg",232,893.9,3.85
0007230591,"Books",920679,"Born to Run",10.3,"http://ecx.images-amazon.com/images/I/816KhXem%2BpL.jpg",172,652.64,3.79
0007220928,"Books",4811060,"Collins Internet-linked Dictionary of Astronomy (Collins Dictionary of)",254.85,"http://ecx.images-amazon.com/images/I/514TKH7K32L.jpg",640,2061.68,3.22
0007231482,"Books",5746566,"The Times Good University Guide 2007",2.54,"http://ecx.images-amazon.com/images/I/21SHJ7PERVL.jpg",283,1086.45,3.84
0007232144,"Books",2375961,"&quot;Sharpe&quot; Cut: The Inside Story of the Creation of a Major Television Series",2.99,"http://ecx.images-amazon.com/images/I/51542YFMHXL.jpg",997,3299.28,3.31
0007229690,"Books",2196592,"What's Left?: How Liberals Lost Their Way",9.63,"http://ecx.images-amazon.com/images/I/51MX7773W1L.jpg",739,3040.3,4.11
0007226454,"Books",6379562,"Oracle of the Grail Code: The Book and Card Collection",356.06,"http://ecx.images-amazon.com/images/I/411E9F9FBAL.jpg",239,1063.95,4.45
000723404X,"Books",5407262,"Karate (Collins Need to Know?)",88.98,"http://ecx.images-amazon.com/images/I/41D2Fcaps3L.jpg",621,2474.19,3.98
0007225520,"Books",326979,"Warsaw 1920: Lenin's Failed Conquest of Europe",8.89,"http://ecx.images-amazon.com/images/I/51yeMBxchGL.jpg",333,1080.66,3.25
0007228627,"Books",2429345,"Diary of a Married Call Girl",533.38,"http://ecx.images-amazon.com/images/I/21VV9EB8Q5L.jpg",819,3900.4,4.76
0007231814,"Books",1716503,"Acrylics: Step-By-Step Acrylics for the Absolute Beginner (Collins You Can Paint)",16.66,"http://ecx.images-amazon.com/images/I/41TD6JKPX7L.jpg",776,3665.24,4.72
0007224125,"Books",1340711,"Collins Gem Scots Dictionary",9.45,"http://ecx.images-amazon.com/images/I/51Iq9XtoiSL.jpg",511,1541.59,3.02
0007234708,"Books",2420261,"Halliwell's Film Video and DVD Guide 2007 (Halliwell's: The Movies That Matter)",16.99,"http://ecx.images-amazon.com/images/I/61hlNXhREXL.jpg",763,2783.9,3.65
0007217196,"Books",400678,"Flashman in the Great Game: From the Flashman Papers, 1856-1858",13.16,"http://ecx.images-amazon.com/images/I/81dOBFiPsKL.jpg",422,1544.58,3.66
0007232861,"Books",466139,"Sabotage",350.52,"http://ecx.images-amazon.com/images/I/51T%2Bl3zHiDL.jpg",480,2237.81,4.66
000720969X,"Books",1727456,"As Time Goes By",6.64,"http://ecx.images-amazon.com/images/I/51tJ3ReeXOL.jpg",947,3533.24,3.73
0007214839,"Books",5589513,"Tracing Your Family History (Collins S.)",19.99,"http://ecx.images-amazon.com/images/I/51K98WSR8WL.jpg",978,3902.31,3.99
0007233108,"Books",2408210,"Age-Proof Your Brain: Sharpen Your Memory in 7 Days",691.55,"http://ecx.images-amazon.com/images/I/41EHQQCMNXL.jpg",290,1014.76,3.5
0007232292,"Books",1775108,"The Dark Side of the Moon: The Making of the Pink Floyd Masterpiece",242.99,"http://ecx.images-amazon.com/images/I/416WZP1WFVL.jpg",620,2405.39,3.88
0007228554,"Books",1072914,"Pinhoe Egg (Chrestomanci)",28.95,"http://ecx.images-amazon.com/images/I/51EVHS8WNRL.jpg",876,2843.81,3.25
0007205996,"Books",5179314,"Why I Love My Mummy.",7.99,"http://ecx.images-amazon.com/images/I/51Jh%2Bg8pFxL.jpg",328,1506.55,4.59
0007230397,"Books",1598844,"The Principessa",492.51,"http://ecx.images-amazon.com/images/I/51pCgbjq6-L.jpg",602,2864.92,4.76
0007236832,"Books",3336345,"Collins Complete Guide to British Wildlife: A Photographic Guide to Every Common Species (Collins Complete Photo Guides)",612.37,"http://ecx.images-amazon.com/images/I/51t-IWjMP0L.jpg",694,2942.53,4.24
0007234031,"Books",1266381,"God's Little Book of Calm",1.99,"http://ecx.images-amazon.com/images/I/513RSPGdCGL.jpg",691,2515.8,3.64
0007233221,"Books",3336599,"Derek Acorah: Extreme Psychic",6.64,"http://ecx.images-amazon.com/images/I/51JYVDC1CRL.jpg",957,4033.99,4.22
0007229321,"Books",3873967,"100 Magnificent Muffins &amp; Scones",28.16,"http://ecx.images-amazon.com/images/I/51IYxcYrESL.jpg",938,3430.42,3.66
0007233450,"Books",4927982,"Alfred and Emily",9.78,"http://ecx.images-amazon.com/images/I/41h0kF-jZYL.jpg",901,4295.94,4.77
0007233485,"Books",2949356,"Neil Lennon: Man and Bhoy",8.89,"http://ecx.images-amazon.com/images/I/51WsZEdd0aL.jpg",361,1217.48,3.37
0007232853,"Books",463176,"Jimmy Coates - Revenge",114.13,"http://ecx.images-amazon.com/images/I/51cJobBpnNL.jpg",438,2183.54,4.99
0007228953,"Books",789410,"Mog the Forgetful Cat",6.83,"http://ecx.images-amazon.com/images/I/51%2BCRxxjoyL.jpg",639,2360.47,3.69
0007232071,"Books",3621790,"The Spanish Civil War: Reaction, Revolution &amp; Revenge (Rev. Ed.)",8.89,"http://ecx.images-amazon.com/images/I/71xBNKF8TbL.jpg",167,637.62,3.82
0007230583,"Books",1227856,"Alone on a Wide Wide Sea",6.29,"http://ecx.images-amazon.com/images/I/51JiAMrImqL.jpg",689,2996.52,4.35
0007229453,"Books",452645,"Tony Visconti: The Autobiography: Bowie, Bolan and the Brooklyn Boy",8.89,"http://ecx.images-amazon.com/images/I/51V1JXtEtvL.jpg",688,2307.37,3.35
0007231989,"Books",2974209,"Bird Cloud",10.14,"http://ecx.images-amazon.com/images/I/51bBB1bHsRL.jpg",765,2463.92,3.22
0007235631,"Books",381173,"Cathedral Cats",51.53,"http://ecx.images-amazon.com/images/I/51CuETITfQL.jpg",384,1534.15,4.0
0007229038,"Books",795593,"Holiday in a Coma &amp; Love Lasts Three Years: two novels by Frederic Beigbeder",5.98,"http://ecx.images-amazon.com/images/I/517gBm45uTL.jpg",502,1626.1,3.24
0007241127,"Books",2186598,"The Queen's Hinglish: How to Speak Pukka",8.09,"http://ecx.images-amazon.com/images/I/61og2DY9uPL.jpg",740,3628.6,4.9
0007236069,"Books",327222,"Watercolour for the Absolute Beginner",12.64,"http://ecx.images-amazon.com/images/I/51Ec5OULQjL.jpg",834,3390.54,4.07
0007230206,"Books",871881,"Wolf Hall",7.99,"http://ecx.images-amazon.com/images/I/81fKXcKlJML.jpg",751,2959.13,3.94
0007228104,"Books",453186,"Thirst",26.68,"http://ecx.images-amazon.com/images/I/411R188ACKL.jpg",647,2037.98,3.15
0007233884,"Books",2711606,"Close Your Eyes. Amanda Eyre Ward",13.18,"http://ecx.images-amazon.com/images/I/51Wt7oRROfL.jpg",626,2090.02,3.34
0007233094,"Books",1023433,"A Year in Green Tea and Tuk-Tuks: My Unlikely Adventure Creating an Eco Farm in Sri Lanka",13.39,"http://ecx.images-amazon.com/images/I/51pkXCF70eL.jpg",567,2506.46,4.42
0007229348,"Books",2157517,"The Baby Mind Reader: Amazing Psychic Stories from the Man Who Can Read Babies' Minds",683.49,"http://ecx.images-amazon.com/images/I/51qdjuhgjkL.jpg",333,1157.2,3.48
0007241526,"Books",3320386,"Once Were Lions: The Players' Stories: Inside the World's Most Famous Rugby Team",15.99,"http://ecx.images-amazon.com/images/I/51HYr5xlfKL.jpg",103,411.92,4.0
0007242344,"Books",4986671,"Collins Butterfly Guide: The Most Complete Field Guide to the Butterflies of Britain and Europe",757.67,"http://ecx.images-amazon.com/images/I/51csz3n%2BNvL.jpg",504,1739.99,3.45
0007232616,"Books",138433,"The Element Encyclopedia of 20,000 Dreams: The Ultimate A-Z to Interpret the Secrets of Your Dreams",11.99,"http://ecx.images-amazon.com/images/I/51CCDNHB2VL.jpg",898,3646.11,4.06
0007241070,"Books",2696003,"The War Room",213.6,"http://ecx.images-amazon.com/images/I/41xYBlhVdgL.jpg",296,941.26,3.18
0007219083,"Books",1900180,"The &quot;Lord of the Rings&quot; Official Stage Companion: Staging the Greatest Show on Middle-Earth",26.85,"http://ecx.images-amazon.com/images/I/51HuS93c5eL.jpg",509,2498.9,4.91
0007237596,"Books",626592,"A Greedy Man in a Hungry World",9.78,"http://ecx.images-amazon.com/images/I/51pBT6M1LXL.jpg",947,3133.63,3.31
0007232896,"Books",1407561,"Times Crossword Book 12 (Bk. 12)",7.16,"http://ecx.images-amazon.com/images/I/4117wyszSYL.jpg",646,2397.94,3.71
0007243677,"Books",3581182,"Cameron: The Rise of the New Conservative",11.66,"http://ecx.images-amazon.com/images/I/51Xoq4rRMbL.jpg",768,2802.79,3.65
0007241100,"Books",1650813,"Corgi and Bess: More Wit and Wisdom from the House of Windsor",7.59,"http://ecx.images-amazon.com/images/I/5139PhTflgL.jpg",468,1932.99,4.13
0007245653,"Books",2629692,"Fun Start: An Activity a Week to Maximize Your Baby's Potential from 0 to 5",503.37,"http://ecx.images-amazon.com/images/I/419sscJWRrL.jpg",799,3551.97,4.45
000724164X,"Books",7500800,"Dog Collar",524.73,"http://ecx.images-amazon.com/images/I/51SKnnUf7-L.jpg",954,4014.72,4.21
0007244355,"Books",8651130,"Writing Fiction (Collins Need to Know?)",501.17,"http://ecx.images-amazon.com/images/I/41Ox8cOT7-L.jpg",152,641.51,4.22
0007231784,"Books",4357547,"Drawing Manga",764.34,"http://ecx.images-amazon.com/images/I/61TD0OG55EL.jpg",321,1182.88,3.68
0007232101,"Books",2024443,"Cloister Cats",725.55,"http://ecx.images-amazon.com/images/I/61ejv%2BdXuuL.jpg",231,902.02,3.9
0007216149,"Books",2378230,"Lost Voices of the Edwardians",10.67,"http://ecx.images-amazon.com/images/I/51ckRCTC63L.jpg",315,1121.24,3.56
0007236379,"Books",2001821,"Please, Daddy, No: A Boy Betrayed",3.79,"http://ecx.images-amazon.com/images/I/51R324BXG3L.jpg",802,3214.27,4.01
0007232349,"Books",2018559,"Conrad and Lady Black: Dancing on the Edge",546.78,"http://ecx.images-amazon.com/images/I/51H7ZF39RVL.jpg",401,1970.26,4.91
0007236360,"Books",26051,"Damaged: The Heartbreaking True Story of a Forgotten Child",0.99,"http://ecx.images-amazon.com/images/I/51UQ6a-eWaL.jpg",506,1659.24,3.28
0007214634,"Books",4048297,"Eat Me: Love, Sex and the Art of Eating",6.83,"http://ecx.images-amazon.com/images/I/41bOae7AO0L.jpg",963,4651.05,4.83
0007247850,"Books",2584237,"The Botanical Palette: Colour for the Botanical Painter",22.47,"http://ecx.images-amazon.com/images/I/51bnHCM78mL.jpg",281,927.0,3.3
0007229542,"Books",3963531,"Derek Acorah's Ghost Towns",4.99,"http://ecx.images-amazon.com/images/I/71MPDmIhLzL.jpg",586,2251.21,3.84
0007247818,"Books",3279972,"Chelp and Chunter: How to Talk Tyke",570.9,"http://ecx.images-amazon.com/images/I/51czhrunugL.jpg",492,1716.18,3.49
0007245750,"Books",886194,"How to Get from Where You Are to Where You Want to Be: The 25 Principles of Success",12.19,"http://ecx.images-amazon.com/images/I/51YLEF-abHL.jpg",519,1645.68,3.17
000724214X,"Books",2174999,"My Father's Watch: The Story of a Child Prisoner in 70's Britain",7.59,"http://ecx.images-amazon.com/images/I/51csKqr9R0L.jpg",722,2498.64,3.46
0007243502,"Books",2140006,"Lost River",2.99,"http://ecx.images-amazon.com/images/I/31cwqeSYX1L.jpg",202,779.6,3.86
0007247362,"Books",2374968,"Disaster Survival (Collins Gem)",5.69,"http://ecx.images-amazon.com/images/I/41YX5K%2BtK%2BL.jpg",125,379.97,3.04
0007246498,"Books",2964694,"Collected Love Poems",8.89,"http://ecx.images-amazon.com/images/I/71sGvEWw6WL.jpg",123,471.65,3.83
0007245742,"Books",272801,"Abandoned: The true story of a little girl who didn't belong",3.79,"http://ecx.images-amazon.com/images/I/41r%2BXjsE7pL.jpg",934,2981.49,3.19
0007243561,"Books",1849714,"Ssssh! Duck, Don't Wake the Baby",6.29,"http://ecx.images-amazon.com/images/I/51vXoIJI3oL.jpg",146,674.67,4.62
0007247400,"Books",2490231,"Edward Heath: The Authorised Biography",11.04,"http://ecx.images-amazon.com/images/I/41aasenjIYL.jpg",511,2213.53,4.33
0007246250,"Books",1450211,"God's Little Book of Hope",3.99,"http://ecx.images-amazon.com/images/I/41wYDoQTwUL.jpg",817,2457.45,3.01
0007247729,"Books",918260,"Henry: Virtuous Prince",6.0,"http://ecx.images-amazon.com/images/I/51ZDAymaF%2BL.jpg",637,2151.17,3.38
0007250320,"Books",6351564,"Film by Spencer Ludwig",383.13,"http://ecx.images-amazon.com/images/I/51PWOPBEcWL.jpg",457,1842.38,4.03
0007214863,"Books",7333308,"Troll Blood",6.64,"http://ecx.images-amazon.com/images/I/5163C42DRAL.jpg",968,4801.9,4.96
0007248008,"Books",1139909,"The Times Killer Su Doku: Bk. 3",8.69,"http://ecx.images-amazon.com/images/I/41J-jJp-YRL.jpg",585,1907.78,3.26
000724939X,"Books",3374577,"The Times: Bridge Secrets: The Expert's Guide to Improving Your Game (Times (Times Books))",332.84,"http://ecx.images-amazon.com/images/I/51%2BBbCmER4L.jpg",197,890.67,4.52
0007230087,"Books",2782445,"Who Do You Think You Are? Trace Your Family History Back to the Tudors (Bk. 3)",4.0,"http://ecx.images-amazon.com/images/I/51gpoIQBo8L.jpg",568,1712.0,3.01
000724794X,"Books",2544335,"The Incredible Book Eating Boy",12.43,"http://ecx.images-amazon.com/images/I/5123DGAKM7L.jpg",225,964.61,4.29
0007251947,"Books",312088,"Paddington's Suitcase",11.55,"http://ecx.images-amazon.com/images/I/71QdHMP%2BruL.jpg",496,1864.54,3.76
0007244339,"Books",5430827,"Ruby Parker: Hollywood Star",6.64,"http://ecx.images-amazon.com/images/I/51dNHqy2ZoL.jpg",330,1153.25,3.49
0007248199,"Books",754449,"Wildlife of Kenya, Tanzania and Uganda (Traveller's Guide)",15.55,"http://ecx.images-amazon.com/images/I/51T03Q3IQEL.jpg",802,2753.8,3.43
0007245815,"Books",529919,"Memories, Dreams and Reflections",8.89,"http://ecx.images-amazon.com/images/I/51hQoa%2BBaDL.jpg",116,410.28,3.54
0007244576,"Books",4256511,"Blind Eye",3.79,"http://ecx.images-amazon.com/images/I/51wYbgMSlzL.jpg",919,2877.57,3.13
0007237677,"Books",1201329,"Bonds of Love",1.99,"http://ecx.images-amazon.com/images/I/41xY828WwOL.jpg",494,2123.7,4.3
0007247397,"Books",3618934,"India with Sanjeev Bhaskar: One Man's Personal Journey Round the Subcontinent",8.99,"http://ecx.images-amazon.com/images/I/81jsAJWo1EL.jpg",963,4529.03,4.7
0007253990,"Books",491530,"Stranger (Patrick Hedstrom and Erica Falck)",12.58,"http://ecx.images-amazon.com/images/I/71ow4mEpqML.jpg",326,1159.11,3.56
0007248075,"Books",261004,"Not Without My Sister: The True Story of Three Girls Violated and Betrayed by Those They Trusted",3.79,"http://ecx.images-amazon.com/images/I/51ClHykbw%2BL.jpg",768,2754.25,3.59
0007242638,"Books",744847,"Wayne Rooney: My Decade in the Premier League",1.99,"http://ecx.images-amazon.com/images/I/51pU9GT2bvL.jpg",573,2019.57,3.52
0007245955,"Books",1754611,"Sociology: Themes and Perspectives (Haralambos and Holborn)",748.12,"http://ecx.images-amazon.com/images/I/51RhBi8LdzL.jpg",193,688.14,3.57
0007253567,"Books",1500640,"Rules of War",3.79,"http://ecx.images-amazon.com/images/I/51pSJndAMjL.jpg",804,2706.79,3.37
0007247958,"Books",609375,"All About Me: Loving a Narcissist",8.89,"http://ecx.images-amazon.com/images/I/41dSrbukP9L.jpg",385,1238.16,3.22
0007247664,"Books",1530580,"Monarchy: From the Middle Ages to Modernity",26.95,"http://ecx.images-amazon.com/images/I/51kRpC6zvZL.jpg",706,3340.31,4.73
0007241887,"Books",5512473,"The Return to Narnia: The Rescue of Prince Caspian (The Chronicles of Narnia)",372.86,"http://ecx.images-amazon.com/images/I/61Z1WEh9KbL.jpg",353,1490.72,4.22
0007247613,"Books",3263396,"Paddy Crerand: Never Turn the Other Cheek",8.89,"http://ecx.images-amazon.com/images/I/51PQQMMNmiL.jpg",162,544.57,3.36
0007251858,"Books",1732691,"Secret Churches: Ecclesiastical Gems from Around Britain &amp; Ireland",77.98,"http://ecx.images-amazon.com/images/I/51ylv-U2bNL.jpg",326,1246.66,3.82
0007245629,"Books",4043419,"15-Minute Yoga (Collins Gem)",1.99,"http://ecx.images-amazon.com/images/I/41zyD-z6ACL.jpg",482,1509.44,3.13
0007249594,"Books",1838767,"Fallen Angel (The Roth Trilogy)",11.43,"http://ecx.images-amazon.com/images/I/51BY57BM6WL.jpg",658,3245.04,4.93
0007254008,"Books",419244,"The Gallows Bird",11.95,"http://ecx.images-amazon.com/images/I/51WUEQ2dqtL.jpg",954,4217.01,4.42
0007229496,"Books",930602,"Last Highlander: Scotland's Most Notorious Clan-Chief, Rebel and Double-Agent",8.0,"http://ecx.images-amazon.com/images/I/51r-wqe9zmL.jpg",548,2466.64,4.5
0007248490,"Books",993436,"Tender Volume 1, . a Cook and His Vegetable Patch",25.69,"http://ecx.images-amazon.com/images/I/51GEW8WwVGL.jpg",520,2165.75,4.16
0007255357,"Books",2912370,"Spanish: Beginner (Collins Language Revolution) (Spanish and English Edition)",10.0,"http://ecx.images-amazon.com/images/I/71U30HKHTfL.jpg",475,2243.69,4.72
0007241658,"Books",1280430,"The Times Samurai Su Doku: 100 Original Puzzles",7.19,"http://ecx.images-amazon.com/images/I/51SsaJ0XkCL.jpg",895,3346.92,3.74
0007243324,"Books",3782558,"Drawing Cartoons: A Complete Guide",382.34,"http://ecx.images-amazon.com/images/I/51wlxGTjqaL.jpg",207,865.08,4.18
0007248156,"Books",2809470,"Cosmic Ordering in 7 Easy Steps: How to Make Life Work for You",8.89,"http://ecx.images-amazon.com/images/I/417X8PZ4WFL.jpg",600,1969.81,3.28
0007251203,"Books",7181755,"Collins Stars and Planets Guide",14.02,"http://ecx.images-amazon.com/images/I/41THeEs4vJL.jpg",258,1051.37,4.08
0007250355,"Books",2655991,"&quot;How to Look Good Naked&quot;: Shop for Your Shape and Look Amazing!",15.26,"http://ecx.images-amazon.com/images/I/31yyvZzBQ0L.jpg",279,1074.62,3.85
0007257945,"Books",5030446,"Tolkien: The Children of Hurin Diary 2008",517.47,"http://ecx.images-amazon.com/images/I/51EY01C8WWL.jpg",930,3300.43,3.55
0007256817,"Books",33523,"Punished: A mother's cruelty. A daughter's survival. A secret that couldn't be told.",3.79,"http://ecx.images-amazon.com/images/I/51vwQ70y6AL.jpg",862,3624.4,4.2
000725539X,"Books",1437569,"The Dangerous Book for Boys Yearbook",9.98,"http://ecx.images-amazon.com/images/I/51AmZTp2SUL.jpg",247,916.06,3.71
0007249578,"Books",5693853,"Sadie",6.64,"http://ecx.images-amazon.com/images/I/51afuSskMiL.jpg",329,1387.08,4.22
0007251157,"Books",1945709,"Comrade Jim: The Spy Who Played for Spartak",9.99,"http://ecx.images-amazon.com/images/I/51NiVTOWQJL.jpg",935,3086.4,3.3
0007247826,"Books",3226444,"Taak of the Toon: How to Speak Geordie",9.99,"http://ecx.images-amazon.com/images/I/41HMptvOJSL.jpg",445,1446.81,3.25
0007256302,"Books",2343860,"Dead Man's List",11.36,"http://ecx.images-amazon.com/images/I/51ChJNx67dL.jpg",219,1089.45,4.97
0007255470,"Books",5198803,"On Fishing",8.0,"http://ecx.images-amazon.com/images/I/4141P-KITNL.jpg",221,860.87,3.9
000725041X,"Books",1964481,"The Times Samurai Su Doku: Bk. 2",8.96,"http://ecx.images-amazon.com/images/I/51XAq6ViaFL.jpg",243,956.27,3.94
0007244002,"Books",1144352,"When Daddy Comes Home",3.79,"http://ecx.images-amazon.com/images/I/41n%2BjK3eExL.jpg",191,644.11,3.37
0007230028,"Books",8883867,"The Favoured Child",11.02,"http://ecx.images-amazon.com/images/I/51PSnSXx2GL.jpg",489,1918.91,3.92
0007248121,"Books",2994045,"Collins Gem Carbon Counter: Calculate Your Carbon Footprint",1.99,"http://ecx.images-amazon.com/images/I/51Nh8otMrzL.jpg",578,2015.74,3.49
000725881X,"Books",880016,"Silent Boy: He Was a Frightened Boy Who Refused to Speak- Until a Teacher's Love Broke Through the Silence",7.19,"http://ecx.images-amazon.com/images/I/51wuIFlr2pL.jpg",742,3226.53,4.35
000725198X,"Books",4251653,"The Little Book of Calorie Burning",3.99,"http://ecx.images-amazon.com/images/I/51Qa0OF3N5L.jpg",265,1258.63,4.75
0007254474,"Books",3391663,"Twinkles, Arthur and Puss",8.99,"http://ecx.images-amazon.com/images/I/21sr9ndjbDL.jpg",224,1092.22,4.88
0007259441,"Books",2429084,"Mog Collection",8.99,"http://ecx.images-amazon.com/images/I/510g98aszuL.jpg",392,1793.54,4.58
0007260806,"Books",618118,"Halliwell's Film Guide 2008 (Halliwell's the Movies That Matter)",8.35,"http://ecx.images-amazon.com/images/I/51fL3yYOaML.jpg",453,1494.47,3.3
0007256035,"Books",732488,"The Kitchen Diaries II: A Year of Simple Suppers. Nigel Slater",28.15,"http://ecx.images-amazon.com/images/I/81lIK49rJ3L.jpg",102,472.61,4.63
0007255438,"Books",3797431,"Tell Me Why, Mummy: A Little Boy's Struggle to Survive. A Mother's Shameful Secret. The Power to Forgive.",6.64,"http://ecx.images-amazon.com/images/I/41iVCG34QiL.jpg",408,1539.8,3.77
0007261152,"Books",2847632,"Angel Held My Hand: Inspiring True Stories of the Afterlife",1.99,"http://ecx.images-amazon.com/images/I/41bjgH0Cx3L.jpg",895,3364.12,3.76
000725721X,"Books",1026023,"Monster War (Nightmare Academy)",773.95,"http://ecx.images-amazon.com/images/I/61UvqZ5RDtL.jpg",804,3366.28,4.19
0007256965,"Books",1571136,"Undressing Emmanuelle: A Life Stripped Bare",11.89,"http://ecx.images-amazon.com/images/I/51wcKwkn5wL.jpg",486,2188.68,4.5
0007259735,"Books",2472108,"The Times Great Victorian Lives: An Era in Obituaries (Times (Times Books))",19.99,"http://ecx.images-amazon.com/images/I/51PvzerNgCL.jpg",132,616.2,4.67
0007263538,"Books",6017554,"Collins Complete British Wildlife: The Definitive Guide to Britain's Plants and Animals",337.73,"http://ecx.images-amazon.com/images/I/51oENtRyH5L.jpg",285,1378.07,4.84
0007248946,"Books",1272291,"Learn to Paint: Light and Shade in Watercolour (Collins Learn to Paint Series)",19.35,"http://ecx.images-amazon.com/images/I/51Ptiup7QfL.jpg",657,2310.95,3.52
0007263759,"Books",4824847,"Collins Russian Dictionary (Collins Pocket)",513.28,"http://ecx.images-amazon.com/images/I/414h1CD8psL.jpg",552,1720.96,3.12
0007261136,"Books",2091996,"Easy Learning Mandarin Chinese Dictionary (Collins Easy Learning Chinese) (Chinese and English Edition)",241.72,"http://ecx.images-amazon.com/images/I/51d48we8aPL.jpg",337,1606.25,4.77
000725637X,"Books",2309031,"Tell Me Why, Mummy: A Little Boy's Struggle to Survive. A Mother's Shameful Secret. The Power to Forgive.",4.78,"http://ecx.images-amazon.com/images/I/413bZ385dWL.jpg",550,1980.34,3.6
0007259387,"Books",1398133,"Sketching (Collins 30-Minute Painting)",13.76,"http://ecx.images-amazon.com/images/I/51jejDffSHL.jpg",132,591.4,4.48
0007255365,"Books",2277140,"Collins Language Revolution! Spanish: Beginner Plus (Spanish Edition)",10.0,"http://ecx.images-amazon.com/images/I/51SYk-20lcL.jpg",707,2156.41,3.05
000725931X,"Books",1786577,"Rachel's Favourite Food for Living",11.04,"http://ecx.images-amazon.com/images/I/5103ZXmabhL.jpg",770,2601.61,3.38
0007242212,"Books",11188091,"Dictators (Collins GEM)",621.9,"http://ecx.images-amazon.com/images/I/51WZ8Pk6u1L.jpg",730,3348.95,4.59
0007259247,"Books",2818628,"211 Things a Bright Girl Can Do",395.23,"http://ecx.images-amazon.com/images/I/51diVrHAuIL.jpg",894,3765.06,4.21
0007240279,"Books",272167,"The World of Karl Pilkington",11.36,"http://ecx.images-amazon.com/images/I/41A160dwehL.jpg",536,2413.81,4.5
0007261489,"Books",3689905,"Vibrators: 100 of the Best Vibrators in the World",451.3,"http://ecx.images-amazon.com/images/I/41s3rkmS5nL.jpg",163,718.97,4.41
0007264488,"Books",269243,"Times Crossword Book 13 (Bk. 13)",7.08,"http://ecx.images-amazon.com/images/I/51tJJjVS3qL.jpg",545,2643.59,4.85
0007258801,"Books",1428990,"Somebody Else's Kids",7.19,"http://ecx.images-amazon.com/images/I/41AxUB1CK0L.jpg",397,1948.84,4.91
0007264925,"Books",2558331,"The Sleepover Club: Dance-Off!",4.74,"http://ecx.images-amazon.com/images/I/81bneUNzQcL.jpg",127,520.16,4.1
0007259883,"Books",194458,"Gordon Ramsay's Playing with Fire",11.04,"http://ecx.images-amazon.com/images/I/51WZfQTxKzL.jpg",277,1131.9,4.09
0007235801,"Books",824673,"Like the Flowing River: Thoughts and Reflections",3.99,"http://ecx.images-amazon.com/images/I/A1XG4Fw%2B%2BCL.jpg",597,2822.91,4.73
0007266588,"Books",3049278,"Collins Gem 48-Hour Detox: Quick-Fix Plans for Healthy Weight Loss",1.99,"http://ecx.images-amazon.com/images/I/41n8ViL03kL.jpg",777,2793.34,3.6
0007265050,"Books",1558590,"Riverford Farm Cook Book: Tales from the Fields, Recipes from the Kitchen",10.67,"http://ecx.images-amazon.com/images/I/5188jDOY0gL.jpg",540,2578.46,4.77
0007262000,"Books",3281671,"Serious Survival: How to Poo in the Arctic &amp; Other Essential Tips",339.16,"http://ecx.images-amazon.com/images/I/61Z5l0gmwwL.jpg",914,2987.49,3.27
0007244665,"Books",1453519,"On Fairy-Stories",7.19,"http://ecx.images-amazon.com/images/I/21E25HJvYmL.jpg",859,4105.19,4.78
0007256620,"Books",2559200,"How Do Dinosaurs - Pocket Library",10.19,"http://ecx.images-amazon.com/images/I/51y75vgccjL.jpg",384,1812.74,4.72
0007259336,"Books",2560607,"Tana Ramsay's Real Family Food: Delicious Recipes for Everyday Occasions",766.78,"http://ecx.images-amazon.com/images/I/51BOTM0wpML.jpg",725,2964.12,4.09
000726528X,"Books",1648541,"Across the Mersey",1.99,"http://ecx.images-amazon.com/images/I/51kTWt563RL.jpg",301,1013.48,3.37
0007267010,"Books",3069399,"Running Wild",6.29,"http://ecx.images-amazon.com/images/I/61LGo%2B2enUL.jpg",146,595.68,4.08
0007268998,"Books",359511,"Skull and Bones (John Silver)",6.0,"http://ecx.images-amazon.com/images/I/51yzPErAXZL.jpg",274,1325.87,4.84
0007263783,"Books",1562676,"Please Don't Make Me Go: The True Story of the Little Boy Who Couldn't Be Beaten",407.67,"http://ecx.images-amazon.com/images/I/31kagIi3bqL.jpg",851,3382.06,3.97
0007263937,"Books",1351583,"The New Uxbridge English Dictionary",14.36,"http://ecx.images-amazon.com/images/I/51WtPezJHdL.jpg",218,943.34,4.33
0007266944,"Books",1293135,"Grail Enigma: The Hidden Heirs of Jesus and Mary Magdalene",14.16,"http://ecx.images-amazon.com/images/I/51ECKfSgPNL.jpg",563,1937.24,3.44
0007261497,"Books",538954,"The Element Encyclopedia of Birthdays",11.89,"http://ecx.images-amazon.com/images/I/51%2BLa9jGpYL.jpg",694,2272.87,3.28
0007262833,"Books",468211,"Seeing Red",8.89,"http://ecx.images-amazon.com/images/I/51UtG9DS-3L.jpg",812,3228.41,3.98
0007269099,"Books",517613,"In the Blood (Carson Ryder, Book 5)",523.98,"http://ecx.images-amazon.com/images/I/61FDPioyTYL.jpg",138,603.86,4.38
0007259743,"Books",2084394,"An Unfit Mother: How to Get Your Health, Shape and Sanity Back After Childbirth",8.0,"http://ecx.images-amazon.com/images/I/51W7%2BsDEdrL.jpg",122,525.92,4.31
0007264941,"Books",2764986,"Best Friends! (The Sleepover Club)",4.74,"http://ecx.images-amazon.com/images/I/51yQT0BVnSL.jpg",648,2152.48,3.32
0007263945,"Books",1683298,"A Table in the Tarn: Living, Eating and Cooking in South-west France",13.0,"http://ecx.images-amazon.com/images/I/41jxgt0i-FL.jpg",419,1768.44,4.22
0007261055,"Books",2967786,"Collins Easy Learning German Dictionary (Collins Easy Learning Dictionaries) (German and English Edition)",15.42,"http://ecx.images-amazon.com/images/I/31C2cfYLSKL.jpg",251,901.41,3.59
0007261098,"Books",3323877,"Bradford's Pocket Crossword Solver's Dictionary (Collins Gem)",8.96,"http://ecx.images-amazon.com/images/I/81Sj25TcogL.jpg",169,728.93,4.31
0007270682,"Books",580493,"Collins Scottish Birds",16.89,"http://ecx.images-amazon.com/images/I/41Lqn4Jv7lL.jpg",958,4492.06,4.69
0007233264,"Books",450860,"The &quot;Times&quot; Japanese Logic Puzzles: Hitori, Hashi, Slitherlink and Mosaic",6.29,"http://ecx.images-amazon.com/images/I/41SXWICFZvL.jpg",665,3182.2,4.79
0007263694,"Books",8603193,"Extreme Su Doku: Bk. 1",5.39,"http://ecx.images-amazon.com/images/I/51JLmLY3jWL.jpg",357,1635.2,4.58
0007268858,"Books",487408,"Necklace: 13 Women, 1 Diamond Necklace and a Fabulous Idea",10.87,"http://ecx.images-amazon.com/images/I/51x6Gc5decL.jpg",258,1191.58,4.62
0007267444,"Books",144026,"I Miss Mummy: The true story of a frightened young girl who is desperate to go home",3.79,"http://ecx.images-amazon.com/images/I/41%2BrR9zaKuL.jpg",639,2439.83,3.82
0007270755,"Books",1142997,"Ocean Devil: The life and legend of George Hogg",705.06,"http://ecx.images-amazon.com/images/I/71myjIrIDAL.jpg",936,3591.86,3.84
0007262043,"Books",14392388,"Death at Dawn",7.21,"http://ecx.images-amazon.com/images/I/51WoHs6LH6L.jpg",329,1175.75,3.57
0007268777,"Books",591788,"Daddy's Little Earner: A heartbreaking true story of a brave little girl's escape from violence",3.79,"http://ecx.images-amazon.com/images/I/51YW%2BL4st7L.jpg",854,4000.54,4.68
0007267045,"Books",1040832,"Gordon Ramsay's Great Escape: 100 Recipes Inspired by Asia",13.59,"http://ecx.images-amazon.com/images/I/81IrzC%2BV5JL.jpg",875,4128.51,4.72
000727324X,"Books",1882321,"My Baby Sister (Humber and Plum, Book 2)",8.99,"http://ecx.images-amazon.com/images/I/51-%2B1BIMJHL.jpg",421,2094.05,4.97
0007259700,"Books",659790,"Bake",9.99,"http://ecx.images-amazon.com/images/I/51lELXt5olL.jpg",177,860.39,4.86
0007268807,"Books",1521957,"My Father's Keeper",11.46,"http://ecx.images-amazon.com/images/I/41Y1bTH0xOL.jpg",496,1633.75,3.29
0007266766,"Books",1317385,"Branson",15.26,"http://ecx.images-amazon.com/images/I/51eLsEhbF3L.jpg",743,3644.55,4.91
000726500X,"Books",866238,"Ching's Chinese Food in Minutes",11.04,"http://ecx.images-amazon.com/images/I/51xBRLE9bOL.jpg",971,3970.21,4.09
0007269218,"Books",925459,"Easy Learning Grammar and Punctuation (Collins Easy Learning English)",5.99,"http://ecx.images-amazon.com/images/I/51y1gxtBLOL.jpg",806,2627.74,3.26
000726531X,"Books",1520727,"Heroes, Villains &amp; Velodromes: Chris Hoy &amp; Britain's Track Cycling Revolution",7.59,"http://ecx.images-amazon.com/images/I/41QQJtSzQzL.jpg",730,2560.99,3.51
0007271328,"Books",3774646,"We're British, Innit: An Irreverent A-Z of All Things British",13.3,"http://ecx.images-amazon.com/images/I/51RMmgowayL.jpg",481,1667.72,3.47
0007267371,"Books",6057935,"Islands (Collins New Naturalist)",725.32,"http://ecx.images-amazon.com/images/I/21sMdnkFwIL.jpg",482,2335.74,4.85
0007265905,"Books",1320681,"The Heart of the Family",6.64,"http://ecx.images-amazon.com/images/I/51N9Mqqr9KL.jpg",978,3901.01,3.99
0007251971,"Books",2035106,"Wild Garlic, Gooseberries and Me",10.67,"http://ecx.images-amazon.com/images/I/51udws7NOGL.jpg",135,587.01,4.35
0007261667,"Books",3382445,"Tiger",7.16,"http://ecx.images-amazon.com/images/I/51tq-B5lSpL.jpg",228,905.69,3.97
0007263570,"Books",2163289,"The Way of Nowhere: Eight Questions to Release Our Creative Potential",15.99,"http://ecx.images-amazon.com/images/I/21Wwd1ZbcEL.jpg",296,1251.93,4.23
0007270089,"Books",3093854,"Girl on the Platform (Quick Reads)",296.19,"http://ecx.images-amazon.com/images/I/51GPGFOVE4L.jpg",710,3209.48,4.52
0007267274,"Books",4144120,"The Little Book of Compost: Recipes for a Healthy Garden and Happy Planet (Little Book Of... (HarperCollins))",3.99,"http://ecx.images-amazon.com/images/I/51xboo%2BDbmL.jpg",216,1063.4,4.92
0007264712,"Books",1433808,"At the Gates of Darkness",7.19,"http://ecx.images-amazon.com/images/I/41esevL4Q8L.jpg",204,646.94,3.17
0007273282,"Books",964577,"Collins Guide to Scots Kith and Kin: A Guide to the Clans and Surnames of Scotland",7.15,"http://ecx.images-amazon.com/images/I/514cnsSrIqL.jpg",641,3134.51,4.89
0007267770,"Books",3695391,"Sociology as for Aqa (Collins A Level Sociology)",316.23,"http://ecx.images-amazon.com/images/I/41BKKZ0wkbL.jpg",380,1873.74,4.93
000726741X,"Books",3817367,"Haunted: Scariest Stories from the UK's No",6.64,"http://ecx.images-amazon.com/images/I/51cnl7O8u6L.jpg",776,3344.61,4.31
0007270984,"Books",7592075,"Paddington Puzzle and Play Book",22.26,"http://ecx.images-amazon.com/images/I/514s9grqq9L.jpg",146,639.79,4.38
0007272588,"Books",1365831,"The Times Killer Su Doku: Bk. 4",8.96,"http://ecx.images-amazon.com/images/I/412kkK7rgaL.jpg",246,1174.23,4.77
0007274645,"Books",2110993,"Bradford's Crossword Solver's Dictionary",16.11,"http://ecx.images-amazon.com/images/I/51r6SKQEeEL.jpg",963,3967.06,4.12
0007270828,"Books",1987465,"Dragons' Den: Success from Pitch to Profit",15.02,"http://ecx.images-amazon.com/images/I/519SnQtijtL.jpg",154,550.72,3.58
0007267142,"Books",432192,"Juice Yourself Slim: Lose Weight without Dieting",7.59,"http://ecx.images-amazon.com/images/I/51PisYYUEOL.jpg",812,3567.02,4.39
0007270968,"Books",136529,"Humble Pie",2.99,"http://ecx.images-amazon.com/images/I/51Z47YK5%2ByL.jpg",166,762.79,4.6
0007278799,"Books",2632243,"More Than Just a Game: Football v Apartheid",8.94,"http://ecx.images-amazon.com/images/I/31ZjVo6fi8L.jpg",315,1404.88,4.46
000727128X,"Books",3001790,"Your Personal Horoscope 2009: Month-by-month Forecasts for Every Sign",9.99,"http://ecx.images-amazon.com/images/I/31WWa-XTMeL.jpg",298,1320.71,4.43
0007254970,"Books",3310852,"London's Dead: A Guided Tour of the capital's dead",419.83,"http://ecx.images-amazon.com/images/I/510%2ByDps%2B%2BL.jpg",149,542.84,3.64
0007277016,"Books",2581064,"You Bet: The Betfair Story",8.89,"http://ecx.images-amazon.com/images/I/517jQZ9b9aL.jpg",976,3863.22,3.96
0007274068,"Books",269267,"Cry Silent Tears: The heartbreaking survival story of a small mute boy who overcame unbearable suffering and found his voice again",3.79,"http://ecx.images-amazon.com/images/I/41G%2BFLfWZ4L.jpg",502,2015.07,4.01
0007276141,"Books",1181026,"Painted Man (The Demon Cycle)",6.12,"http://ecx.images-amazon.com/images/I/71-tCNZGAYL.jpg",904,2805.96,3.1
0007270720,"Books",1330179,"Miracles of Life: Shanghai to Shepperton: An Autobiography",18.9,"http://ecx.images-amazon.com/images/I/81Kw2Wn37aL.jpg",338,1253.47,3.71
0007256493,"Books",2109944,"Watercolours (Collins 30-Minute Painting)",14.35,"http://ecx.images-amazon.com/images/I/51gciRVSESL.jpg",404,1999.35,4.95
0007266642,"Books",3037840,"Nowhere to Run",3.79,"http://ecx.images-amazon.com/images/I/71uTkNQiswL.jpg",493,2140.02,4.34
0007277849,"Books",1267026,"How to Master The Times Crossword: The Times Cryptic Crossword Demystified",17.96,"http://ecx.images-amazon.com/images/I/51DI1Z%2BO3XL.jpg",511,1986.37,3.89
0007277946,"Books",3947724,"The Abel &amp; Cole Cookbook: Easy, Seasonal, Organic",10.67,"http://ecx.images-amazon.com/images/I/51dv6W%2Bo4nL.jpg",396,1320.95,3.34
0007259174,"Books",2205728,"Country House Cats",213.75,"http://ecx.images-amazon.com/images/I/513bQ8NNUbL.jpg",988,3714.13,3.76
0007275943,"Books",709508,"Baking Made Easy",11.04,"http://ecx.images-amazon.com/images/I/71Cp2vmymnL.jpg",552,2174.0,3.94
0007276095,"Books",715084,"Home Made: Good, honest food made easy",11.89,"http://ecx.images-amazon.com/images/I/51TFKqlyRJL.jpg",451,2172.67,4.82
0007273436,"Books",446494,"Hazel Soan's African Watercolours",19.86,"http://ecx.images-amazon.com/images/I/51eXyMtfDLL.jpg",456,1482.46,3.25
0007274947,"Books",3015759,"Fighter Heroes of WWI: The Extraordinary Story of the Pioneering Airmen of the Great War",21.88,"http://ecx.images-amazon.com/images/I/51si7ciyM3L.jpg",379,1601.84,4.23
000727565X,"Books",2400488,"The Times: Holiday Su Doku 2: 200 Killer Su Doku Puzzles (Bk. 2)",8.96,"http://ecx.images-amazon.com/images/I/51GyGSFTcSL.jpg",661,2068.67,3.13
0007278233,"Books",2540600,"Look Who it Is!: My Story",7.59,"http://ecx.images-amazon.com/images/I/51DYQmcESKL.jpg",357,1242.08,3.48
0007270267,"Books",672104,"The Crossing of Ingo",12.74,"http://ecx.images-amazon.com/images/I/51MxgBQoKcL.jpg",147,499.85,3.4
0007260989,"Books",799050,"Hidden: Betrayed, Exploited and Forgotten. How One Boy Overcame the Odds.",6.64,"http://ecx.images-amazon.com/images/I/41x6GwuoJJL.jpg",388,1347.15,3.47
0007271751,"Books",2088726,"Collins Easy Learning Spanish (Collins Easy Learning Audio Course)",14.0,"http://ecx.images-amazon.com/images/I/71UDdzVI3QS.jpg",666,3244.04,4.87
0007281951,"Books",1465143,"The People's Queen",10.4,"http://ecx.images-amazon.com/images/I/51BVH7hzf%2BL.jpg",736,3152.35,4.28
000727405X,"Books",2661726,"Cry Silent Tears: The heartbreaking survival story of a small mute boy who overcame unbearable suffering and found his voice again",3.79,"http://ecx.images-amazon.com/images/I/41Kkn3%2B%2BtbL.jpg",712,2846.11,4.0
0007284896,"Books",347751,"People in Watercolour (Collins 30-Minute Painting)",8.89,"http://ecx.images-amazon.com/images/I/51hg7as0DuL.jpg",494,2137.5,4.33
0007284225,"Books",404371,"The Complete Navarone",134.8,"http://ecx.images-amazon.com/images/I/31fVJGkp8vL.jpg",697,3183.2,4.57
0007277512,"Books",408785,"Landscapes in Watercolour (Collins 30-Minute Painting)",8.89,"http://ecx.images-amazon.com/images/I/71bj726GSwL.jpg",779,2929.77,3.76
0007276915,"Books",247919,"House of the Hanged",12.98,"http://ecx.images-amazon.com/images/I/51lKqh1Do3L.jpg",985,4180.6,4.24
0007266782,"Books",3891338,"Tony Hancock: The Definitive Biography",602.72,"http://ecx.images-amazon.com/images/I/51jUz2BsG%2BL.jpg",427,1526.0,3.57
0007279043,"Books",1000672,"The Boy in the Dress",447.67,"http://ecx.images-amazon.com/images/I/51VWRZFBLlL.jpg",828,2910.5,3.52
0007268505,"Books",399255,"Flowers in Watercolour (Collins 30-Minute Painting)",8.27,"http://ecx.images-amazon.com/images/I/51U2lSBqPIL.jpg",181,847.48,4.68
0007271247,"Books",2762153,"Tommy's Honour: The Extraordinary Story of Golf's Founding Father and Son",418.18,"http://ecx.images-amazon.com/images/I/51-HaAGGT9L.jpg",811,2899.85,3.58
0007269706,"Books",1214481,"The Fellowship of the Ring: Being the First Part of the Lord of the Rings. by J.R.R. Tolkien (Pt. 1)",10.66,"http://ecx.images-amazon.com/images/I/71QX9bqSlmL.jpg",508,2131.69,4.2
0007285248,"Books",1285632,"Ship of Rome (Masters of the Sea)",3.79,"http://ecx.images-amazon.com/images/I/51cEzogcGvL.jpg",566,2202.42,3.89
0007278845,"Books",1038187,"The Hungry Cyclist",8.0,"http://ecx.images-amazon.com/images/I/51hMevUGrpL.jpg",234,793.5,3.39
0007270348,"Books",4380203,"Collins Need to Know? Cognitive Behavioural Therapy",8.89,"http://ecx.images-amazon.com/images/I/51ALCW5B2oL.jpg",911,3118.21,3.42
0007280998,"Books",92936,"Cut: The true story of an abandoned, abused little girl who was desperate to be part of a family",4.99,"http://ecx.images-amazon.com/images/I/41klokEYhUL.jpg",453,1580.73,3.49
0007267053,"Books",867385,"Gordon Ramsay's Great Escape. Reportage Photograpghy, Jonathan Gregson",13.59,"http://ecx.images-amazon.com/images/I/81bBinBfOtL.jpg",501,1757.0,3.51
0007281080,"Books",2481291,"The Sun Two-Speed Crossword Collection",10.76,"http://ecx.images-amazon.com/images/I/51RrFXTy3sL.jpg",152,484.46,3.19
0007278853,"Books",2513281,"Why We Lie: The Source of Our Disasters",7.59,"http://ecx.images-amazon.com/images/I/511MA5UpPWL.jpg",994,3022.56,3.04
0007286287,"Books",5161511,"Obstacles to Young Love",6.64,"http://ecx.images-amazon.com/images/I/81qrV4m4YdL.jpg",393,1203.55,3.06
0007286163,"Books",2283647,"Great Family Food",11.89,"http://ecx.images-amazon.com/images/I/51gFr%2B8HJTL.jpg",498,1687.75,3.39
0007288107,"Books",4621142,"Confessions of a Fake Sheik: The King of the Sting Reveals All",7.99,"http://ecx.images-amazon.com/images/I/51B1LFVSzxL.jpg",333,1400.87,4.21
0007268939,"Books",1999330,"Shadow Isle",5.99,"http://ecx.images-amazon.com/images/I/515NtBeGkxL.jpg",820,2813.39,3.43
000728814X,"Books",1056324,"&quot;Westlife&quot;: Our Story",8.04,"http://ecx.images-amazon.com/images/I/41BL7XobUnL.jpg",343,1077.36,3.14
0007270194,"Books",2504899,"Why I Love My Daddy",7.99,"http://ecx.images-amazon.com/images/I/51z4EDtFSwL.jpg",552,2284.36,4.14
0007285973,"Books",708219,"Kashmir Shawl",11.95,"http://ecx.images-amazon.com/images/I/912HNTmZV6L.jpg",806,3628.45,4.5
0007274688,"Books",975534,"FIRST WEEK AT COW SCHOOL",4.99,"http://ecx.images-amazon.com/images/I/61LwxQJ9YgL.jpg",972,3906.39,4.02
0007280858,"Books",1883315,"KENNETH WILLIAMS UNSEEN C",246.52,"http://ecx.images-amazon.com/images/I/612x7LTB7pL.jpg",272,1101.35,4.05
000725976X,"Books",119706,"Holy Bible: King James Version (KJV)",0.99,"http://ecx.images-amazon.com/images/I/41MszZ8YstL.jpg",795,2852.42,3.59
0007284926,"Books",618981,"Slim for Life: Freedom from the Diet Trap",6.64,"http://ecx.images-amazon.com/images/I/51RAC1SVzaL.jpg",528,2290.66,4.34
0007270909,"Books",1163108,"Paddington Pocket Library",11.55,"http://ecx.images-amazon.com/images/I/51DcBJ4Iw3L.jpg",707,2221.23,3.14
0007262639,"Books",3259316,"Praise! Our Songs and Hymns: New International Version Responsive Readings",741.61,"http://ecx.images-amazon.com/images/I/219cBA4%2BUsL.jpg",599,1970.19,3.29
0007286325,"Books",1306783,"The Eden Legacy",10.0,"http://ecx.images-amazon.com/images/I/810t7-ASwoL.jpg",895,2897.54,3.24
0007289537,"Books",341784,"Reading Lolita in Tehran: A Memoir in Books",11.95,"http://ecx.images-amazon.com/images/I/21u9wwH5yjL.jpg",288,1253.01,4.35
0007289944,"Books",55273,"Tattoo Sourcebook: Pick and Choose from Thousands of the Hottest Tattoo Designs",9.26,"http://ecx.images-amazon.com/images/I/917EsLHbBLL.jpg",461,2173.45,4.71
0007299044,"Books",1213618,"The Dream Dictionary from A to Z: The Ultimate A-Z to Interpret the Secrets of Your Dreams",7.19,"http://ecx.images-amazon.com/images/I/413VZjkUjxL.jpg",135,570.8,4.23
0007288409,"Books",429608,"I Heart Hollywood",20.95,"http://ecx.images-amazon.com/images/I/51G-PKcnKML.jpg",902,3136.05,3.48
000728019X,"Books",384682,"This Mitchell and Webb Book",29.08,"http://ecx.images-amazon.com/images/I/51YndieVofL.jpg",962,3383.63,3.52
0007269854,"Books",2527081,"The Ice Princess",7.59,"http://ecx.images-amazon.com/images/I/51E374Gi4iL.jpg",814,2658.4,3.27
0007278675,"Books",2839800,"Alamein: The Turning Point of World War Two",6.64,"http://ecx.images-amazon.com/images/I/51D9WARFxNL.jpg",713,3062.7,4.3
0007271166,"Books",1215486,"Conqueror",9.99,"http://ecx.images-amazon.com/images/I/51TOvgd%2BqqL.jpg",162,617.28,3.81
0007296878,"Books",3363948,"Killing Hour",10.4,"http://ecx.images-amazon.com/images/I/51fqFvu4TAL.jpg",966,4194.17,4.34
0007298455,"Books",2644980,"Collins Polish Dictionary and Grammar. (Collins Dictionary and Grammar)",559.89,"http://ecx.images-amazon.com/images/I/51RGhiwNoXL.jpg",919,3389.13,3.69
0007296819,"Books",2531189,"Whispering Gallery",165.72,"http://ecx.images-amazon.com/images/I/51f6seSFH0L.jpg",424,1382.83,3.26
0007299060,"Books",2043201,"Element Encyclopedia of Ghosts and Hauntings: The Ultimate A-Z of Spirits, Mysteries and the Paranormal",345.84,"http://ecx.images-amazon.com/images/I/51oAnwlz0WL.jpg",355,1193.73,3.36
0007281463,"Books",1607451,"Your Chinese Horoscope 2010: What the Year of the Tiger Holds in Store for You",9.99,"http://ecx.images-amazon.com/images/I/51a5lXWv71L.jpg",808,2912.91,3.61
0007284772,"Books",7049225,"A Spoonful of Sugar",10.99,"http://ecx.images-amazon.com/images/I/61Wt7CnCeHL.jpg",779,3227.25,4.14
0007298811,"Books",901429,"Articles of Faith",10.67,"http://ecx.images-amazon.com/images/I/51Zp0VCcK4L.jpg",563,2469.64,4.39
0007287968,"Books",2467664,"Nobody Came: The Appalling True Story of Brothers Cruelly Abused in a Jersey Care Home",7.59,"http://ecx.images-amazon.com/images/I/51IfSM5bkZL.jpg",473,2253.83,4.76
000727579X,"Books",1608121,"Rachel's Favourite Food at Home",17.66,"http://ecx.images-amazon.com/images/I/51PjOCrVUrL.jpg",848,4028.78,4.75
0007288727,"Books",2969408,"Georgia's Book of Wisdomosity",8.99,"http://ecx.images-amazon.com/images/I/41diKOKLwCL.jpg",448,1485.58,3.32
0007278470,"Books",1647183,"GCHQ",11.04,"http://ecx.images-amazon.com/images/I/51zSkv6BQwL.jpg",270,831.08,3.08
0007287380,"Books",3677438,"Birds of New Zealand, Hawaii, Central and West Pacific (Collins Field Guide)",13.59,"http://ecx.images-amazon.com/images/I/41BAMjFh5cL.jpg",549,2106.58,3.84
0007280807,"Books",2659003,"Mad for it: From Blackpool to Barcelona: Football's Greatest Rivalries",10.67,"http://ecx.images-amazon.com/images/I/51ZwuhKOpNL.jpg",932,3628.93,3.89
0007294727,"Books",3608390,"Masterclass: Make Your Home Cooking Easier",9.99,"http://ecx.images-amazon.com/images/I/51lmU2ezhOL.jpg",852,4243.69,4.98
0007287984,"Books",751923,"The White Raven (The Oathsworn Series, Book 3)",3.79,"http://ecx.images-amazon.com/images/I/51SlIqzNXuL.jpg",604,2634.06,4.36
0007299052,"Books",1931629,"The Element Encyclopedia of 1000 Spells",22.78,"http://ecx.images-amazon.com/images/I/51XD23OQqHL.jpg",868,3614.62,4.16
0007287941,"Books",3463984,"Nobody Came: The Appalling True Story of Brothers Cruelly Abused in a Jersey Care Home",7.59,"http://ecx.images-amazon.com/images/I/2154jS6OugL.jpg",389,1821.59,4.68
0007275927,"Books",1208916,"Home Cooking",11.04,"http://ecx.images-amazon.com/images/I/91bdohU7dpL.jpg",360,1785.94,4.96
0007301286,"Books",2607702,"Ugly Shy Girl",3.79,"http://ecx.images-amazon.com/images/I/51Pj6rsVjSL.jpg",278,1020.85,3.67
0007278314,"Books",4412401,"Shooting the Cook",8.89,"http://ecx.images-amazon.com/images/I/51GHVhSTA2L.jpg",390,1453.78,3.73
0007288859,"Books",1042474,"Once There Was a Boy--",17.17,"http://ecx.images-amazon.com/images/I/51qHewEd%2BwL.jpg",634,2377.39,3.75
0007299109,"Books",2009122,"Cow That Laid an Egg",7.99,"http://ecx.images-amazon.com/images/I/51pF3cw%2BzPL.jpg",407,1524.72,3.75
0007299281,"Books",128465,"Run, Mummy, Run",4.74,"http://ecx.images-amazon.com/images/I/51FhimEC4ZL.jpg",325,1254.06,3.86
0007302185,"Books",2547168,"Word Power Spanish (Collins Language Revolution!)",10.0,"http://ecx.images-amazon.com/images/I/51vMkKSaGoL.jpg",309,1030.43,3.33
0007300395,"Books",442186,"The Way of a Man with a Maid (Harper Perennial Forbidden Classics)",0.99,"http://ecx.images-amazon.com/images/I/71jwG17QbYL.jpg",162,754.22,4.66
0007303602,"Books",1697952,"Connected: The Amazing Power of Social Networks and How They Shape Our Lives",16.0,"http://ecx.images-amazon.com/images/I/51YV6-f0R2L.jpg",523,2240.16,4.28
0007302177,"Books",3465960,"Word Power Italian (Collins Language Revolution!)",274.22,"http://ecx.images-amazon.com/images/I/41Qp-FmoWuL.jpg",324,1512.66,4.67
0007300441,"Books",1656753,"Justine (Harper Perennial Forbidden Classics)",0.99,"http://ecx.images-amazon.com/images/I/71xe35SPhXL.jpg",831,3255.12,3.92
0007292570,"Books",964850,"Gavin &amp; Stacey: From Barry to Billericay",13.53,"http://ecx.images-amazon.com/images/I/51ALsDJOOSL.jpg",457,1687.63,3.69
000730112X,"Books",3364077,"Collins Scotland Touring Map",6.25,"http://ecx.images-amazon.com/images/I/61k21Gn39iL.jpg",905,3462.58,3.83
000730045X,"Books",346688,"The Autobiography of a Flea (Harper Perennial Forbidden Classics)",5.69,"http://ecx.images-amazon.com/images/I/71C3lUIX-UL.jpg",999,4558.14,4.56
0007304498,"Books",2384314,"Everything We Ever Wanted",6.0,"http://ecx.images-amazon.com/images/I/51rbDBwEQDL.jpg",885,3592.27,4.06
000730031X,"Books",1864467,"Rosa and the Magic Moonstone (Magic Ballerina, Book 9)",3.79,"http://ecx.images-amazon.com/images/I/515P2hKxC0L.jpg",789,2545.15,3.23
0007289820,"Books",432621,"Gordon Ramsay's Great British Pub Food",10.68,"http://ecx.images-amazon.com/images/I/51nVjXchdWL.jpg",695,3047.29,4.38
0007301294,"Books",1778897,"Echoes: Wickedly Terrifying Tales from the Undergrowth",6.99,"http://ecx.images-amazon.com/images/I/618UwZHcZbL.jpg",731,2867.01,3.92
0007301170,"Books",888105,"Oils (Collins 30-Minute Painting) (30 Minute Art (Collins))",12.02,"http://ecx.images-amazon.com/images/I/51U5-4NudiL.jpg",568,2817.38,4.96
0007289545,"Books",1274536,"The Viva Mayr Diet: 14 Days to a Flatter Stomach and a Younger You",5.69,"http://ecx.images-amazon.com/images/I/51KrADAo3qL.jpg",679,3215.05,4.73
0007304781,"Books",1558127,"Wyatt's Hurricane / Bahama Crisis",7.59,"http://ecx.images-amazon.com/images/I/51x7u0XQFtL.jpg",881,4062.23,4.61
0007301987,"Books",265294,"Richard Bandler's Guide to Trance-Formation: Make Your Life Great.",13.3,"http://ecx.images-amazon.com/images/I/51zJZI88YkL.jpg",820,3104.2,3.79
0007304005,"Books",3110975,"How to Blow Up Tollins",15.29,"http://ecx.images-amazon.com/images/I/61HY9ZbJmML.jpg",543,2365.88,4.36
0007291604,"Books",10739830,"Five Photos of My Wife",542.15,"http://ecx.images-amazon.com/images/I/71NHpSkkr%2BL.jpg",907,3751.62,4.14
0007286120,"Books",1349965,"Delphie and the Birthday Show (Magic Ballerina, Book 6)",3.79,"http://ecx.images-amazon.com/images/I/51DXB3u3RML.jpg",403,1574.18,3.91
0007300727,"Books",4319105,"Games Traitors Play",10.4,"http://ecx.images-amazon.com/images/I/51AjfketFML.jpg",876,3729.72,4.26
0007302304,"Books",228274,"River of Destiny",8.89,"http://ecx.images-amazon.com/images/I/51MzD4l6QrL.jpg",812,2897.86,3.57
0007289030,"Books",6458368,"Collins World Atlas (Collins World Atlases)",20.1,"http://ecx.images-amazon.com/images/I/518sEsjgOiL.jpg",132,571.73,4.33
000730904X,"Books",1423991,"Easy Meals: Over 180 Delicious Recipes to get you Through your Busy Life",8.89,"http://ecx.images-amazon.com/images/I/514L35jE6SL.jpg",457,1794.38,3.93
0007303106,"Books",1542048,"Gold Boy, Emerald Girl",9.66,"http://ecx.images-amazon.com/images/I/81y-Ysd6ivL.jpg",490,1478.7,3.02
0007302282,"Books",1843571,"The Time's Legacy",7.59,"http://ecx.images-amazon.com/images/I/31V9V-H7HAL.jpg",926,3861.16,4.17
0007286023,"Books",1276730,"Complete Mission Praise: Music edition",69.66,"http://ecx.images-amazon.com/images/I/41BO4E1R2zL.jpg",699,3473.27,4.97
0007298552,"Books",1678325,"The Prow Beast (Oathsworn)",7.59,"http://ecx.images-amazon.com/images/I/51xrd4Q1X5L.jpg",812,4013.34,4.94
0007303017,"Books",2515000,"Endal: How One Extraordinary Dog Brought a Family Back from the Brink",3.79,"http://ecx.images-amazon.com/images/I/41ZVgFqRyDL.jpg",768,3434.31,4.47
0007290454,"Books",1848655,"Dean Spanley: The Novel",7.59,"http://ecx.images-amazon.com/images/I/51CEQOmMriL.jpg",239,1175.52,4.92
0007309473,"Books",7731179,"Beauty and Atrocity: People, Politics and Ireland's Fight for Peace",15.99,"http://ecx.images-amazon.com/images/I/51zFwrdPNJL.jpg",197,872.38,4.43
0007309015,"Books",4531357,"Collins Very First Spanish Dictionary (Collins Primary Dictionaries) (Spanish and English Edition)",8.95,"http://ecx.images-amazon.com/images/I/81hhYCkYu9L.jpg",714,2563.7,3.59
0007293704,"Books",11744514,"True Blue: Strange Tales from a Tory Nation",13.99,"http://ecx.images-amazon.com/images/I/51tNzMaRydL.jpg",141,649.47,4.61
0007302622,"Books",757507,"Duck in the Truck",4.39,"http://ecx.images-amazon.com/images/I/51Zu2knxUuL.jpg",575,2597.38,4.52
0007299273,"Books",849538,"The Girl in the Mirror",0.99,"http://ecx.images-amazon.com/images/I/51XoTTsDkJL.jpg",861,2732.34,3.17
0007287321,"Books",7321349,"You'll Miss Me When I'm Gone",19.99,"http://ecx.images-amazon.com/images/I/51konXMieXL.jpg",757,3626.57,4.79
0007311354,"Books",859021,"Lewis Hamilton: My Story: Special Celebration Edition",13.46,"http://ecx.images-amazon.com/images/I/51XrIC-KvGL.jpg",239,885.98,3.71
0007298560,"Books",862171,"Crowbone (The Oathsworn Series)",11.89,"http://ecx.images-amazon.com/images/I/51XFIwF8k7L.jpg",366,1622.15,4.43
0007312520,"Books",547876,"The Octonauts &amp; the Sea of Shade. Meomi",12.2,"http://ecx.images-amazon.com/images/I/51jpVLapuIL.jpg",846,2927.33,3.46
0007310544,"Books",1043138,"LuLu's Secrets to Looking Good: Find Your Fabulous",34.95,"http://ecx.images-amazon.com/images/I/51X%2BlNa6dtL.jpg",444,1342.67,3.02
0007306199,"Books",6443871,"The Sonnets: A Novel",460.72,"http://ecx.images-amazon.com/images/I/51vM2UVZ6yL.jpg",173,710.62,4.11
0007281471,"Books",1889486,"Your Personal Horoscope 2010: Month-by-month Forecasts for Every Sign",9.99,"http://ecx.images-amazon.com/images/I/71DNFVTzpBL.jpg",821,2536.68,3.09
0007286171,"Books",889084,"Delphie and the Glass Slippers (Magic Ballerina, Book 4)",3.79,"http://ecx.images-amazon.com/images/I/51S%2BnRSzmTL.jpg",768,3830.55,4.99
0007306121,"Books",609228,"Miss Masala: Real Indian Cooking for Busy Living",15.29,"http://ecx.images-amazon.com/images/I/81A5Pq6CPSL.jpg",251,852.6,3.4
000729932X,"Books",1759104,"Nightstorm and the Grand Slam (Pony Club Secrets, Book 12)",4.74,"http://ecx.images-amazon.com/images/I/511hTAjk-gL.jpg",386,1400.23,3.63
0007298951,"Books",857460,"Element Encyclopedia of Secret Societies: The Ultimate A-Z of Ancient Mysteries, Lost Civilizations and Forgotten Wisdom",13.59,"http://ecx.images-amazon.com/images/I/71iVGF6J79L.jpg",970,4066.59,4.19
0007312547,"Books",539310,"Octonauts &amp; the Frown Fish",12.17,"http://ecx.images-amazon.com/images/I/51ShEaMW9fL.jpg",687,3381.28,4.92
0007309058,"Books",694306,"Cake: 200 Fabulous Foolproof Baking Recipes",19.99,"http://ecx.images-amazon.com/images/I/516QzxWAZyL.jpg",856,3248.95,3.8
0007308906,"Books",470408,"You Can't Read This Book: Censorship in an Age of Freedom (English and English Edition)",11.04,"http://ecx.images-amazon.com/images/I/51qaBVtbpzL.jpg",577,2155.19,3.74
0007306202,"Books",868529,"Just a Little Run Around the World: 5 Years, 3 Packs of Wolves and 53 Pairs of Shoes",13.46,"http://ecx.images-amazon.com/images/I/51KdgUvWqTL.jpg",692,2304.68,3.33
0007313969,"Books",254485,"The Times Codeword",8.87,"http://ecx.images-amazon.com/images/I/51TxgEfwT%2BL.jpg",268,874.87,3.26
0007281048,"Books",130719,"The Saddest Girl in the World",3.79,"http://ecx.images-amazon.com/images/I/41pM4ZlKTSL.jpg",982,4128.65,4.2
0007312679,"Books",3190889,"Tolkien Diary 2010",133.4,"http://ecx.images-amazon.com/images/I/31-toxM20QL.jpg",399,1302.89,3.27
0007309031,"Books",714746,"Entertaining at Home",19.99,"http://ecx.images-amazon.com/images/I/91Y95rW1UDL.jpg",117,502.45,4.29
0007315651,"Books",5269781,"This Little Piggy and Other Action Rhymes (Time for a Rhyme)",4.99,"http://ecx.images-amazon.com/images/I/515hDFidV1L.jpg",666,2822.72,4.24
0007310498,"Books",1089209,"Noddy Classic Pocket Library",670.88,"http://ecx.images-amazon.com/images/I/51sI-QxsA2L.jpg",343,1499.42,4.37
0007313535,"Books",1180002,"Operation Fortitude: The True Story of the Key Spy Operation of WWII That Saved D-Day",14.41,"http://ecx.images-amazon.com/images/I/51LAKtur56L.jpg",897,3380.44,3.77
0007308922,"Books",3173517,"Waiting for the Etonians: Reports from the Sickbed of Liberal England (English and English Edition)",11.04,"http://ecx.images-amazon.com/images/I/51FXSXvZ7iL.jpg",798,2779.62,3.48
0007310765,"Books",5102114,"The Thing Is . . .",11.99,"http://ecx.images-amazon.com/images/I/41sEB2tezjL.jpg",750,3118.86,4.16
0007305850,"Books",837575,"The Times Killer Su Doku 5 (Bk. 5)",8.69,"http://ecx.images-amazon.com/images/I/41WuQ3IdV3L.jpg",367,1312.44,3.58
0007298706,"Books",3519490,"Halfhead",2.99,"http://ecx.images-amazon.com/images/I/61RqEQC8UTL.jpg",901,3593.58,3.99
0007304749,"Books",548835,"Running Blind / The Freedom Trap",8.99,"http://ecx.images-amazon.com/images/I/518VgFnd66L.jpg",317,1546.31,4.88
0007312164,"Books",311699,"Last Chance to Die",10.0,"http://ecx.images-amazon.com/images/I/71irL9X1iSL.jpg",473,1860.96,3.93
0007315120,"Books",512318,"Virolution",11.46,"http://ecx.images-amazon.com/images/I/51rxQjBppoL.jpg",214,679.48,3.18
0007326394,"Books",4632050,"Food Combining for Health - Cookbook: Better Health and Weight Loss with the Hay Diet",180.47,"http://ecx.images-amazon.com/images/I/71YA2OzeSyL.jpg",773,3143.34,4.07
0007318979,"Books",1519519,"Last of the Summer Wine (Best of British Comedy)",6.64,"http://ecx.images-amazon.com/images/I/51lV6WTlIiL.jpg",892,4064.65,4.56
0007319274,"Books",4835878,"Times 2 Crossword Book 14",8.06,"http://ecx.images-amazon.com/images/I/41tlKDFCQ5L.jpg",319,1341.54,4.21
0007316089,"Books",3509203,"The Best Cow in Show",15.29,"http://ecx.images-amazon.com/images/I/61caM3zMiyL.jpg",361,1270.81,3.52
0007323174,"Books",1820932,"Collins Spanish Dictionary and Grammar (Collins Dictionary and Grammar) (Spanish and English Edition)",10.9,"http://ecx.images-amazon.com/images/I/41NfxmG-o0L.jpg",315,1315.35,4.18
0007320817,"Books",137718,"SAS Survival Guide: How to Survive in the Wild, on Land or Sea (Collins GEM)",11.29,"http://ecx.images-amazon.com/images/I/51FcBy0UYkL.jpg",824,2882.58,3.5
0007305885,"Books",1388629,"Bicycle Book",716.51,"http://ecx.images-amazon.com/images/I/51SfyHXe87L.jpg",448,1636.38,3.65
0007319150,"Books",1017407,"Sleuth: The Amazing Quest for Lost Art Treasures",12.84,"http://ecx.images-amazon.com/images/I/51zwqi-bRoL.jpg",305,1091.5,3.58
0007320671,"Books",1736834,"Genius of Britain",48.6,"http://ecx.images-amazon.com/images/I/51%2BX9Ua3mwL.jpg",195,593.42,3.04
0007321600,"Books",2543712,"Corrag",19.13,"http://ecx.images-amazon.com/images/I/511HtRrGc6L.jpg",334,1569.29,4.7
0007320183,"Books",1666666,"Rebellion (Matthew Hawkwood, No. 4)",23.36,"http://ecx.images-amazon.com/images/I/51ryUbwpJuL.jpg",998,3608.11,3.62
0007319290,"Books",440953,"Times Cryptic Crossword Book 14",8.06,"http://ecx.images-amazon.com/images/I/514OR-tMT3L.jpg",322,1577.32,4.9
000732717X,"Books",1076921,"Wolf Within: How I Learned to Talk Dog",14.53,"http://ecx.images-amazon.com/images/I/51IhG-bLsXL.jpg",752,3214.62,4.27
0007310722,"Books",2142241,"Sociology Themes and Perspectives Seventh Edition: As and A2 Student Handbook (Haralambos and Holborn)",757.75,"http://ecx.images-amazon.com/images/I/51RLU6PiD9L.jpg",107,330.19,3.09
0007321198,"Books",1605773,"Collins English Dictionary: 30th Anniversary Edition",45.31,"http://ecx.images-amazon.com/images/I/51dGxNC4u0L.jpg",739,3099.14,4.19
0007326602,"Books",1020098,"Heart to Heart",13.87,"http://ecx.images-amazon.com/images/I/41uIAu8JafL.jpg",257,1210.4,4.71
000731888X,"Books",2344843,"Imran Khan: The Cricketer, The Celebrity, The Politician",13.59,"http://ecx.images-amazon.com/images/I/51nSCxMjgjL.jpg",481,1952.63,4.06
0007323182,"Books",2109224,"Collins Italian Dictionary and Grammar (Collins Dictionary and Grammar) (Italian and English Edition)",5.69,"http://ecx.images-amazon.com/images/I/41c41nSf9vL.jpg",324,1011.46,3.12
000729896X,"Books",389338,"Element Encyclopedia of Secret Signs and Symbols: The Ultimate A-Z Guide from Alchemy to the Zodiac",15.29,"http://ecx.images-amazon.com/images/I/51iNN0k4uSL.jpg",307,1227.62,4.0
0007298498,"Books",1858442,"Bread Matters: Why and How to Make Your Own",27.42,"http://ecx.images-amazon.com/images/I/81pkLzEibkL.jpg",310,1066.71,3.44
0007324723,"Books",1833888,"Collins GEM Korean Dictionary (Korean and English Edition)",20.57,"http://ecx.images-amazon.com/images/I/51I7cUjsH1L.jpg",800,2559.69,3.2
000731504X,"Books",444504,"Florence and Giles",7.59,"http://ecx.images-amazon.com/images/I/51HT6sriAaL.jpg",441,1928.69,4.37
0007315732,"Books",2520282,"Wallis",12.48,"http://ecx.images-amazon.com/images/I/51t4EzO2xWL.jpg",318,1422.25,4.47
000731275X,"Books",767392,"For The Love of Food: Vegetarian Recipes from the Heart",12.74,"http://ecx.images-amazon.com/images/I/51u45TPQh6L.jpg",908,4089.07,4.5
0007321112,"Books",2410866,"Secret Letters of the Monk Who Sold His Ferrari",11.01,"http://ecx.images-amazon.com/images/I/41QwvKTQBCL.jpg",195,841.1,4.31
0007315694,"Books",100559,"Complete History of the World. Edited by Geoffrey Barraclough",22.79,"http://ecx.images-amazon.com/images/I/51RMTBg6KrL.jpg",919,4138.35,4.5
0007326033,"Books",89635,"Death Bringer (Skulduggery Pleasant)",11.87,"http://ecx.images-amazon.com/images/I/81rzNdiMqML.jpg",447,2016.57,4.51
0007324510,"Books",481847,"My Shit Life So Far",7.59,"http://ecx.images-amazon.com/images/I/51hnbCKJyPL.jpg",462,2307.26,4.99
0007311907,"Books",797187,"The Shadow Project",7.59,"http://ecx.images-amazon.com/images/I/81J3sYWjpXL.jpg",749,2528.11,3.38
0007313659,"Books",2900118,"Collins Easy Learning Greek (Collins Easy Learning Audio Course)",6.95,"http://ecx.images-amazon.com/images/I/71l%2BbGrgSES.jpg",824,3819.19,4.63
0007312741,"Books",608474,"Bete De Jour: The Intimate Adventures of an Ugly Man",8.99,"http://ecx.images-amazon.com/images/I/81RPTTRpFuS.jpg",857,3929.59,4.59
0007326017,"Books",158680,"Mortal Coil (Skulduggery Pleasant)",7.19,"http://ecx.images-amazon.com/images/I/81B1ylHEdwL.jpg",879,2746.37,3.12
0007317735,"Books",1488322,"Prophecy",9.99,"http://ecx.images-amazon.com/images/I/510X3K93P1L.jpg",209,679.84,3.25
0007329237,"Books",4407209,"Water Bears (Collins Big Cat)",508.03,"http://ecx.images-amazon.com/images/I/51EQna%2BijwL.jpg",912,4361.23,4.78
0007307381,"Books",1818963,"The Times: Difficult Su Doku Book 2 (Bk. 2)",8.96,"http://ecx.images-amazon.com/images/I/71tWmHSynXL.jpg",689,3318.87,4.82
0007312792,"Books",1441529,"Element Encyclopedia of Vampires",557.02,"http://ecx.images-amazon.com/images/I/51FY%2BbvACtL.jpg",704,2992.67,4.25
0007322054,"Books",1480014,"One Snowy Night (Percy the Park Keeper)",14.26,"http://ecx.images-amazon.com/images/I/51Z3l57coVL.jpg",315,1027.85,3.26
0007324154,"Books",1128304,"Kell's Legend (Clockwork Vampire Chronicles)",595.02,"http://ecx.images-amazon.com/images/I/51tbzXOhu7L.jpg",152,593.89,3.91
0007315155,"Books",4577369,"Mr Mumbles (Invisible Fiends, Book 1)",1.99,"http://ecx.images-amazon.com/images/I/51eMC%2BOa91L.jpg",890,3302.43,3.71
0007311672,"Books",1353693,"The Cutting Room",3.99,"http://ecx.images-amazon.com/images/I/51sexlKlMeL.jpg",407,1650.04,4.05
0007331533,"Books",1687943,"Collins Pocket Irish Dictionary (Irish and English Edition)",550.54,"http://ecx.images-amazon.com/images/I/413v8OGqZFL.jpg",306,1330.34,4.35
0007328680,"Books",1353506,"Ngaio Marsh: Her Life in Crime",9.78,"http://ecx.images-amazon.com/images/I/51sQR-Y-WSL.jpg",669,3296.27,4.93
0007325169,"Books",249059,"Mummy Knew: A terrifying step-father. A mother who refused to listen. A little girl desperate to escape.",3.79,"http://ecx.images-amazon.com/images/I/51Ix-Jusx4L.jpg",720,3225.81,4.48
0007333846,"Books",10819271,"The Memory Palace",8.89,"http://ecx.images-amazon.com/images/I/71Brbh0AQAL.jpg",975,4137.6,4.24
0007318537,"Books",1819905,"Work Your Wardrobe: Gok's Gorgeous Guide to Style that Lasts",11.04,"http://ecx.images-amazon.com/images/I/51Ov9bnYEtL.jpg",892,4327.07,4.85
0007333463,"Books",1979590,"The Prize (Pony Club Rivals, Book 4)",6.83,"http://ecx.images-amazon.com/images/I/81nxXicR-hL.jpg",718,3326.81,4.63
0007315686,"Books",1237219,"Drawing Fire: The diary of a Great War soldier and artist",15.91,"http://ecx.images-amazon.com/images/I/51edHREnMPL.jpg",699,2413.67,3.45
000731969X,"Books",758064,"The Times Killer Su Doku 6 (Killer Su Doku, Book 6)",8.69,"http://ecx.images-amazon.com/images/I/4112yiNFlsL.jpg",408,1325.13,3.25
0007324936,"Books",5530619,"Collins Gem Dictionary and Thesaurus",419.38,"http://ecx.images-amazon.com/images/I/71zOPh5W4%2BL.jpg",724,2321.42,3.21
0007315147,"Books",3090121,"Woodlands",773.74,"http://ecx.images-amazon.com/images/I/41rlZcmqlVL.jpg",305,1522.85,4.99
0007326661,"Books",3175544,"Chances",7.59,"http://ecx.images-amazon.com/images/I/71aiG64pHML.jpg",431,1506.41,3.5
0007328419,"Books",736126,"My Bonnie: How dementia stole the love of my life",8.89,"http://ecx.images-amazon.com/images/I/41rWyNo89LL.jpg",820,3137.72,3.83
0007327234,"Books",3309103,"It's Not What You Think",6.64,"http://ecx.images-amazon.com/images/I/51jsWvbEyrL.jpg",785,3433.26,4.37
0007326637,"Books",371836,"The Times Ultimate Killer Su Doku (Times Su Doku)",8.96,"http://ecx.images-amazon.com/images/I/51IQ3u5TTXL.jpg",843,2664.06,3.16
000732331X,"Books",2351168,"I Know This Much: From Soho to Spandau",8.89,"http://ecx.images-amazon.com/images/I/51g32m%2BPhIL.jpg",989,4034.34,4.08
000733916X,"Books",1425031,"Your Personal Horoscope 2011: Month-by-month Forecasts for Every Sign",4.99,"http://ecx.images-amazon.com/images/I/51bJF4bTRLL.jpg",508,2145.24,4.22
000731521X,"Books",2088852,"Tour Climbs: The Complete Guide to Every Mountain Stage on the Tour De France",11.04,"http://ecx.images-amazon.com/images/I/617AMuNX-1L.jpg",238,1063.41,4.47
0007318154,"Books",583363,"Some Sunny Day",14.92,"http://ecx.images-amazon.com/images/I/51Xpu9CLjLL.jpg",136,524.37,3.86
0007327692,"Books",3088524,"Triumff: Her Majesty's Hero",5.79,"http://ecx.images-amazon.com/images/I/519RApKCOLL.jpg",243,766.93,3.16
0007322429,"Books",3481995,"Slights",5.79,"http://ecx.images-amazon.com/images/I/41y3W4977oL.jpg",637,2626.22,4.12
0007331681,"Books",951739,"The Man in the White Suit",1.99,"http://ecx.images-amazon.com/images/I/410bADtuPlL.jpg",281,1353.14,4.82
0007327978,"Books",6003133,"Angel of Death",5.79,"http://ecx.images-amazon.com/images/I/510PpY2FSQL.jpg",572,2629.43,4.6
0007320736,"Books",1906996,"Northern Ireland Road Map Collins (International Road Atlases)",11.02,"http://ecx.images-amazon.com/images/I/61qxW36orvL.jpg",338,1070.37,3.17
0007331991,"Books",2356702,"Spellhorn (Essential Modern Classics)",550.18,"http://ecx.images-amazon.com/images/I/71cdD71DXeL.jpg",775,3563.66,4.6
0007341423,"Books",2415985,"What (and What Not) to Eat",26.95,"http://ecx.images-amazon.com/images/I/31BGX-QCLRL.jpg",842,3700.12,4.39
0007323867,"Books",3216026,"Nekropolis",98.87,"http://ecx.images-amazon.com/images/I/51zeSbgo6LL.jpg",135,597.53,4.43
0007320094,"Books",4425605,"Montegue Blister's Strange Games: And Other Odd Things to Do with Your Time",6.99,"http://ecx.images-amazon.com/images/I/41-KT%2B4o5EL.jpg",734,2584.75,3.52
0007319231,"Books",1898557,"Target Tirpitz: The Epic Quest to Sink Hitler's Greatest Battleship",13.18,"http://ecx.images-amazon.com/images/I/51Bf3BNAQNL.jpg",209,670.62,3.21
0007313780,"Books",698537,"Make Your Garden Feed You",11.99,"http://ecx.images-amazon.com/images/I/518kcI6tASL.jpg",620,2445.68,3.94
000733155X,"Books",1330125,"Collins Robert French Dictionary: With Free Online Access (Collins Complete and Unabridged) (French and English Edition)",30.18,"http://ecx.images-amazon.com/images/I/51Nf0CvsJoL.jpg",512,1963.39,3.83
0007317514,"Books",1424493,"Britney: Inside the Dream: The Biography",7.99,"http://ecx.images-amazon.com/images/I/510-DQPxleL.jpg",530,1881.04,3.55
0007342055,"Books",803981,"Song for Arbonne",13.16,"http://ecx.images-amazon.com/images/I/51Ybbp-SlkL.jpg",296,1068.63,3.61
0007339259,"Books",1642373,"Happy Kids: The Secrets to Raising Well-Behaved, Contented Children",7.59,"http://ecx.images-amazon.com/images/I/51u3Ershl2L.jpg",461,1460.99,3.17
0007337361,"Books",2838373,"Easy Learning Spanish Idioms (Collins Easy Learning Spanish) (Spanish and English Edition)",3.99,"http://ecx.images-amazon.com/images/I/41s7S%2BaeEbL.jpg",415,1395.92,3.36
000733236X,"Books",3407001,"The Pocket Book of Death",8.66,"http://ecx.images-amazon.com/images/I/41Ec5Dp5U5L.jpg",285,1010.38,3.55
0007343310,"Books",4768610,"King Maker (The Knights of Breton Court)",7.1,"http://ecx.images-amazon.com/images/I/51Q55sHAj7L.jpg",874,2703.05,3.09
0007340931,"Books",871750,"Innocent Foxes",7.19,"http://ecx.images-amazon.com/images/I/516xMhjN77L.jpg",563,2669.01,4.74
0007322615,"Books",1198252,"The Atheist's Guide to Christmas",9.78,"http://ecx.images-amazon.com/images/I/41IoQ6-vlEL.jpg",388,1824.06,4.7
0007341539,"Books",8945155,"I, Houdini: The Autobiography of a Self-Educated Hamster (First Modern Classics)",295.74,"http://ecx.images-amazon.com/images/I/51Te3ExF5UL.jpg",838,3243.21,3.87
000733088X,"Books",1409588,"I Did Tell, I Did: The True Story of a Little Girl Betrayed by Those Who Should Have Loved Her",3.79,"http://ecx.images-amazon.com/images/I/41HbK7R%2BpWL.jpg",760,2403.98,3.16
0007337906,"Books",1159081,"The Lion Rampant (The Kingdom Series)",21.99,"http://ecx.images-amazon.com/images/I/61dMjstQrzL.jpg",515,2356.25,4.58
0007349505,"Books",5533090,"Collins Complete British Animals: A Photographic Guide to Every Common Species (Collins Complete Guide)",21.55,"http://ecx.images-amazon.com/images/I/519Ewx-QEhL.jpg",369,1388.48,3.76
000733933X,"Books",2917622,"Forever in My Heart: The Story of My Battle Against Cancer",6.64,"http://ecx.images-amazon.com/images/I/51xQp7LildL.jpg",772,3063.43,3.97
0007321643,"Books",1647941,"Titanic Lives",11.04,"http://ecx.images-amazon.com/images/I/51OuWxiKP3L.jpg",768,2409.33,3.14
0007351593,"Books",1467640,"Alice in Wonderland",7.99,"http://ecx.images-amazon.com/images/I/51rUnFCn01L.jpg",607,2166.98,3.57
0007342446,"Books",2353849,"Avatar: A Confidential Report on the Biological and Social History of Pandora",7.2,"http://ecx.images-amazon.com/images/I/51bF3VwX%2BCL.jpg",349,1252.36,3.59
000731566X,"Books",3895330,"Three Little Kittens and Other Number Rhymes (Time for a Rhyme)",4.99,"http://ecx.images-amazon.com/images/I/51Ub1U6mRjL.jpg",892,3454.04,3.87
0007344074,"Books",3142844,"The Recipe for Life: Healthy Eating for Real People",13.99,"http://ecx.images-amazon.com/images/I/71h4j4WGUdL.jpg",874,3049.95,3.49
0007345623,"Books",1011232,"I Heart Vegas",7.59,"http://ecx.images-amazon.com/images/I/71BmNwpoIOL.jpg",444,1805.16,4.07
0007319673,"Books",932554,"The Times Fiendish Su Doku Book 3",9.86,"http://ecx.images-amazon.com/images/I/41sSJRUaB3L.jpg",242,1028.63,4.25
0007336977,"Books",278592,"Mr Nastase: The Autobiography",7.59,"http://ecx.images-amazon.com/images/I/71CJzmUV7AL.jpg",230,715.92,3.11
0007351445,"Books",1252326,"Captain of Rome (Masters of the Sea)",7.59,"http://ecx.images-amazon.com/images/I/517NrEjZjKL.jpg",277,1127.28,4.07
0007340648,"Books",969216,"Collins Easy Learning English Verbs",5.69,"http://ecx.images-amazon.com/images/I/713BrW1Xz2L.jpg",915,4192.95,4.58
0007347081,"Books",431737,"Daphne Du Maurier and Her Sisters: The Hidden Lives of Piffy, Bird and Bing",10.67,"http://ecx.images-amazon.com/images/I/515IwZXm7dL.jpg",373,1795.68,4.81
0007320744,"Books",889934,"Collins Scotland Touring Map (Collins Travel Guides)",6.25,"http://ecx.images-amazon.com/images/I/61Bxb1DrhaL.jpg",424,2002.31,4.72
0007324839,"Books",3044785,"Hand in the Fire",5.58,"http://ecx.images-amazon.com/images/I/51dMzEpTBOL.jpg",598,1909.43,3.19
0007333994,"Books",3706461,"Sixty-One Nails",4.89,"http://ecx.images-amazon.com/images/I/51DJ23lsr5L.jpg",873,4251.2,4.87
000734421X,"Books",1350069,"Shatter the Bones",3.79,"http://ecx.images-amazon.com/images/I/51CVjuH7XSL.jpg",579,1901.17,3.28
000735018X,"Books",1335925,"Someone to Love Us: The shocking true story of two brothers fostered into brutality and neglect",1.99,"http://ecx.images-amazon.com/images/I/51UEzINLwtL.jpg",470,2172.49,4.62
0007296541,"Books",1891931,"Mog's ABC",8.09,"http://ecx.images-amazon.com/images/I/71BGOQvB9VL.jpg",974,3036.52,3.12
0007328877,"Books",3405476,"Kitchenella",11.99,"http://ecx.images-amazon.com/images/I/617zZRvYiXL.jpg",532,2270.67,4.27
0007340516,"Books",1662591,"Miss Dahl's Guide to All Things Lovely",25.12,"http://ecx.images-amazon.com/images/I/51xwaYQHTxL.jpg",878,4134.38,4.71
0007348037,"Books",2466322,"Harmony: A New Way of Looking at Our World",28.95,"http://ecx.images-amazon.com/images/I/61I92FzXpQL.jpg",205,835.26,4.07
0007339615,"Books",1064690,"Shadow",6.29,"http://ecx.images-amazon.com/images/I/51GzyGKyt%2BL.jpg",747,2911.48,3.9
0007354096,"Books",1264122,"Your Chinese Horoscope 2011: What the Year of the Rabbit Holds in Store for You",4.99,"http://ecx.images-amazon.com/images/I/81oK3UMIimL.jpg",154,612.07,3.97
0007347073,"Books",1552401,"How Do Dinosaurs Say I Love You?",12.99,"http://ecx.images-amazon.com/images/I/51EPqPOmFtL.jpg",537,2259.93,4.21
0007346549,"Books",4158615,"Servant of the Underworld: Bk. 1: Obsidian and Blood Trilogy",691.86,"http://ecx.images-amazon.com/images/I/51i0FzllNxL.jpg",717,3082.44,4.3
0007351577,"Books",1539949,"Map Addict: A Tale of Obsession, Fudge &amp; the Ordnance Survey",8.89,"http://ecx.images-amazon.com/images/I/51ewV-uqVFL.jpg",574,2372.4,4.13
0007354282,"Books",2994792,"In My Dreams I Dance",7.99,"http://ecx.images-amazon.com/images/I/51DaamE%2BYbL.jpg",383,1660.08,4.33
0007339836,"Books",1312843,"Michael Jackson - Legend, Hero, Icon: A Tribute to the King of Pop",10.67,"http://ecx.images-amazon.com/images/I/41RV8-6gnNL.jpg",853,4158.9,4.88
0007351747,"Books",728250,"David Mitchell: Back Story",7.59,"http://ecx.images-amazon.com/images/I/51x3e6BYoPL.jpg",392,1405.17,3.58
0007354312,"Books",4339989,"More Than Just Coincidence",6.99,"http://ecx.images-amazon.com/images/I/71iR7jfrDXL.jpg",799,2713.16,3.4
0007334524,"Books",844633,"Torres: El Ni&ntilde;o: My Story",8.89,"http://ecx.images-amazon.com/images/I/51qpTv5bpKL.jpg",908,3703.75,4.08
000735424X,"Books",4043883,"When Sophie Met Darcy Day",5.69,"http://ecx.images-amazon.com/images/I/51cUKhjj9pL.jpg",995,3503.1,3.52
0007344260,"Books",961446,"Close to the Bone (Logan McRae, Book 8)",9.85,"http://ecx.images-amazon.com/images/I/51Kt9c5V2GL.jpg",638,2272.12,3.56
0007341857,"Books",93845,"Chopin: Prince of the Romantics",16.85,"http://ecx.images-amazon.com/images/I/716Gqq91I5L.jpg",889,3997.51,4.5
0007335571,"Books",1515400,"The Smell of Summer Grass",11.31,"http://ecx.images-amazon.com/images/I/51oDf6rbxWL.jpg",669,3138.06,4.69
0007320779,"Books",1085271,"Collins Discovering Dublin: The Illustrated Map (Collins Travel Guides)",6.25,"http://ecx.images-amazon.com/images/I/71IcSfSER2L.jpg",596,2253.78,3.78
0007358660,"Books",4472179,"Family",7.59,"http://ecx.images-amazon.com/images/I/51P57pLEANL.jpg",376,1557.06,4.14
0007360606,"Books",2801457,"The Lost Diaries",20.14,"http://ecx.images-amazon.com/images/I/41ZY0YJ7h3L.jpg",790,3240.91,4.1
0007361572,"Books",1138382,"Only a Mother Knows. Annie Groves",8.0,"http://ecx.images-amazon.com/images/I/51s61j6Z0KL.jpg",867,2951.74,3.4
0007361556,"Books",1031329,"A Christmas Promise",8.89,"http://ecx.images-amazon.com/images/I/51Ms37xqrYL.jpg",531,1981.58,3.73
000735942X,"Books",1111711,"Short Walks in The Cotswolds: Guide to 20 Easy Walks of 3 Hours or Less (Collins Ramblers Short Walks)",8.99,"http://ecx.images-amazon.com/images/I/51LJKR8kyDL.jpg",463,1645.72,3.55
0007369751,"Books",2641245,"Collins Easy Learning: Spanish Verbs",5.99,"http://ecx.images-amazon.com/images/I/51mldVR2TsL.jpg",238,865.77,3.64
0007364547,"Books",430528,"The Times Killer Su Doku Book 7",8.96,"http://ecx.images-amazon.com/images/I/41e0ZXIOnaL.jpg",483,1951.3,4.04
0007356366,"Books",3306776,"Like Bees to Honey",3.79,"http://ecx.images-amazon.com/images/I/51LEqxOvR7L.jpg",478,2319.24,4.85
0007363958,"Books",1477143,"Collins Easy Learning French with Paul Noble.",4.95,"http://ecx.images-amazon.com/images/I/51ERNu7Qr0L.jpg",281,987.55,3.51
0007364539,"Books",1031292,"The Times Fiendish Su Doku Book 4",8.96,"http://ecx.images-amazon.com/images/I/41g6iefKusL.jpg",386,1203.44,3.12
0007362579,"Books",2556440,"Collins Bradford's Crossword Solver's Dictionary",11.99,"http://ecx.images-amazon.com/images/I/51%2BucKtbcFL.jpg",847,3077.45,3.63
0007365241,"Books",1254104,"David Attenborough's First Life: A Journey Back in Time with Matt Kaplan",19.99,"http://ecx.images-amazon.com/images/I/51KIGRbpreL.jpg",491,2067.12,4.21
0007368194,"Books",429958,"The Times Codeword 2",8.96,"http://ecx.images-amazon.com/images/I/51z3hOrwCbL.jpg",854,3140.0,3.68
0007374674,"Books",3637772,"Collins Scrabble Word Improver.",191.66,"http://ecx.images-amazon.com/images/I/51RYtVV-FOL.jpg",693,3075.93,4.44
000733396X,"Books",3868653,"Dimanche Diller (First Modern Classics)",285.42,"http://ecx.images-amazon.com/images/I/41N5d6o7NPL.jpg",326,1612.55,4.95
000736296X,"Books",49737,"Mummy Told Me Not to Tell: The true story of a troubled boy with a dark secret",3.99,"http://ecx.images-amazon.com/images/I/41aWMCTBR7L.jpg",159,532.1,3.35
0007364520,"Books",432530,"The Times Ultimate Killer Su Doku Book 2",8.96,"http://ecx.images-amazon.com/images/I/51hFW%2BXzcFL.jpg",789,3439.76,4.36
0007374720,"Books",1498498,"Collins Easy Learning English Conversation Book 1.",436.36,"http://ecx.images-amazon.com/images/I/81r2m1Wq2GL.jpg",591,1896.78,3.21
0007356374,"Books",343796,"Londongrad: From Russia with Cash;The Inside Story of the Oligarchs",11.42,"http://ecx.images-amazon.com/images/I/51cjsPdReEL.jpg",519,1811.76,3.49
0007371667,"Books",31770,"A Year in Brambly Hedge. by Jill Barklem",681.68,"http://ecx.images-amazon.com/images/I/51hVzzx7XHL.jpg",467,1889.97,4.05
0007364784,"Books",9552183,"Riches",6.64,"http://ecx.images-amazon.com/images/I/810QgziFArL.jpg",470,1792.51,3.81
0007379005,"Books",1626715,"The Illustrated Signs &amp; Symbols Sourcebook: An A to Z Compendium of Over 1000 Designs. Adele Nozedar",19.53,"http://ecx.images-amazon.com/images/I/51YYICZ7LyL.jpg",286,1428.63,5.0
0007332211,"Books",3707913,"Pain Merchants (Healing Wars)",6.8,"http://ecx.images-amazon.com/images/I/51vm8DPy3CL.jpg",658,3093.82,4.7
0007351119,"Books",1790555,"Len Deighton's French Cooking for Men: 50 Classic Cookstrips for Today's Action Men",402.38,"http://ecx.images-amazon.com/images/I/51noHwz939L.jpg",744,3415.42,4.59
0007337914,"Books",1238802,"The Lion Wakes (The Kingdom Series) (Kingdom (Harper Collins))",7.59,"http://ecx.images-amazon.com/images/I/51DzfPnIZLL.jpg",670,3001.0,4.48
0007345305,"Books",878614,"Grow Your Own Drugs: A Year with James Wong",13.59,"http://ecx.images-amazon.com/images/I/51tPIfi%2BJFL.jpg",553,2544.6,4.6
0007371411,"Books",771226,"Faster than Lightning: My Autobiography",1.99,"http://ecx.images-amazon.com/images/I/51bYc1lBegL.jpg",265,1078.86,4.07
0007367880,"Books",309313,"Slowly Down the Ganges",8.89,"http://ecx.images-amazon.com/images/I/41Jee3Jk6FL.jpg",686,2881.4,4.2
0007384343,"Books",449134,"Her Last Scream (Carson Ryder)",636.14,"http://ecx.images-amazon.com/images/I/51PLyp-HmSL.jpg",443,1490.15,3.36
0007362188,"Books",3689584,"You Can Stick It: Finally, A Sticker Book for Grown Ups!",1.99,"http://ecx.images-amazon.com/images/I/41ps9hTkRJL.jpg",292,941.86,3.23
0007378912,"Books",5745717,"Hoping for a Home",11.36,"http://ecx.images-amazon.com/images/I/51c4HL-4TtL.jpg",647,3143.65,4.86
0007362544,"Books",766623,"Dark Blood (Logan McRae, Book 6)",3.79,"http://ecx.images-amazon.com/images/I/51VYI9lxWtL.jpg",827,2683.61,3.24
0007364717,"Books",10152413,"The Witch's Tears (First Modern Classics)",14.85,"http://ecx.images-amazon.com/images/I/41Cxw5DmypL.jpg",780,2544.33,3.26
0007346832,"Books",1077220,"The Dolce Vita Diaries",1.99,"http://ecx.images-amazon.com/images/I/512HtxKugmL.jpg",352,1688.0,4.8
0007393563,"Books",7197836,"Extreme Insects",12.99,"http://ecx.images-amazon.com/images/I/51rP7%2Ba5HSL.jpg",744,3299.47,4.43
0007371462,"Books",345543,"Gangsta Granny. David Walliams",11.54,"http://ecx.images-amazon.com/images/I/51K0zIrhwLL.jpg",522,1765.78,3.38
0007271069,"Books",1696668,"Halliwell's: The Movies that Matter",25.62,"http://ecx.images-amazon.com/images/I/51ncKqyOpjL.jpg",746,3404.13,4.56
0007383029,"Books",2235401,"Kitchen Hero",19.99,"http://ecx.images-amazon.com/images/I/51NCuhZpNML.jpg",151,539.81,3.57
0007344201,"Books",422317,"Birthdays for the Dead",3.79,"http://ecx.images-amazon.com/images/I/51XuXImjT1L.jpg",838,3158.4,3.77
0007374755,"Books",906001,"My Dad's a Policeman",0.99,"http://ecx.images-amazon.com/images/I/51ilfJvqJzL.jpg",126,536.86,4.26
000737139X,"Books",1015659,"Usain Bolt: My Story: 9.58: Being the World's Fastest Man",12.74,"http://ecx.images-amazon.com/images/I/512pL7o-IYL.jpg",741,2577.54,3.48
0007363974,"Books",1589370,"Collins Easy Learning Spanish with Paul Noble.",4.22,"http://ecx.images-amazon.com/images/I/513ns-YJFFL.jpg",798,3038.79,3.81
0007360770,"Books",3308703,"Saraswati Park",7.59,"http://ecx.images-amazon.com/images/I/51%2Bd7%2B%2BD6jL.jpg",698,2219.6,3.18
0007387148,"Books",722404,"Collins Gem English-Malayalam",747.16,"http://ecx.images-amazon.com/images/I/717URW4Io-L.jpg",922,3213.53,3.49
0007382995,"Books",1061734,"Supper Club: Recipes and Notes from the Underground Restaurant",12.74,"http://ecx.images-amazon.com/images/I/51--Di8X3KL.jpg",112,351.03,3.13
000738422X,"Books",4042338,"Exiled Queen (The Seven Realms Series)",6.99,"http://ecx.images-amazon.com/images/I/51Iwhr5wLGL.jpg",367,1510.97,4.12
0007391382,"Books",1695735,"Easy Learning Irish Grammar (Collins Easy Learning Irish) (Irish and English Edition)",7.99,"http://ecx.images-amazon.com/images/I/41icc1EF4WL.jpg",750,2591.22,3.45
000738274X,"Books",2686107,"Friend Like Ben: A Mother Desperate for Love",6.0,"http://ecx.images-amazon.com/images/I/41AtJCQf25L.jpg",352,1361.04,3.87
0007395442,"Books",3080926,"Short Walks in Dorset: Guide to 20 Easy Walks of 3 Hours or Less (Collins Ramblers Short Walks)",3.99,"http://ecx.images-amazon.com/images/I/515CZOd7KEL.jpg",893,4380.69,4.91
0007379048,"Books",2077560,"Girl in the Mirror",8.51,"http://ecx.images-amazon.com/images/I/51YZZMGub-L.jpg",558,1732.03,3.1
0007355475,"Books",5020312,"Sex &amp; Bowls &amp; Rock and Roll: How I Swapped My Rock Dreams for Village Greens",2.99,"http://ecx.images-amazon.com/images/I/510aObyWCSL.jpg",140,517.54,3.7
0007382332,"Books",7602570,"Collins English Dictionary.",725.91,"http://ecx.images-amazon.com/images/I/51s1Nuu%2B6VL.jpg",694,2262.7,3.26
0007373619,"Books",1738736,"House on Willow Street",10.38,"http://ecx.images-amazon.com/images/I/51uPgI7Y%2BhL.jpg",140,534.71,3.82
0007367872,"Books",2616482,"A Traveller's Life",8.89,"http://ecx.images-amazon.com/images/I/81BHhysDtdL.jpg",711,2830.46,3.98
0007355165,"Books",186621,"The Boy with the Biggest Head in the World (Big Nate)",8.99,"http://ecx.images-amazon.com/images/I/51tJqX5JI0L.jpg",178,861.89,4.84
000736265X,"Books",5282681,"Fizzypop (Frankie Foster)",1.99,"http://ecx.images-amazon.com/images/I/51oOXD7qoSL.jpg",620,2812.61,4.54
0007389868,"Books",330589,"Armada",20.41,"http://ecx.images-amazon.com/images/I/51%2BNwxxIQtL.jpg",186,592.76,3.19
0007396767,"Books",2790110,"Agatha Christie's Murder in the Making: Stories and Secrets from Her Archive",10.4,"http://ecx.images-amazon.com/images/I/51jvlXgtvDL.jpg",684,3302.63,4.83
0007345631,"Books",1156264,"Single Girl's To-Do List",1.99,"http://ecx.images-amazon.com/images/I/51WUEzYsgkL.jpg",437,1603.5,3.67
0007382197,"Books",3520946,"Richard Scarry's the Night Before the Night Before Christmas!",11.24,"http://ecx.images-amazon.com/images/I/61v4HvasuOL.jpg",320,1355.75,4.24
0007362129,"Books",1136703,"Initiate's Trial: First book of Sword of the Canon (The Wars of Light and Shadow, Book 9) (The Wars of Light and Shadow series)",5.69,"http://ecx.images-amazon.com/images/I/51n15hWOO%2BL.jpg",166,762.95,4.6
0007375220,"Books",1790494,"God Species: How the Planet Can Survive the Age of Humans",18.13,"http://ecx.images-amazon.com/images/I/512ZGcbVBsL.jpg",330,1245.23,3.77
0007348703,"Books",1924518,"Falling Out of Heaven",11.04,"http://ecx.images-amazon.com/images/I/41gpRUSHTOL.jpg",400,1211.95,3.03
0007413491,"Books",2634667,"Hitler",585.19,"http://ecx.images-amazon.com/images/I/51xP1c0sujL.jpg",256,1234.08,4.82
0007376103,"Books",2485762,"Bruce's Cookbook",14.99,"http://ecx.images-amazon.com/images/I/61jVANonKbL.jpg",580,1741.31,3.0
0007374798,"Books",1076366,"The Hummingbird Bakery Cake Days: Recipes to Make Every Day Special",13.59,"http://ecx.images-amazon.com/images/I/81NnSD4oSQL.jpg",934,2914.75,3.12
0007412479,"Books",2570527,"Terns (Collins New Naturalist Library, Book 123)",29.99,"http://ecx.images-amazon.com/images/I/51ECUzbYxIL.jpg",396,1786.15,4.51
0007388128,"Books",3406646,"My Henry",8.99,"http://ecx.images-amazon.com/images/I/41FkP%2BzOp0L.jpg",111,536.93,4.84
0007383169,"Books",8848506,"C.S",350.66,"http://ecx.images-amazon.com/images/I/41aVmV-jj6L.jpg",161,720.21,4.47
0007398433,"Books",900518,"The Armada Legacy",19.95,"http://ecx.images-amazon.com/images/I/81CdshQqFEL.jpg",825,3489.07,4.23
0007419139,"Books",122576,"The Times Comprehensive Atlas of the World, 13th Edition",126.5,"http://ecx.images-amazon.com/images/I/41x19xixDPL.jpg",971,4177.17,4.3
0007419023,"Books",927028,"I Remember, Daddy: The Harrowing True Story of a Daughter Haunted by Memories Too Terrible to Forget",2.99,"http://ecx.images-amazon.com/images/I/41K7jmIYuRL.jpg",424,1348.51,3.18
0007384505,"Books",2272165,"City of Sins",19.01,"http://ecx.images-amazon.com/images/I/51WVDP-PeKL.jpg",969,3478.83,3.59
0007415508,"Books",579095,"Kitchen Hero: Cooking on a Shoestring",7.59,"http://ecx.images-amazon.com/images/I/51zXoOtn62L.jpg",628,3122.21,4.97
000741904X,"Books",3096411,"Bad Cat, Good Cat",6.64,"http://ecx.images-amazon.com/images/I/51TF8i1CCjL.jpg",912,3004.37,3.29
0007413629,"Books",2575905,"Pantheon",9.45,"http://ecx.images-amazon.com/images/I/41SPttFXQLL.jpg",888,3110.31,3.5
000742017X,"Books",4672922,"The Secret Ingredient: Family Cookbook",15.29,"http://ecx.images-amazon.com/images/I/51frai-syLL.jpg",277,1103.65,3.98
0007362706,"Books",2058741,"New Beginnings",3.79,"http://ecx.images-amazon.com/images/I/51P-jm5-BfL.jpg",785,3873.72,4.93
0007342098,"Books",5353320,"Lord of Emperors",13.16,"http://ecx.images-amazon.com/images/I/51afRePJGIL.jpg",196,788.84,4.02
0007391595,"Books",2688762,"Key",6.99,"http://ecx.images-amazon.com/images/I/51fx7icu2sL.jpg",151,466.12,3.09
0007388160,"Books",7681498,"A Widow's Story: A Memoir. by Joyce Carol Oates",9.78,"http://ecx.images-amazon.com/images/I/218gdC0ljNL.jpg",272,1223.16,4.5
0007419449,"Books",466463,"Cold Granite",4.74,"http://ecx.images-amazon.com/images/I/516btOpqlzL.jpg",123,524.73,4.27
0007338155,"Books",2824997,"The Last Kestrel",8.99,"http://ecx.images-amazon.com/images/I/71tPWUUe4iL.jpg",538,2239.41,4.16
0007334877,"Books",773530,"More Blood, More Sweat and Another Cup of Tea",6.64,"http://ecx.images-amazon.com/images/I/517SyNw8A6L.jpg",549,1882.96,3.43
0007411820,"Books",2556641,"Perfume Lover: A Personal Story of Scent",18.84,"http://ecx.images-amazon.com/images/I/71smKH6oYuL.jpg",648,1945.36,3.0
0007395906,"Books",922346,"The Peregrine",11.04,"http://ecx.images-amazon.com/images/I/415OKFBgnGL.jpg",571,2366.84,4.15
0007419813,"Books",2435472,"Sirens",3.79,"http://ecx.images-amazon.com/images/I/719QyamR9vL.jpg",382,1580.61,4.14
0007421508,"Books",5576422,"Idol",563.96,"http://ecx.images-amazon.com/images/I/51xjnaanR7L.jpg",970,4284.52,4.42
0007415915,"Books",1196762,"Paddington's Guide to London",11.55,"http://ecx.images-amazon.com/images/I/51VN2Lj3u0L.jpg",873,2724.59,3.12
000742695X,"Books",2916055,"Collins Paperback Thesaurus.",172.3,"http://ecx.images-amazon.com/images/I/41Ggwv6UuEL.jpg",886,3113.8,3.51
0007424604,"Books",520043,"Ultimate Navigation Manual",10.67,"http://ecx.images-amazon.com/images/I/51gdHOl2JPL.jpg",868,3542.33,4.08
0007423810,"Books",5505624,"Angel Walked Beside Me: An Amazing Journey Into the World of Psychic Children",78.44,"http://ecx.images-amazon.com/images/I/41hLM5GyyXL.jpg",309,1464.56,4.74
0007423241,"Books",1866455,"Collins Writing for Ielts (Collins English for IELTS)",27.67,"http://ecx.images-amazon.com/images/I/51DCmW1sWyL.jpg",132,613.21,4.65
0007427956,"Books",617192,"The Shift: The Future of Work is Already Here",32.51,"http://ecx.images-amazon.com/images/I/417Z4uW%2BEHL.jpg",420,1845.41,4.39
0007389736,"Books",1040261,"Your Personal Horoscope 2012: Month-By-Month Forecasts for Every Sign",8.89,"http://ecx.images-amazon.com/images/I/51J2tNXvlwL.jpg",280,1353.05,4.83
0007423276,"Books",1636362,"Collins Reading for Ielts (Collins English for IELTS)",16.15,"http://ecx.images-amazon.com/images/I/51%2BtoiBgD3L.jpg",981,3968.72,4.05
0007368534,"Books",620791,"The Times Jumbo Cryptic Crossword Book 10",10.14,"http://ecx.images-amazon.com/images/I/81vN6o7agSL.jpg",954,4627.84,4.85
0007424981,"Books",7523093,"On Nature: Ramblings on the British Countryside. by Caught by the River",14.99,"http://ecx.images-amazon.com/images/I/51bss97D0JL.jpg",618,1882.43,3.05
0007367759,"Books",327059,"A Short Walk in the Hindu Kush",8.89,"http://ecx.images-amazon.com/images/I/81E52XRCwaL.jpg",111,386.52,3.48
0007411537,"Books",3612750,"Meerkat Madness (Awesome Animals)",5.75,"http://ecx.images-amazon.com/images/I/51odsKjVtOL.jpg",961,4245.65,4.42
0007419155,"Books",5618847,"William's Progress",256.71,"http://ecx.images-amazon.com/images/I/41G40PrJMvL.jpg",653,2382.72,3.65
0007394764,"Books",1036959,"Great British Railway Journeys",25.84,"http://ecx.images-amazon.com/images/I/51020bkkK1L.jpg",768,2482.46,3.23
0007434766,"Books",2749675,"Collins Easy Learning Spanish Dictionary.",501.26,"http://ecx.images-amazon.com/images/I/51D7gS7UBpL.jpg",490,2123.36,4.33
0007419511,"Books",177130,"The Drowning (Patrick Hedstrom and Erica Falck)",16.57,"http://ecx.images-amazon.com/images/I/51bXVu5L0WL.jpg",621,2746.41,4.42
0007425201,"Books",1119514,"Silver Brumby (Essential Modern Classics)",11.95,"http://ecx.images-amazon.com/images/I/7180w4PSsEL.jpg",635,2351.76,3.7
0007414900,"Books",1047119,"Exile (Mercy)",12.87,"http://ecx.images-amazon.com/images/I/414Ogd09ELL.jpg",799,2453.14,3.07
0007371861,"Books",474460,"Crooked",16.51,"http://ecx.images-amazon.com/images/I/41pFgAPf8NL.jpg",752,2290.77,3.05
0007393571,"Books",1121607,"Collins Junior World Atlas (Collins Junior Atlas)",11.69,"http://ecx.images-amazon.com/images/I/51QGJ5IJlcL.jpg",827,3915.26,4.73
0007419171,"Books",6870310,"I Heart School (Martha and the Bunny Brothers)",761.16,"http://ecx.images-amazon.com/images/I/51wONLV9c2L.jpg",166,679.53,4.09
0007429479,"Books",3434660,"After the Lockout",9.99,"http://ecx.images-amazon.com/images/I/41%2BLaYB7U%2BL.jpg",453,1560.0,3.44
0007367929,"Books",2530623,"Round Ireland in Low Gear",5.69,"http://ecx.images-amazon.com/images/I/410dwLD-JGL.jpg",905,4424.01,4.89
000741949X,"Books",527540,"The Hidden Child (Patrick Hedstrom and Erica Falck)",12.99,"http://ecx.images-amazon.com/images/I/51pgaeFe-8L.jpg",156,688.8,4.42
0007398549,"Books",837857,"Little House",71.95,"http://ecx.images-amazon.com/images/I/61jt72szkuL.jpg",902,4154.13,4.61
0007425031,"Books",1139976,"Girl in the Mirror: Two Stories",11.18,"http://ecx.images-amazon.com/images/I/41tywkCHTVL.jpg",660,2557.01,3.87
0007435614,"Books",2599248,"The World's Heritage: A Complete Guide to the Most Extraordinary Places.",24.26,"http://ecx.images-amazon.com/images/I/51SWrFMQ32L.jpg",261,1137.94,4.36
0007425635,"Books",870485,"Official Scrabble Lists",4.72,"http://ecx.images-amazon.com/images/I/41JRj9Fz6JL.jpg",676,2845.68,4.21
0007368518,"Books",416253,"The Times Cryptic Crossword Book 15",8.96,"http://ecx.images-amazon.com/images/I/51ZZ7oCAHZL.jpg",690,2857.1,4.14
0007432003,"Books",867000,"Crown and Country: The Kings &amp; Queens of England: A History",11.89,"http://ecx.images-amazon.com/images/I/51YnN2zGrgL.jpg",618,2804.61,4.54
0007432305,"Books",134316,"1D One Direction: Forever Young",13.25,"http://ecx.images-amazon.com/images/I/515JO0e2IyL.jpg",132,438.89,3.32
0007431007,"Books",1136313,"When God Spoke English: The Making of the King James Bible",13.17,"http://ecx.images-amazon.com/images/I/513Z03aoXeL.jpg",357,1553.57,4.35
000743796X,"Books",819278,"Times Codeword 3",8.87,"http://ecx.images-amazon.com/images/I/51gYvaH%2BuML.jpg",888,2979.3,3.36
0007429088,"Books",1327762,"End Specialist",12.99,"http://ecx.images-amazon.com/images/I/51hrc5EWqZL.jpg",777,2400.23,3.09
0007412622,"Books",9413511,"Sherrie Hewson Autobiography.",6.99,"http://ecx.images-amazon.com/images/I/51ajzXyjT-L.jpg",617,2800.75,4.54
0007427964,"Books",963158,"Bomb Hunters: In Afghanistan with Britain's Elite Bomb Disposal Unit",8.0,"http://ecx.images-amazon.com/images/I/51O1z-fYd-L.jpg",638,2282.76,3.58
0007440650,"Books",391146,"Times Ultimate Killer Su Doku 3",8.96,"http://ecx.images-amazon.com/images/I/51MYM0LK%2BPL.jpg",827,2804.97,3.39
0007437927,"Books",6614169,"Collins Gem German Dictionary.",112.21,"http://ecx.images-amazon.com/images/I/71oyZpx5jsL.jpg",367,1452.4,3.96
0007436475,"Books",4518985,"My Former Heart",11.6,"http://ecx.images-amazon.com/images/I/41wmbklT-0L.jpg",531,2363.49,4.45
0007440677,"Books",392338,"Times Killer Su Doku Book 8",8.96,"http://ecx.images-amazon.com/images/I/41S9LJDy0sL.jpg",933,3801.23,4.07
0007411952,"Books",3005230,"A Farmer's Life for Me",12.99,"http://ecx.images-amazon.com/images/I/51FECDvcRLL.jpg",328,1479.54,4.51
0007435991,"Books",2431410,"The Times Mapping the Railways: The Journey of Britain's Railways Through Maps from 1819 to the Present Day",34.07,"http://ecx.images-amazon.com/images/I/51iKj2hT1LL.jpg",538,1703.19,3.17
000743488X,"Books",2519404,"Guided by Angels: My Tour of the Spirit World",6.64,"http://ecx.images-amazon.com/images/I/41NbK5pRB4L.jpg",709,2152.08,3.04
0007433085,"Books",2071188,"My Oh My, a Butterfly. Based on the Characters Created by Dr Seuss (The Cat in the Hat's Learning Library)",8.09,"http://ecx.images-amazon.com/images/I/51xRjd0PrPL.jpg",847,3795.26,4.48
0007425597,"Books",1138717,"Shadowmagic: Prince of Hazel and Oak",5.69,"http://ecx.images-amazon.com/images/I/51FI4EHYXrL.jpg",909,2859.76,3.15
0007423632,"Books",1420786,"Prince of Thorns (The Broken Empire)",4.7,"http://ecx.images-amazon.com/images/I/31cYINYJ8RL.jpg",604,2108.68,3.49
0007395280,"Books",2182225,"The Third Man: Life at the Heart of New Labour",7.59,"http://ecx.images-amazon.com/images/I/51IpH9kV7FL.jpg",280,996.69,3.56
0007382855,"Books",843650,"The Ashes According to Bumble",19.99,"http://ecx.images-amazon.com/images/I/51lawzl5V2L.jpg",551,2051.2,3.72
000739358X,"Books",2163752,"Finding Harmony: The remarkable dog that helped a family through the darkest of times",3.79,"http://ecx.images-amazon.com/images/I/41qcXYZdC%2BL.jpg",318,1189.13,3.74
0007442416,"Books",1243977,"The Silver Dark Sea",12.39,"http://ecx.images-amazon.com/images/I/71LsqyX1XGL.jpg",174,581.75,3.34
0007395116,"Books",1279600,"Krabat",9.99,"http://ecx.images-amazon.com/images/I/51e55TfjZIL.jpg",946,4206.56,4.45
0007436408,"Books",548977,"One Hundred Days. Sandy Woodward with Patrick Robinson",16.87,"http://ecx.images-amazon.com/images/I/51Py01KaVgL.jpg",703,3439.84,4.89
0007432062,"Books",2345062,"The Gap Yah Plannah",12.99,"http://ecx.images-amazon.com/images/I/513ql8ilGHL.jpg",348,1047.48,3.01
000743202X,"Books",1425885,"Cables from Kabul: The Inside Story of the West's Afghanistan Campaign",12.16,"http://ecx.images-amazon.com/images/I/31w58BCNoRL.jpg",278,1289.07,4.64
0007436629,"Books",754383,"Too Hurt to Stay: The True Story of a Troubled Boy's Desperate Search for a Loving Home",6.99,"http://ecx.images-amazon.com/images/I/51UIvEM0LtL.jpg",663,2351.17,3.55
0007419457,"Books",460750,"Dying Light (Logan McRae, Book 2)",0.99,"http://ecx.images-amazon.com/images/I/51H6m7qk2bL.jpg",731,2894.52,3.96
000736816X,"Books",1498798,"The Meadow. Adrian Levy, Cathy Scott-Clark",16.84,"http://ecx.images-amazon.com/images/I/51VrHPkyZOL.jpg",903,4136.37,4.58
000744091X,"Books",4929448,"Afterworlds: The Book of Doom",8.99,"http://ecx.images-amazon.com/images/I/51OJxxKrasL.jpg",315,1250.57,3.97
0007434855,"Books",2146373,"Jacked: The Unauthorised Behind the Scenes Story of Grand Theft Auto",19.32,"http://ecx.images-amazon.com/images/I/716x8KGABVL.jpg",478,1551.04,3.24
0007437315,"Books",3128082,"Third World America: How Our Politicians Are Abandoning the Ordinary Citizen",10.81,"http://ecx.images-amazon.com/images/I/61-BYkza2EL.jpg",627,1977.9,3.15
000739523X,"Books",3570302,"West of the Moon",7.59,"http://ecx.images-amazon.com/images/I/51wcucTOFrL.jpg",840,2745.5,3.27
0007438664,"Books",852154,"Your Chinese Horoscope 2013: What the Year of the Snake Holds in Store for You",10.67,"http://ecx.images-amazon.com/images/I/51fhfKV-QHL.jpg",634,2758.79,4.35
000741577X,"Books",2461570,"The Black Jackals",3.79,"http://ecx.images-amazon.com/images/I/510vcL7ZOrL.jpg",372,1747.87,4.7
0007441290,"Books",4167878,"The Marriage Plot",7.99,"http://ecx.images-amazon.com/images/I/8133T6vzrSL.jpg",167,540.69,3.24
0007426224,"Books",1401783,"Master of Rome (Masters of the Sea)",7.59,"http://ecx.images-amazon.com/images/I/71Io1sZxzVL.jpg",495,1532.94,3.1
0007443277,"Books",1176142,"A Stitch in Time (Essential Modern Classics)",8.0,"http://ecx.images-amazon.com/images/I/81H4fSWeE6L.jpg",849,3878.83,4.57
000743880X,"Books",2159281,"Inside Nature's Giants",12.99,"http://ecx.images-amazon.com/images/I/51o5t8uogEL.jpg",248,894.11,3.61
0007436106,"Books",519527,"The Fix",9.78,"http://ecx.images-amazon.com/images/I/51k90tqV16L.jpg",354,1391.98,3.93
0007371047,"Books",2286301,"Billionaire Boy",9.95,"http://ecx.images-amazon.com/images/I/61hZIrCl0ML.jpg",548,1822.94,3.33
0007438494,"Books",1992114,"Brutal: The True Story of a Muslim Girl's Stolen Innocence",7.59,"http://ecx.images-amazon.com/images/I/41qNB0%2BUkiL.jpg",633,1938.2,3.06
0007437862,"Books",1260552,"Collins English Dictionary.",14.99,"http://ecx.images-amazon.com/images/I/51hTeMdpGOL.jpg",160,561.51,3.51
0007442432,"Books",331725,"Escape the Diet Trap",17.96,"http://ecx.images-amazon.com/images/I/51Rg47PeNCL.jpg",767,2943.95,3.84
0007436564,"Books",63354,"The Boy No One Loved",3.99,"http://ecx.images-amazon.com/images/I/51osQBPqNfL.jpg",628,2507.16,3.99
0007438885,"Books",942139,"Trafficked: The Terrifying True Story of a British Girl Forced Into the Sex Trade",8.49,"http://ecx.images-amazon.com/images/I/518B5lNycxL.jpg",164,817.75,4.99
0007431090,"Books",982639,"Wedding Fever. by Kim Gruenenfelder",11.82,"http://ecx.images-amazon.com/images/I/81b5Iht3T1L.jpg",347,1254.12,3.61
0007447868,"Books",697756,"A Feast for Crows (A Song of Ice and Fire)",4.99,"http://ecx.images-amazon.com/images/I/710P11Qhs7L.jpg",450,1523.51,3.39
000744270X,"Books",3364757,"Happy Adults",7.59,"http://ecx.images-amazon.com/images/I/41VvRfZSvZL.jpg",594,2203.9,3.71
0007434758,"Books",4661829,"Collins Easy Learning French Dictionary.",581.5,"http://ecx.images-amazon.com/images/I/51fgFR0JOvL.jpg",169,715.12,4.23
0007442920,"Books",89683,"Insurgent (Divergent)",6.99,"http://ecx.images-amazon.com/images/I/816jODGyYmL.jpg",471,2041.61,4.33
0007449135,"Books",4729916,"Beyond the Bounty",3.79,"http://ecx.images-amazon.com/images/I/517OAY1CIuL.jpg",431,1307.4,3.03
0007431902,"Books",1494897,"World's Ultimate Running Races: 500 Races, 101 Countries, Choose Your Adventure",13.16,"http://ecx.images-amazon.com/images/I/71vsH3l3%2BzL.jpg",859,3490.87,4.06
0007448260,"Books",3854825,"Knuckle",7.59,"http://ecx.images-amazon.com/images/I/51pvtyV9jJL.jpg",302,1500.51,4.97
0007438516,"Books",547059,"Beyond All Evil: Two monsters, two mothers, a love that will last forever",1.99,"http://ecx.images-amazon.com/images/I/51QxGsFJMdL.jpg",960,3715.95,3.87
0007442440,"Books",262038,"Scotland The Best",13.59,"http://ecx.images-amazon.com/images/I/51Wt20oZ23L.jpg",910,4491.64,4.94
0007445326,"Books",2275162,"What's for Dinner?: Easy and delicious recipes for everyday cooking",19.99,"http://ecx.images-amazon.com/images/I/51SpqZdNafL.jpg",162,582.87,3.6
000744785X,"Books",564753,"A Storm of Swords: Blood and Gold: Book 3 Part 2 of a Song of Ice and Fire",14.37,"http://ecx.images-amazon.com/images/I/71o%2BawIA8rL.jpg",213,903.55,4.24
000744592X,"Books",3467754,"Another Way to Fall",318.71,"http://ecx.images-amazon.com/images/I/51cZ3V6r1OL.jpg",446,1738.79,3.9
0007443331,"Books",5507197,"When Hitler Stole Pink Rabbit: Bombs on Aunt Dainty",259.51,"http://ecx.images-amazon.com/images/I/51xZiVl2ggL.jpg",921,4157.65,4.51
000745113X,"Books",3070695,"Christmas Magic",8.43,"http://ecx.images-amazon.com/images/I/51Ltc-D3WXL.jpg",195,690.59,3.54
0007447329,"Books",1300458,"Ash Mistry and the Savage Fortress (The Ash Mistry Chronicles)",13.23,"http://ecx.images-amazon.com/images/I/51eN4TLhajL.jpg",182,701.58,3.85
000744527X,"Books",2539707,"The Genius in My Basement",19.79,"http://ecx.images-amazon.com/images/I/51y%2BLawP5%2BL.jpg",365,1621.1,4.44
0007371365,"Books",2670111,"The French Novel",112.49,"http://ecx.images-amazon.com/images/I/51nl4IlPmeL.jpg",388,1674.54,4.32
0007452942,"Books",454760,"Sharpe's Fury: Richard Sharpe and the Battle of Barrosa, March 1811 (The Sharpe Series)",12.01,"http://ecx.images-amazon.com/images/I/51xz3ytz-uL.jpg",521,1757.27,3.37
000744849X,"Books",771855,"Hide &amp; Seek: The Irish Priest in the Vatican Who Defied the Nazi Command",12.11,"http://ecx.images-amazon.com/images/I/51EWxZLXEqL.jpg",113,379.3,3.36
0007452624,"Books",3700987,"River Thames &amp; the Southern Waterways: Waterways Guide 7 (Collins/Nicholson Waterways Guides)",24.25,"http://ecx.images-amazon.com/images/I/811oMmP9WRL.jpg",191,877.85,4.6
0007442637,"Books",474074,"A Baby's Cry",3.79,"http://ecx.images-amazon.com/images/I/41DtIVSlTPL.jpg",355,1431.16,4.03
0007437986,"Books",1252504,"Tolkien Tapestry: Pictures to Accompany the Lord of the Rings",41.17,"http://ecx.images-amazon.com/images/I/61LQ1WUPNVL.jpg",257,1171.55,4.56
0007452411,"Books",562112,"The Times Mini Atlas of the World: The Ultimate Pocket Sized World Atlas (The Times Atlases)",9.14,"http://ecx.images-amazon.com/images/I/61kb2scfkDL.jpg",279,1231.55,4.41
0007455208,"Books",14964,"Collins Ireland Comprehensive Road Atlas (Collins Travel Guides)",11.02,"http://ecx.images-amazon.com/images/I/51hmI7t3xeL.jpg",726,2299.96,3.17
0007445210,"Books",393286,"Hobbitus Ille: The Latin Hobbit",11.89,"http://ecx.images-amazon.com/images/I/514ASwnDMlL.jpg",319,1121.63,3.52
0007435851,"Books",664424,"An English Affair",1.99,"http://ecx.images-amazon.com/images/I/91FOC65gToL.jpg",325,1479.17,4.55
000745421X,"Books",4948167,"Collins Pocket Korean Dictionary.",181.8,"http://ecx.images-amazon.com/images/I/71Niq1lHQsL.jpg",967,3645.69,3.77
0007432852,"Books",10627992,"Midnight",6.64,"http://ecx.images-amazon.com/images/I/71TVk0QyLIL.jpg",653,3090.73,4.73
000745256X,"Books",1420762,"Grand Union, Oxford and the South East: Waterways Guide 1 (Collins/Nicholson Waterways Guides)",11.89,"http://ecx.images-amazon.com/images/I/81y%2BK4QFbqL.jpg",110,493.68,4.49
0007449100,"Books",1006916,"Les Tres Riches Heures de Mrs Mole",22.47,"http://ecx.images-amazon.com/images/I/51wnRGi2%2ByL.jpg",716,2913.17,4.07
0007446128,"Books",187109,"Fancy Nancy and the Mermaid Ballet",13.7,"http://ecx.images-amazon.com/images/I/31xwknFJfCL.jpg",252,939.06,3.73
0007453477,"Books",1416093,"Times Jumbo Cryptic Crossword 11",9.92,"http://ecx.images-amazon.com/images/I/51UwWhBTTuL.jpg",270,1126.56,4.17
0007452969,"Books",984716,"Sharpe's Company: Richard Sharpe and the Siege of Badajoz, January to April 1812 (The Sharpe Series)",7.19,"http://ecx.images-amazon.com/images/I/510Lapu-OjL.jpg",442,1607.27,3.64
0007453566,"Books",1037433,"Demon Dentist",161.17,"http://ecx.images-amazon.com/images/I/615kABGnIvL.jpg",458,1925.44,4.2
0007447094,"Books",1896281,"Dead Town (Dean Koontz's Frankenstein)",7.99,"http://ecx.images-amazon.com/images/I/51Mf-8ncYyL.jpg",858,4083.83,4.76
0007442890,"Books",5977599,"Freaks. Caroline Smailes, Nik Perring",3.99,"http://ecx.images-amazon.com/images/I/71BT2Ta%2ByLL.jpg",207,977.76,4.72
0007455216,"Books",2035302,"Collins Ireland Pocket Map (Collins Travel Guides)",3.55,"http://ecx.images-amazon.com/images/I/71-ZL6ywA0L.jpg",717,2374.41,3.31
0007449232,"Books",777619,"Paperboy: An Enchanting True Story of a Belfast Paperboy Coming to Terms with the Troubles",7.59,"http://ecx.images-amazon.com/images/I/51V0rbMu0TL.jpg",476,2179.51,4.58
0007450559,"Books",3219144,"Collins English Dictionary (Collins Pocket)",347.55,"http://ecx.images-amazon.com/images/I/412jQ3TomBL.jpg",498,2429.15,4.88
000743670X,"Books",4815933,"Hamster (Collins Family Pet Guide)",12.31,"http://ecx.images-amazon.com/images/I/41JyPV4wE3L.jpg",650,3046.79,4.69
0007453418,"Books",3666810,"Dancing Jax",478.38,"http://ecx.images-amazon.com/images/I/61fOBHwV3RL.jpg",400,1722.6,4.31
0007410956,"Books",3848138,"Lost in Shangri-La: Escape from a Hidden World",3.99,"http://ecx.images-amazon.com/images/I/51Go8ePXsGL.jpg",301,1466.59,4.87
0007436416,"Books",1260062,"Luella's Guide to English Style",25.4,"http://ecx.images-amazon.com/images/I/41k91A-4djL.jpg",137,493.74,3.6
0007413785,"Books",122024,"Puppy Listener: Understanding and Caring for Your New Puppy",11.1,"http://ecx.images-amazon.com/images/I/51EqtjuiF3L.jpg",715,3468.01,4.85
0007445466,"Books",1199663,"Love Monster",9.99,"http://ecx.images-amazon.com/images/I/61JpI6WIu9L.jpg",682,2507.46,3.68
000745435X,"Books",4418718,"Evolution of Inanimate Objects: The Life &amp; Collected Works of Thomas Darwin (1857-1879)",4.74,"http://ecx.images-amazon.com/images/I/51mQU-QBlsL.jpg",959,3856.77,4.02
0007457065,"Books",4139188,"Great Victorian Railway Journeys: How Modern Britain Was Built by Victorian Steam Power",44.13,"http://ecx.images-amazon.com/images/I/51Vl-Vf8M%2BL.jpg",143,594.45,4.16
0007452594,"Books",144987,"Four Counties &amp; the Welsh Canals: Waterways Guide 4 (Collins/Nicholson Waterways Guides)",11.89,"http://ecx.images-amazon.com/images/I/51tJvz96FSL.jpg",772,3377.47,4.37
0007446306,"Books",727866,"Midwife's Here!: The Enchanting True Story of Britain's Longest Serving Midwife",3.79,"http://ecx.images-amazon.com/images/I/51peJmhH%2B2L.jpg",537,1914.66,3.57
0007453000,"Books",7258065,"City of Night (Dean Koontz's Frankenstein)",240.89,"http://ecx.images-amazon.com/images/I/514%2BMWC0OkL.jpg",363,1408.68,3.88
0007455410,"Books",1722596,"Stormswept",13.26,"http://ecx.images-amazon.com/images/I/71Sn00QH56L.jpg",307,1213.21,3.95
0007458878,"Books",294701,"As Luck Would Have It",16.93,"http://ecx.images-amazon.com/images/I/41hwK7kC7zL.jpg",883,3884.07,4.4
0007446977,"Books",427011,"The Agincourt Bride",8.89,"http://ecx.images-amazon.com/images/I/91G5onpg8pL.jpg",271,914.64,3.38
0007448082,"Books",4037656,"Penguin Pandemonium (Awesome Animals)",6.95,"http://ecx.images-amazon.com/images/I/51OA8frmKGL.jpg",278,917.08,3.3
0007452667,"Books",2056610,"The Times Desktop Atlas of the World: Representing the Earth with Authority, Accuracy and Style (The Times Atlases)",25.16,"http://ecx.images-amazon.com/images/I/616Bhi1tOnL.jpg",195,904.05,4.64
0007452454,"Books",388458,"Collins London Pocket Atlas (Collins Travel Guides)",6.26,"http://ecx.images-amazon.com/images/I/81SI36O9kcL.jpg",340,1606.73,4.73
0007457707,"Books",7813209,"My Garden and Other Animals",11.04,"http://ecx.images-amazon.com/images/I/5195fS3aQAL.jpg",939,3160.91,3.37
0007453531,"Books",1688435,"Ratburger",12.79,"http://ecx.images-amazon.com/images/I/81VTixQVg5L.jpg",204,884.98,4.34
0007462271,"Books",1191489,"I Heart London. Lindsey Kelk",1.99,"http://ecx.images-amazon.com/images/I/51z4Y26HbsL.jpg",937,3058.58,3.26
0007460554,"Books",5334868,"Collins Workplace English 2",736.84,"http://ecx.images-amazon.com/images/I/51tMqvplYML.jpg",946,3817.63,4.04
0007455755,"Books",1031917,"Last Hours on Everest: The gripping story of Mallory and Irvine's fatal ascent",1.99,"http://ecx.images-amazon.com/images/I/51uKi-jy6PL.jpg",796,3406.35,4.28
0007457146,"Books",613463,"Bundles of Joy: Two Thousand Miracles. One Unstoppable Manchester Midwife",6.64,"http://ecx.images-amazon.com/images/I/51yexe1kmVL.jpg",869,3626.09,4.17
0007456107,"Books",216831,"Collins World Atlas: Complete Edition",33.68,"http://ecx.images-amazon.com/images/I/517zgokKM2L.jpg",103,509.94,4.95
0007445881,"Books",1678796,"Ice Balloon",11.96,"http://ecx.images-amazon.com/images/I/41VlL%2BuCQWL.jpg",375,1833.88,4.89
0007442513,"Books",1564937,"Dr Seuss's Box of Fun!. by Dr Seuss",11.67,"http://ecx.images-amazon.com/images/I/51llO6JEg-L.jpg",159,509.88,3.21
0007456743,"Books",529100,"Sons of Macha (Shadowmagic)",4.74,"http://ecx.images-amazon.com/images/I/51HZ-HQHH-L.jpg",224,712.59,3.18
000746441X,"Books",3073923,"The Testimony",13.49,"http://ecx.images-amazon.com/images/I/51SRBZys%2B7L.jpg",184,790.02,4.29
0007458290,"Books",2196151,"Will There Be Donuts?. by David Pearl",15.95,"http://ecx.images-amazon.com/images/I/512eAIOYKpL.jpg",141,495.31,3.51
0007462581,"Books",558398,"Rachel's Irish Family Food: 120 classic recipes from my home to yours",20.43,"http://ecx.images-amazon.com/images/I/51H1urJFGsL.jpg",173,764.87,4.42
0007464533,"Books",849645,"Collins Discovering Edinburgh: The Illustrated Map (Collins Travel Guides)",7.15,"http://ecx.images-amazon.com/images/I/71riQfVcitL.jpg",631,2380.09,3.77
0007442629,"Books",245651,"The Night the Angels Came",4.74,"http://ecx.images-amazon.com/images/I/41kqGW2FgfL.jpg",899,3837.94,4.27
0007460740,"Books",4113536,"Forward Slash",5.69,"http://ecx.images-amazon.com/images/I/71XaDQ3SP2L.jpg",389,1708.7,4.39
0007456395,"Books",4464074,"Fine Colour of Rust",11.2,"http://ecx.images-amazon.com/images/I/51jf6c5iQxL.jpg",279,1129.51,4.05
0007455666,"Books",645109,"Steve Biddulph's Raising Girls",10.53,"http://ecx.images-amazon.com/images/I/510%2B89ocOsL.jpg",840,3810.23,4.54
0007465173,"Books",1079854,"The Times Ultimate Killer Su Doku Book 4",8.96,"http://ecx.images-amazon.com/images/I/41yYqBYZnOL.jpg",159,605.05,3.81
0007462255,"Books",8809927,"Pip. Freya North",374.38,"http://ecx.images-amazon.com/images/I/41vbmPCkjoL.jpg",676,2103.63,3.11
0007461526,"Books",957285,"Flight By Elephant: The Untold Story of World War Two's Most Daring Jungle Rescue",9.78,"http://ecx.images-amazon.com/images/I/51jKosP3MvL.jpg",922,3341.31,3.62
0007462700,"Books",54678,"Big Nate Goes for Broke",9.37,"http://ecx.images-amazon.com/images/I/51a7eaXiP-L.jpg",391,1524.34,3.9
0007436653,"Books",734797,"Guinea Pig (Collins Family Pet Guide)",13.15,"http://ecx.images-amazon.com/images/I/41vHBjrNUyL.jpg",442,1778.16,4.02
0007450168,"Books",643689,"The Complete Brambly Hedge (Brambly Hedge)",706.01,"http://ecx.images-amazon.com/images/I/91arjIDc1RL.jpg",617,2483.58,4.03
000746262X,"Books",5270889,"Raccoon Rampage (Awesome Animals)",303.39,"http://ecx.images-amazon.com/images/I/51ZfrST8d-L.jpg",310,1280.09,4.13
0007458541,"Books",1376534,"Little Wolf's Book of Badness",4.74,"http://ecx.images-amazon.com/images/I/61ZWCq98fiL.jpg",521,1877.82,3.6
0007485638,"Books",1298002,"Kitchen Memories",421.49,"http://ecx.images-amazon.com/images/I/51RhNGUJz9L.jpg",575,2748.98,4.78
0007478798,"Books",3036660,"The Times Britain's Scenic Railways: Exploring the Country By Rail From Cornwall to the Highlands",279.26,"http://ecx.images-amazon.com/images/I/51scXrk6NML.jpg",998,4897.41,4.91
0007455585,"Books",1304369,"Battle Castles: 500 Years of Knights and Siege Warfare",19.99,"http://ecx.images-amazon.com/images/I/51wFQOHi3GL.jpg",770,2442.53,3.17
0007481012,"Books",1747305,"King Edward VIII",18.88,"http://ecx.images-amazon.com/images/I/418TwEb3eWL.jpg",740,2828.01,3.82
0007466013,"Books",5880462,"Holy Bible: English Standard Version.",17.39,"http://ecx.images-amazon.com/images/I/61Ge86xnShL.jpg",160,675.74,4.22
0007448473,"Books",231822,"The Sugar Girls",7.59,"http://ecx.images-amazon.com/images/I/51x0PkUsiCL.jpg",220,950.18,4.32
0007481438,"Books",1190930,"Collins World Flags Sticker Book (Collins Sticker Books)",6.29,"http://ecx.images-amazon.com/images/I/51uBtIzYP%2BL.jpg",907,3338.19,3.68
000746861X,"Books",998985,"2013 Collins Britain Essential Road Atlas (International Road Atlases)",17.95,"http://ecx.images-amazon.com/images/I/71WL3iznbZL.jpg",137,587.77,4.29
0007460716,"Books",2885390,"Killing Cupid",2.99,"http://ecx.images-amazon.com/images/I/51dscVOK8oL.jpg",675,3016.0,4.47
0007468660,"Books",2266334,"2013 Collins Britain &amp; Ireland Handy Road Atlas Collins (International Road Atlases)",7.15,"http://ecx.images-amazon.com/images/I/511YY8N%2B2qL.jpg",176,764.51,4.34
0007456018,"Books",2838269,"Collins Easy Learning German Grammar and Practice",40.48,"http://ecx.images-amazon.com/images/I/51zAdSwPehL.jpg",691,2727.39,3.95
0007460708,"Books",3484472,"Catch Your Death. Louise Voss, Mark Edwards",0.99,"http://ecx.images-amazon.com/images/I/51UDA9OW5xL.jpg",826,2766.44,3.35
0007465955,"Books",2860755,"Sparrow: The Story of Joan of Arc",9.95,"http://ecx.images-amazon.com/images/I/51IIY%2B-3adL.jpg",502,1835.85,3.66
0007450133,"Books",1997496,"My Old Man: A Personal History of Music Hall",11.89,"http://ecx.images-amazon.com/images/I/51fmQzzxrsL.jpg",806,2847.34,3.53
0007464665,"Books",3936996,"Collins Work on Your Phrasal Verbs: B1-C2",345.0,"http://ecx.images-amazon.com/images/I/71-kQ--m0%2BL.jpg",336,1617.77,4.81
0007485883,"Books",610155,"Tartans Map of Scotland (Collins Pictorial Maps)",8.95,"http://ecx.images-amazon.com/images/I/61HuHB%2B2BTL.jpg",308,1254.44,4.07
000745337X,"Books",899661,"Times Cryptic Crossword 16",8.96,"http://ecx.images-amazon.com/images/I/51PnI01YB8L.jpg",583,1822.15,3.13
0007462190,"Books",8952321,"Polly. Freya North",735.16,"http://ecx.images-amazon.com/images/I/41n1hZGGe%2BL.jpg",984,4710.07,4.79
0007485875,"Books",1799513,"Three Mothers (and a Camel)",11.89,"http://ecx.images-amazon.com/images/I/41A1Nxkjd%2BL.jpg",530,2379.84,4.49
000746519X,"Books",1249097,"The Times Killer Su Doku Book 9",8.96,"http://ecx.images-amazon.com/images/I/41zKjWaiwkL.jpg",364,1605.33,4.41
0007481136,"Books",251622,"The Octonauts Explore the Great Big Ocean",7.99,"http://ecx.images-amazon.com/images/I/51vjl5FJvXL.jpg",947,4686.69,4.95
0007479085,"Books",5089166,"Illumination",11.04,"http://ecx.images-amazon.com/images/I/81AvZuxoLFL.jpg",298,955.21,3.21
000747959X,"Books",812914,"Mummy's Little Helper: The heartrending true story of a young girl secretly caring for her severely disabled mother",7.59,"http://ecx.images-amazon.com/images/I/512P6URYO8L.jpg",895,3774.23,4.22
0007472269,"Books",6682627,"The Mermaid and the Octopus (Collins Big Cat)",682.08,"http://ecx.images-amazon.com/images/I/61vxeXs4nfL.jpg",388,1400.93,3.61
0007463243,"Books",1606577,"Boneland",24.7,"http://ecx.images-amazon.com/images/I/41Bxo6BPKNL.jpg",744,2580.1,3.47
0007490518,"Books",26201,"Collins Scotland Touring Map",7.15,"http://ecx.images-amazon.com/images/I/71LIdwdzN%2BL.jpg",367,1491.78,4.06
0007454856,"Books",1531294,"Extreme Metaphors",12.58,"http://ecx.images-amazon.com/images/I/81o3SRZRMHL.jpg",121,403.69,3.34
0007485514,"Books",1121218,"Collins GEM Portuguese Dictionary (Portuguese and English Edition)",14.54,"http://ecx.images-amazon.com/images/I/41R8V3lO0YL.jpg",275,1010.87,3.68
0007485913,"Books",1014726,"Scotland of Old Wall Map: Clans Map of Scotland (Collins Pictorial Maps)",14.35,"http://ecx.images-amazon.com/images/I/6102rvZsfrL.jpg",797,3303.7,4.15
0007487800,"Books",1147952,"Dot",8.89,"http://ecx.images-amazon.com/images/I/51cX4ny7UQL.jpg",131,633.03,4.83
0007488238,"Books",593776,"Cupcakes at Carrington's",5.69,"http://ecx.images-amazon.com/images/I/712fN3aCpcL.jpg",435,1419.98,3.26
0007473214,"Books",137124,"The Lost Boy (Patrick Hedstrom and Erica Falck)",16.57,"http://ecx.images-amazon.com/images/I/41UkCiskiNL.jpg",272,1339.88,4.93
0007486839,"Books",2868671,"The Red Line: The Gripping Story of the RAF's Bloodiest Raid on Hitler's Germany",722.36,"http://ecx.images-amazon.com/images/I/51BNZEOelZL.jpg",953,4329.08,4.54
0007485905,"Books",40367,"Scotland of Old: Clans Map of Scotland (Collins Pictorial Maps)",7.15,"http://ecx.images-amazon.com/images/I/61NWEwVSixL.jpg",784,3419.65,4.36
0007465157,"Books",1080374,"Times Codeword 4",8.87,"http://ecx.images-amazon.com/images/I/51uXwz1US9L.jpg",907,3289.12,3.63
0007485697,"Books",1226696,"Be Awesome: Modern Life for Modern Ladies",11.75,"http://ecx.images-amazon.com/images/I/41djYmkGT2L.jpg",636,3119.19,4.9
0007468598,"Books",1251271,"2013 Collins Britain Big Road Atlas (International Road Atlases)",11.62,"http://ecx.images-amazon.com/images/I/61zIL8bMYqL.jpg",557,2336.07,4.19
0007449186,"Books",600447,"I, Partridge: We Need to Talk about Alan. Alan Partridge with Rob Gibbons ... [Et Al.]",5.69,"http://ecx.images-amazon.com/images/I/519MbxaDS3L.jpg",951,4415.56,4.64
0007459173,"Books",1370517,"The Babylon Rite",7.99,"http://ecx.images-amazon.com/images/I/51BmS8kM8qL.jpg",743,2301.03,3.1
0007491298,"Books",32840,"The Poisoned Crown (The Accursed Kings, Book 3)",8.89,"http://ecx.images-amazon.com/images/I/51wi%2Bplbe7L.jpg",274,973.76,3.55
0007478992,"Books",1359060,"2013 Collins Europe Essential Road Atlas (International Road Atlases)",16.25,"http://ecx.images-amazon.com/images/I/51DniArw7bL.jpg",466,1801.49,3.87
0007486774,"Books",162468,"Another Forgotten Child",6.64,"http://ecx.images-amazon.com/images/I/51y0b2V8yyL.jpg",611,2522.07,4.13
0007479557,"Books",328816,"Your Chinese Horoscope 2014: What the year of the horse holds in store for you",11.43,"http://ecx.images-amazon.com/images/I/514bSJcx6CL.jpg",878,3406.62,3.88
0007466064,"Books",111881,"Dance with Dragons: Dreams and Dust (A Song of Ice and Fire)",6.53,"http://ecx.images-amazon.com/images/I/51cXtmt22%2BL.jpg",591,1936.4,3.28
0007459114,"Books",815982,"Collins Official Scrabble Words.",4.72,"http://ecx.images-amazon.com/images/I/41x%2BPXizufL.jpg",136,488.85,3.59
0007458851,"Books",1420449,"Paddington Races Ahead",660.98,"http://ecx.images-amazon.com/images/I/51%2BhP02zh2L.jpg",482,1798.4,3.73
000748142X,"Books",2755089,"Collins The Solar System Sticker Book (Collins Sticker Books)",6.29,"http://ecx.images-amazon.com/images/I/51a1jCfGncL.jpg",250,1226.27,4.91
0007461100,"Books",3001824,"Rumours",7.59,"http://ecx.images-amazon.com/images/I/91k%2BcFwD1cL.jpg",916,3011.91,3.29
0007460902,"Books",602520,"It's Not Me, It's You!",8.89,"http://ecx.images-amazon.com/images/I/51XhHMTqBIL.jpg",842,2578.01,3.06
0007492510,"Books",735330,"Param&eacute;dico",8.89,"http://ecx.images-amazon.com/images/I/51a%2B4D%2B42nL.jpg",349,1091.19,3.13
0007478968,"Books",45830,"Collins Scotland Handy Road Atlas (International Road Atlases)",6.26,"http://ecx.images-amazon.com/images/I/61Z2s5LBFlL.jpg",388,1628.97,4.2
0007456816,"Books",2416949,"Tales of the Gypsy Dressmaker",6.64,"http://ecx.images-amazon.com/images/I/51tgbTL8SaL.jpg",952,4421.65,4.64
0007481446,"Books",796146,"Collins World Atlas Sticker Book (Collins Sticker Books)",6.29,"http://ecx.images-amazon.com/images/I/51oB3kCY7wL.jpg",826,3087.51,3.74
000748805X,"Books",684929,"You Had Me At Hello",1.99,"http://ecx.images-amazon.com/images/I/518o9KllAvL.jpg",452,2243.98,4.96
0007497091,"Books",46719,"2014 Collins Britain Essential Road Atlas (International Road Atlases)",17.95,"http://ecx.images-amazon.com/images/I/91TIY8b8eZL.jpg",604,2790.41,4.62
0007453124,"Books",1565630,"All Cheeses Great and Small: A Not So Everyday Story of Country Folk",7.59,"http://ecx.images-amazon.com/images/I/51TRsYdaCsL.jpg",181,633.07,3.5
0007493827,"Books",398191,"Collins Discovering Glasgow: The Illustrated Map (Collins Travel Guides)",7.15,"http://ecx.images-amazon.com/images/I/51UE9YZ0WGL.jpg",865,2781.87,3.22
0007488173,"Books",166975,"Little Mix: Ready to Fly (100% OFFICIAL)",11.89,"http://ecx.images-amazon.com/images/I/512UweLUFTL.jpg",808,2703.5,3.35
0007491220,"Books",5957289,"The Bell Between Worlds (The Mirror Chronicles)",11.89,"http://ecx.images-amazon.com/images/I/81VzTV%2BSvEL.jpg",260,808.38,3.11
0007482795,"Books",1362032,"Memory of the World: The Treasures That Record Our History from 1700 BC to the Present Day",8.89,"http://ecx.images-amazon.com/images/I/51Ulet0295L.jpg",641,2618.33,4.08
0007489730,"Books",833895,"Otter Chaos! (Awesome Animals)",716.72,"http://ecx.images-amazon.com/images/I/5137IvINTGL.jpg",122,445.52,3.65
0007497105,"Books",248624,"2014 Collins Britain &amp; Ireland Handy Road Atlas (International Road Atlases)",7.15,"http://ecx.images-amazon.com/images/I/51Yfp8d7O0L.jpg",579,2894.44,5.0
0007487347,"Books",1481053,"The Hobbit: an Unexpected Journey - Annual 2013",9.47,"http://ecx.images-amazon.com/images/I/81f450Oy6UL.jpg",979,4403.05,4.5
0007436122,"Books",459868,"How Did All This Happen?",22.99,"http://ecx.images-amazon.com/images/I/512FdIYdKeL.jpg",377,1480.2,3.93
0007492316,"Books",3117732,"Sacrifice",3.79,"http://ecx.images-amazon.com/images/I/819Uh5lHU5L.jpg",242,1104.89,4.57
0007497121,"Books",53752,"2014 Collins Ireland Road Map (Collins Road Map)",7.15,"http://ecx.images-amazon.com/images/I/51eQ5HLk3ZL.jpg",748,2910.99,3.89
0007467915,"Books",4658976,"The Great Granny Gang",7.99,"http://ecx.images-amazon.com/images/I/51zlOtaX8WL.jpg",473,1670.31,3.53
000748626X,"Books",1992470,"Learn German with Paul Noble (German and English Edition)",34.43,"http://ecx.images-amazon.com/images/I/517K3vHr8NL.jpg",776,3170.66,4.09
0007501447,"Books",873284,"GI Brides: The War-time Girls Who Crossed the Atlantic for Love",9.75,"http://ecx.images-amazon.com/images/I/41aC6w7eA%2BL.jpg",558,2063.02,3.7
0007493134,"Books",2763674,"Collins London Handy Street Map: 2013 (Collins Travel Guides)",4.45,"http://ecx.images-amazon.com/images/I/51kn3pwzf-L.jpg",853,2580.14,3.02
0007505418,"Books",3251166,"Time Exploring Britain's Lost Railways",33.27,"http://ecx.images-amazon.com/images/I/51PjXWH8dOL.jpg",849,3101.38,3.65
0007497148,"Books",861241,"2014 Collins Scotland Road Map",7.15,"http://ecx.images-amazon.com/images/I/519SX2mkr2L.jpg",492,1561.73,3.17
0007488785,"Books",463310,"The World of David Walliams",413.65,"http://ecx.images-amazon.com/images/I/51gO-zXeiUL.jpg",130,649.4,5.0
0007503156,"Books",5159410,"Payback",15.29,"http://ecx.images-amazon.com/images/I/51tWqkn-9SL.jpg",635,2595.85,4.09
0007491271,"Books",607933,"The Strangled Queen (The Accursed Kings)",10.99,"http://ecx.images-amazon.com/images/I/51FyP5qkIwL.jpg",143,617.69,4.32
0007453191,"Books",3659667,"Year of the Tiger",312.89,"http://ecx.images-amazon.com/images/I/51FMx%2BgwGBL.jpg",355,1314.53,3.7
0007500955,"Books",755843,"Confessions of a New York Taxi Driver (The Confessions Series)",9.55,"http://ecx.images-amazon.com/images/I/51qhPaElAYL.jpg",833,4020.88,4.83
0007491093,"Books",1733254,"Pearl Lowe's Vintage Craft: 50 Craft Projects and Home Styling Advice",13.59,"http://ecx.images-amazon.com/images/I/61P7L65-KiL.jpg",957,3925.77,4.1
0007498217,"Books",933550,"The Times Reference Atlas of the World: Representing the Earth with Authority, Accuracy and Style (The Times Atlases)",30.95,"http://ecx.images-amazon.com/images/I/515VvcXri2L.jpg",688,3252.78,4.73
0007489617,"Books",107417,"Facing the Other Way: The Story of 4AD",13.59,"http://ecx.images-amazon.com/images/I/51UQXhZvu8L.jpg",920,4519.05,4.91
0007481055,"Books",901990,"The Times Compact Atlas of the World: Representing the Earth with Authority, Accuracy and Style (The Times Atlases)",15.16,"http://ecx.images-amazon.com/images/I/41iHGx8L1RL.jpg",819,3766.3,4.6
0007516924,"Books",989855,"The Times Ultimate Killer Su Doku Book 5",8.96,"http://ecx.images-amazon.com/images/I/51Jswmc1l2L.jpg",410,1933.25,4.72
0007485867,"Books",207614,"How Many Camels are There in Holland?: Dementia, Ma and Me",19.95,"http://ecx.images-amazon.com/images/I/4123KyAQ71L.jpg",957,4561.71,4.77
0007492286,"Books",435043,"Collins World Atlas: Mini Edition: Handy Reference Atlas for Exploring the Whole World",8.96,"http://ecx.images-amazon.com/images/I/81grVyn5nTL.jpg",550,2371.36,4.31
0007497075,"Books",602157,"2014 Collins Britain Big Road Atlas (International Road Atlases)",9.99,"http://ecx.images-amazon.com/images/I/61cUwSOAwRL.jpg",505,2252.18,4.46
0007513305,"Books",66350,"Whisky Map of Scotland (Collins Pictorial Maps)",7.15,"http://ecx.images-amazon.com/images/I/81PwPEw4NPL.jpg",464,2061.01,4.44
0007497989,"Books",609797,"About a Girl",13.49,"http://ecx.images-amazon.com/images/I/71-R8uqhfFL.jpg",335,1042.55,3.11
0007431201,"Books",1356288,"All Hell Let Loose: The World at War 1939-1945",10.99,"http://ecx.images-amazon.com/images/I/31b3eLN-%2B4L.jpg",507,2180.79,4.3
0007488939,"Books",3727963,"Wherever You are: The Military Wives: Our True Stories of Heartbreak, Hope and Love",8.89,"http://ecx.images-amazon.com/images/I/51mRkAEdGtL.jpg",175,571.31,3.26
0007508530,"Books",118108,"Collins Castles Map of Scotland (Collins Pictorial Maps)",7.56,"http://ecx.images-amazon.com/images/I/61lpKR4rRsL.jpg",829,3218.95,3.88
0007491697,"Books",283863,"The Times Jumbo Cryptic Crossword Book 12",9.92,"http://ecx.images-amazon.com/images/I/51U-HB1nRQL.jpg",665,2697.03,4.06
0007514263,"Books",786723,"Collins Children's World Atlas",17.05,"http://ecx.images-amazon.com/images/I/51UGhRhLJoL.jpg",352,1340.67,3.81
0007525621,"Books",7334098,"Collins Pub Quiz 2",4.74,"http://ecx.images-amazon.com/images/I/51qxWsG7wXL.jpg",740,2849.34,3.85
0007522207,"Books",547104,"Mapping the First World War: The Great War Through Maps from 1914 to 1918",8.89,"http://ecx.images-amazon.com/images/I/51%2Bn02VP4bL.jpg",448,1373.17,3.07
0007497482,"Books",3489385,"Happy Mealtimes for Kids: A Guide to Making Healthy Meals That Children Love",3.79,"http://ecx.images-amazon.com/images/I/51kvaL8ZOIL.jpg",738,3425.39,4.64
0007510837,"Books",2423379,"Collins German Dictionary (Collins Complete and Unabridged) (German and English Edition)",15.42,"http://ecx.images-amazon.com/images/I/510ls9sGhlL.jpg",485,2360.71,4.87
0007493010,"Books",2893060,"Someone to Watch Over Me",28.54,"http://ecx.images-amazon.com/images/I/51xbjG4ocAL.jpg",197,913.17,4.64
0007504306,"Books",1229130,"Pizza Pilgrims: Recipes from the Backstreets of Italy",22.99,"http://ecx.images-amazon.com/images/I/51kZLXpSEcL.jpg",634,1965.61,3.1
000750621X,"Books",90737,"The Secret Life of a Submissive",1.99,"http://ecx.images-amazon.com/images/I/41yGFm6mmwL.jpg",220,936.44,4.26
0007493053,"Books",1629677,"Sisters, Secrets and Sacrifice: The True Story of WWII Special Agents Eileen and Jacqueline Nearne. by Susan Ottaway",513.66,"http://ecx.images-amazon.com/images/I/51NbgUa%2BvlL.jpg",814,3000.48,3.69
0007448023,"Books",961647,"Freax and Rejex",8.89,"http://ecx.images-amazon.com/images/I/61eZ5JiBqGL.jpg",714,2486.7,3.48
0007479573,"Books",535697,"Your Personal Horoscope 2014: Month-by-month forecasts for every sign",9.78,"http://ecx.images-amazon.com/images/I/51zZAivowwL.jpg",859,2923.03,3.4
0007524137,"Books",1249422,"The Diamond Ring (Unbreakable Trilogy, Book 3)",5.69,"http://ecx.images-amazon.com/images/I/81R4aIJwreL.jpg",715,2895.28,4.05
000748593X,"Books",1017689,"Tolkien Calendar 2013: Illustrated by John Howe and Alan Lee",9.47,"http://ecx.images-amazon.com/images/I/61tu3hL4-EL.jpg",262,819.73,3.13
0007450451,"Books",858385,"Your Personal Horoscope 2013: Month-by-month Forecasts for Every Sign",11.99,"http://ecx.images-amazon.com/images/I/51q6R7odbIL.jpg",870,3694.72,4.25
0007491921,"Books",3643366,"French Pronunciation (Collins Easy Learning French) (French and English Edition)",378.99,"http://ecx.images-amazon.com/images/I/51LOJnl2%2BnL.jpg",135,549.41,4.07
0007506236,"Books",1520946,"Churchill's Angels",1.99,"http://ecx.images-amazon.com/images/I/617N1x68vVL.jpg",163,625.48,3.84
000749310X,"Books",620690,"Collins The World: Laminated Wall Map",17.95,"http://ecx.images-amazon.com/images/I/7175KUFwh8L.jpg",854,3691.16,4.32
000752563X,"Books",5633726,"Collins Quiz Night 2",4.99,"http://ecx.images-amazon.com/images/I/51jO8pDODeL.jpg",454,1969.0,4.34
0007500157,"Books",387080,"Cheryl: My Story",9.99,"http://ecx.images-amazon.com/images/I/71EK5fbpUeL.jpg",831,3058.28,3.68
0007500262,"Books",1291239,"Tolkien Calendar 2014: The Hobbit",9.47,"http://ecx.images-amazon.com/images/I/71CdbF6EUAL.jpg",431,1568.83,3.64
0007541295,"Books",32844,"Collins Ireland: Handy Road Atlas (International Road Atlases)",7.89,"http://ecx.images-amazon.com/images/I/51ZHMAn24tL.jpg",463,1677.79,3.62
0007491336,"Books",642698,"The She-Wolf (The Accursed Kings)",7.99,"http://ecx.images-amazon.com/images/I/51UmDhxBj2L.jpg",267,1040.74,3.9
0007518137,"Books",477045,"How to Do Everything and Be Happy: Your step-by-step, straight-talking guide to creating happiness in your life",9.78,"http://ecx.images-amazon.com/images/I/41QBc6XUwtL.jpg",802,2994.78,3.73
0007514913,"Books",123261,"Please Don't Take My Baby",1.99,"http://ecx.images-amazon.com/images/I/51o59b65VJL.jpg",525,2100.78,4.0
0007519532,"Books",1910712,"Will there be Donuts?: Better Business One Meeting at a Time",11.99,"http://ecx.images-amazon.com/images/I/51LJc4PMhEL.jpg",772,3282.51,4.25
0007551797,"Books",879588,"Collins Scots Kith and Kin: Bestselling Guide to the Clans and Surnames of Scotland",20.95,"http://ecx.images-amazon.com/images/I/41evaOZTM3L.jpg",521,1938.0,3.72
0007541317,"Books",3095515,"Scotland Pocket Map",10.16,"http://ecx.images-amazon.com/images/I/51RUWURRNZL.jpg",967,4121.04,4.26
0007506619,"Books",1196792,"21 Days to Glory: The Official Team Sky Book of the 2012 Tour de France",19.99,"http://ecx.images-amazon.com/images/I/81D84dyKl8L.jpg",984,3559.4,3.62
0007501501,"Books",432204,"I Heart Christmas",5.6,"http://ecx.images-amazon.com/images/I/51%2BmpbVnHPL.jpg",834,2727.96,3.27
0007530919,"Books",34569,"Will You Love Me?: The story of my adopted daughter Lucy",8.72,"http://ecx.images-amazon.com/images/I/51mpv84GCSL.jpg",718,3028.59,4.22
0007496761,"Books",6144134,"Collins Portuguese Dictionary and Grammar (Collins Dictionary and Grammar) (Portuguese and English Edition)",577.31,"http://ecx.images-amazon.com/images/I/715bBV9X7TL.jpg",431,1900.08,4.41
000752417X,"Books",1045576,"The Silver Chain (Unbreakable Trilogy, Book 1)",1.99,"http://ecx.images-amazon.com/images/I/510VWinDGTL.jpg",831,2619.07,3.15
0007540302,"Books",596548,"Love Monster and the Last Chocolate",14.04,"http://ecx.images-amazon.com/images/I/6192SoCmx5L.jpg",682,3139.14,4.6
0007522029,"Books",179326,"Can We Save the Catholic Church?",13.13,"http://ecx.images-amazon.com/images/I/41NIwM6QvXL.jpg",930,4122.8,4.43
000749131X,"Books",301214,"The Royal Succession (The Accursed Kings)",11.58,"http://ecx.images-amazon.com/images/I/51sjvuI-FvL.jpg",330,1375.62,4.17
0007532830,"Books",3255006,"When Hitler Stole Pink Rabbit",6.29,"http://ecx.images-amazon.com/images/I/51T1v88KHFL.jpg",285,1113.17,3.91
0007546971,"Books",73947,"The World's Heritage: A Guide to All 981 UNESCO World Heritage Sites",24.26,"http://ecx.images-amazon.com/images/I/51CNZdfMr7L.jpg",399,1867.34,4.68
0007509782,"Books",539380,"Mapping Le Tour: The Unofficial History of All 100 Tour de France Races",19.99,"http://ecx.images-amazon.com/images/I/81a-nHaJVYL.jpg",272,1165.55,4.29
0007525796,"Books",412994,"Astronomy Photographer of the Year: Collection 2",30.73,"http://ecx.images-amazon.com/images/I/51Da7Q4v8IL.jpg",674,2771.35,4.11
0007575505,"Books",3682904,"The Best Thing I Never Had: HarperImpulse Contemporary Romance",0.99,"http://ecx.images-amazon.com/images/I/51HlYu0o-aL.jpg",910,3416.02,3.75
0007497083,"Books",742308,"2014 Collins Britain Big Road Atlas (International Road Atlases)",13.64,"http://ecx.images-amazon.com/images/I/817tMoac1DL.jpg",498,2416.23,4.85
0007454767,"Books",1779194,"Communion Town:  A City in Ten Chapters",9.99,"http://ecx.images-amazon.com/images/I/61xJ8ucZMhL.jpg",269,1043.82,3.88
0007513232,"Books",3842037,"Handy Road Atlas of Europe (International Road Atlases)",8.95,"http://ecx.images-amazon.com/images/I/51G7gH-r9yL.jpg",986,3331.41,3.38
000761263X,"Books",516448,"The Healing Path",449.32,"http://ecx.images-amazon.com/images/I/51MKNE03FAL.jpg",207,820.53,3.96
0007514948,"Books",550864,"The Naughty Girls Book Club",8.89,"http://ecx.images-amazon.com/images/I/512RqitFW7L.jpg",706,2798.04,3.96
0007518633,"Books",6941030,"Supercat vs the Chip Thief",7.99,"http://ecx.images-amazon.com/images/I/51NKkUjlLtL.jpg",430,2074.3,4.82
0007497415,"Books",90249,"The Ultimate Introduction to NLP: How to build a successful life",8.89,"http://ecx.images-amazon.com/images/I/51jUa3YFsVL.jpg",214,883.24,4.13
000766141X,"Books",5490175,"Hop on Pop Classics HB",3.99,"http://ecx.images-amazon.com/images/I/41UOUHONT0L.jpg",967,3733.93,3.86
0007523580,"Books",527197,"The Qualities of Wood",4.74,"http://ecx.images-amazon.com/images/I/91OKBzQXq5L.jpg",688,3321.5,4.83
0007559461,"Books",420352,"You Had Me At Hello",1.99,"http://ecx.images-amazon.com/images/I/51MG3YlC5uL.jpg",763,3360.12,4.4
0007550790,"Books",2462745,"The Complete 2-Day Fasting Diet",1.99,"http://ecx.images-amazon.com/images/I/51f%2B2CgsMhL.jpg",986,4290.6,4.35
000755947X,"Books",153579,"Here's Looking At You",8.89,"http://ecx.images-amazon.com/images/I/81DwUJ02qbL.jpg",319,999.1,3.13
0007493991,"Books",1894293,"The Slightly Annoying Elephant",9.25,"http://ecx.images-amazon.com/images/I/61465tZth6L.jpg",117,483.59,4.13
000767998X,"Books",3586356,"The Tibetan Way of Life, Death and Rebirth: The Illustrated Guide to Tibetan Wisdom",4.01,"http://ecx.images-amazon.com/images/I/616019MKJ5L.jpg",933,4439.33,4.76
000755589X,"Books",57421,"5LBs in 5 Days: The Juice Detox Diet",10.99,"http://ecx.images-amazon.com/images/I/51N3QrvxKyL.jpg",413,1413.66,3.42
0007524951,"Books",2366126,"Further Confessions of a GP (The Confessions Series)",5.69,"http://ecx.images-amazon.com/images/I/51XM6LaY-mL.jpg",437,1941.01,4.44
0007490526,"Books",248566,"Collins Ireland Handy Road Atlas (International Road Atlases)",7.16,"http://ecx.images-amazon.com/images/I/510oamhjAoL.jpg",820,3484.28,4.25
0007542216,"Books",6914513,"About Writing and How to Publish",7.59,"http://ecx.images-amazon.com/images/I/81BlbZzLKPL.jpg",914,3200.86,3.5
000764485X,"Books",4453462,"Health Style: The Complete Integrated Guide to a Healthy Life",722.5,"http://ecx.images-amazon.com/images/I/517R57ESHJL.jpg",206,803.58,3.9
000766236X,"Books",1442224,"The Kitchen Shrink: Foods and Recipes for a Healthy Mind",11.82,"http://ecx.images-amazon.com/images/I/51TRBVRC0HL.jpg",225,1106.64,4.92
000765202X,"Books",2374183,"Goodbye Mickey Mouse",6.64,,124,610.13,4.92
0007650957,"Books",6143140,"Spanish Phrase Book (Collins GEM)",224.97,"http://ecx.images-amazon.com/images/I/51A6D6GN4JL.jpg",433,2053.1,4.74
0007547862,"Books",1256361,"Life of a Chalkstream",21.99,"http://ecx.images-amazon.com/images/I/51psjSyZEjL.jpg",723,2242.52,3.1
0007828780,"Books",2046533,"Tully",14.72,"http://ecx.images-amazon.com/images/I/61H4J2v7bwL.jpg",364,1601.11,4.4
0007921268,"Books",141982,"Core of the Yoga Sutras: The Definitive Guide to the Philosophy of Yoga",13.18,"http://ecx.images-amazon.com/images/I/81Ymh3Pf0uL.jpg",248,915.94,3.69
0007544596,"Books",1255279,"Dinner's on!: 100 Quick and Delicious Recipes the Whole Family Will Enjoy",23.99,"http://ecx.images-amazon.com/images/I/51sLrqj8QmL.jpg",638,2148.44,3.37
0011888210,"Books",1855942,"Parkinson's Disease: Looking Down the Barrel",7.16,"http://ecx.images-amazon.com/images/I/41WqbXA2kjL.jpg",464,1536.26,3.31
0007778694,"Books",3619600,"Wildlife Of India",525.96,"http://ecx.images-amazon.com/images/I/41EAAr8fVqL.jpg",350,1238.59,3.54
0007653735,"Books",5026330,"Prophecies: 4,000 Years of Prophets, Visionaries, and Predictions",7.19,"http://ecx.images-amazon.com/images/I/51JS6F5WE8L.jpg",898,4106.65,4.57
0007921276,"Books",77965,"The Tree of Yoga: The Definitive Guide to Yoga in Everyday Life",14.46,"http://ecx.images-amazon.com/images/I/51QecyjIHUL.jpg",562,2697.78,4.8
0007929803,"Books",535988,"The Element Encyclopedia of Native Americans: An A to Z of Tribes, Culture, and History",13.59,"http://ecx.images-amazon.com/images/I/51xvhWvR%2BzL.jpg",588,2037.6,3.47
0007680007,"Books",1433040,"The Sacred East: Understanding Eastern Religions",313.64,"http://ecx.images-amazon.com/images/I/5183TSCB5DL.jpg",770,3674.79,4.77
0007662394,"Books",1187466,"The Big Book of Juices and Smoothies: 365 Natural Blends for Health and Vitality Every Day",18.22,"http://ecx.images-amazon.com/images/I/41QWKDB9NVL.jpg",385,1413.47,3.67
0007491263,"Books",17171,"The Iron King (The Accursed Kings, Book 1)",1.99,"http://ecx.images-amazon.com/images/I/51kX4D-nWLL.jpg",203,968.11,4.77
0007937636,"Books",4975292,"Collins Quiz Book Gift Set",371.91,"http://ecx.images-amazon.com/images/I/815qi1G26UL.jpg",325,1562.27,4.81
0007559569,"Books",2557900,"Beyond Grace's Rainbow: HarperImpulse Contemporary Romance",2.99,"http://ecx.images-amazon.com/images/I/51cDRdtLaIL.jpg",728,3362.73,4.62
0011528230,"Movies & TV",813209,"Humor in Recovery by Father Joseph Martin DVD",566.43,"http://ecx.images-amazon.com/images/I/31Js%2BPz888L.jpg",665,2085.57,3.14
0010004653,"Books",1635147,"Am I a Hindu? The Hinduism Primer",382.57,"http://ecx.images-amazon.com/images/I/61q%2BPIcy4QL.jpg",600,2422.91,4.04
0014072149,"Musical Instruments",94593,"Double Concerto in D Minor By Johann Sebastian Bach. Edited By David Oistrach. For Violin I, Violin Ii and Piano Accompaniment. Urtext. Baroque. Medium. Set of Performance Parts. Solo Parts, Piano Reduction and Introductory Text. BWV 1043.",18.77,"http://ecx.images-amazon.com/images/I/41m6ygCqc8L._SY300_.jpg",732,2852.31,3.9
0014024853,"Books",14205501,"After Yesterday's Crash: The Avant-Pop Anthology",494.21,,793,3307.13,4.17
0012299057,"Music",1944314,"CD New And Used Hits: Best Of Apologetix (2 CD)",485.79,"http://g-ecx.images-amazon.com/images/G/01/x-site/icons/no-img-lg._V192198674_.gif",974,3265.67,3.35
0020063105,"Books",369364,"Of Blood and Hope",327.87,"http://ecx.images-amazon.com/images/I/41uH4R4shBL.jpg",259,952.29,3.68
0007921284,"Books",77102,"Light on Pranayama: The Definitive Guide to the Art of Breathing",15.8,"http://ecx.images-amazon.com/images/I/7164tbhVhtL.jpg",696,2677.23,3.85
0007829698,"Books",3335267,"Bake (Signed Edition)",9.99,"http://ecx.images-amazon.com/images/I/71Pkp9Ika2L._SL500_PIsitb-sticker-arrow-big,TopRight,35,-73_OU01_.jpg",448,1994.99,4.45
0007851375,"Books",48585,"Illustrated Encyclopedia of Healing Remedies",26.36,"http://ecx.images-amazon.com/images/I/51YRIkw12EL.jpg",953,4645.02,4.87
0020026501,"Books",484652,"Mama Leah's Jewish Kitchen",228.75,"http://ecx.images-amazon.com/images/I/216E7X440RL.jpg",610,1972.22,3.23
0020093616,"Books",1403658,"The New Comics Anthology",553.27,"http://ecx.images-amazon.com/images/I/61NM48WBQ0L.jpg",646,2445.73,3.79
0020083157,"Books",907974,"The Hormone Headache: New Ways to Prevent, Manage, and Treat Migraines and Other Headaches",5.36,"http://ecx.images-amazon.com/images/I/518611WRX4L.jpg",801,2682.32,3.35
0020072406,"Books",1738026,"The Ugly Swans",13.4,"http://ecx.images-amazon.com/images/I/913FxYwVoML.jpg",309,1450.7,4.69
0007902301,"Books",7491805,"Henry IV Part 1 and Part 2. (Collins Classics)",388.73,"http://ecx.images-amazon.com/images/I/71zAIIc%2BCjL.jpg",877,3822.36,4.36
0020098014,"Books",101633,"The Curious Cook: More Kitchen Science and Lore",22.6,"http://ecx.images-amazon.com/images/I/51ydS-Cv7sL.jpg",148,676.4,4.57
0007929080,"Books",21194,"7 Lbs in 7 Days: The Juice Master Diet",10.99,"http://ecx.images-amazon.com/images/I/51DDmtkpeuL.jpg",798,3332.33,4.18
0007488254,"Books",364843,"Christmas at Carrington's",10.67,"http://ecx.images-amazon.com/images/I/51sJaIx6QzL.jpg",730,2280.23,3.12
0020100604,"Books",84495,"Simple French Food",13.99,"http://ecx.images-amazon.com/images/I/51m9XnNcoqL.jpg",145,450.68,3.11
0020016700,"Books",43469,"How to Build and Furnish a Log Cabin: The easy, natural way using only hand tools and the woods around you",12.72,"http://ecx.images-amazon.com/images/I/51D1JzeT-rL.jpg",386,1173.16,3.04
0007937644,"Books",4098337,"The Times Fiendish Su Doku Gift Set",467.04,"http://ecx.images-amazon.com/images/I/71kJBBWKaBL.jpg",830,3787.4,4.56
0020119208,"Books",1835204,"HOW TO DRAW IN PEN AND INK",169.54,"http://ecx.images-amazon.com/images/I/81GcTBDlZJL.jpg",319,1119.17,3.51
0020065302,"Books",1287893,"Self-Discovery",470.49,"http://ecx.images-amazon.com/images/I/51paTr9CGzL._SL500_.jpg",282,1181.57,4.19
0012175447,"Movies & TV",268611,"DVD-Cedarmont Kids: Gospel Bible Songs",10.0,"http://ecx.images-amazon.com/images/I/41AZut1dxCL._SY300_.jpg",796,2998.73,3.77
0020117604,"Books",1373052,"From Beginner to Expert in 40 Lessons",12.42,"http://ecx.images-amazon.com/images/I/41yNvskftAL.jpg",897,4081.92,4.55
0007612605,"Books",1996114,"Total Yoga: A Step-by-Step Guide to Yoga at Home for Everybody",10.39,"http://ecx.images-amazon.com/images/I/41ZFBQS5MEL.jpg",134,445.9,3.33
0020103700,"Books",2402154,"The Vegetarian Times Cookbook",575.25,"http://ecx.images-amazon.com/images/I/51X9T6GYVBL.jpg",927,3490.66,3.77
0020088221,"Books",6195709,"Brat Farrar",9.73,"http://ecx.images-amazon.com/images/I/51CER6F39HL.jpg",103,497.2,4.83
0020166001,"Books",3276465,"Uncertainty Principle",618.0,"http://ecx.images-amazon.com/images/I/51sEooq8UeL.jpg",136,642.53,4.72
0020126204,"Books",1702684,"The Greatest Ever Bank Robbery : The Collapse of the Savings and Loan Industry",716.38,"http://ecx.images-amazon.com/images/I/91oxGH%2BBX-L.jpg",878,3431.07,3.91
0020007205,"Books",2331510,"Chip Carving and Relief Carving",11.97,"http://ecx.images-amazon.com/images/I/81g%2BBPE3mEL.jpg",991,3401.93,3.43
0020091303,"Books",2420209,"The Taste of Thailand",11.96,"http://ecx.images-amazon.com/images/I/2133WTJN62L.jpg",796,3223.08,4.05
0020218052,"Books",1596554,"SEMI-CLOSED OPENINGS IN ACTION (INTERMEDIATE)",13.5,"http://ecx.images-amazon.com/images/I/51NcRJyFcNL.jpg",110,378.87,3.44
0020130406,"Books",83998,"Paideia Program",12.37,"http://ecx.images-amazon.com/images/I/51JvUiGp-AL.jpg",553,1747.18,3.16
0020136803,"Books",207736,"Cassell's French &amp; English Dictionary",7.44,"http://ecx.images-amazon.com/images/I/51uDvPRRaCL.jpg",308,1318.52,4.28
0020165560,"Books",1803154,"James Beard's Simple Foods",35.0,"http://ecx.images-amazon.com/images/I/21S4S2SR75L.jpg",205,965.14,4.71
0020160305,"Books",14392765,"A Second Look in the Rear-View Mirror: Further Autobiographical Reflections of a Philosopher at Large",579.07,"http://ecx.images-amazon.com/images/I/61JJulekv5L.jpg",222,1009.73,4.55
0020196806,"Books",1108993,"The first wave: Women poets in America, 1915-1945",598.16,"http://ecx.images-amazon.com/images/I/61geJJvB-dL.jpg",977,3027.18,3.1
0020163908,"Books",2419455,"50 Short Science Fiction Tales",16.57,"http://ecx.images-amazon.com/images/I/217ABPXYVBL.jpg",272,1099.58,4.04
0014092077,"Books",13573754,"Exploring Costa Rica 2001",743.7,"http://ecx.images-amazon.com/images/I/51NJ5NAQR9L.jpg",633,2016.61,3.19
0020136900,"Books",231552,"Cassell's Spanish &amp; English Dictionary",9.49,"http://ecx.images-amazon.com/images/I/512Pp0PnFAL.jpg",148,518.32,3.5
0020199856,"Books",108004,"The Love of the Last Tycoon",2.99,"http://ecx.images-amazon.com/images/I/41J09vyEcBL.jpg",190,706.28,3.72
0020283008,"Books",1827844,"The Pro Football Chronicle: The Complete (Well Almost Record of the Best Players, the Greatest Photos, the Hardest Hits, the Biggest Scandals and T)",624.55,"http://ecx.images-amazon.com/images/I/31TMGYGHATL.jpg",738,2851.51,3.86
0020257600,"Books",3002848,"Meditations at Sunset: A Scientist Looks at the Sky (1st Edition)",4.0,"http://ecx.images-amazon.com/images/I/41F5JIEzZeL.jpg",108,473.05,4.38
0020080956,"Books",79899,"Elements of Business Writing: A Guide to Writing Clear, Concise Letters, Mem",8.95,"http://ecx.images-amazon.com/images/I/91FveTkJ9lL.jpg",380,1854.88,4.88
0020192002,"Books",2306992,"Arcadia",12.48,"http://ecx.images-amazon.com/images/I/11N-43B0AcL.jpg",141,648.95,4.6
0020133405,"Books",23663,"Cassell's Concise Latin-English, English-Latin Dictionary",7.59,"http://ecx.images-amazon.com/images/I/617gAPhFlxL.jpg",170,619.61,3.64
0020259700,"Books",482133,"Wings Above the Diamantina (A Scribner Crime Classic)",26.95,"http://ecx.images-amazon.com/images/I/51MM%2BwDvDjL.jpg",477,1839.02,3.86
0020094701,"Books",337618,"The Breads of France and How to Bake Them in Your Own Kitchen",14.66,"http://ecx.images-amazon.com/images/I/4180JhLmB6L.jpg",434,1611.34,3.71
0020136609,"Books",978937,"Experience and Education",8.29,"http://ecx.images-amazon.com/images/I/71NRQ1642FL.gif",578,2571.78,4.45
0020236107,"Books",3357217,"The Funeral Makers",11.97,"http://ecx.images-amazon.com/images/I/51MHNXDA5EL.jpg",386,1439.9,3.73
0020285604,"Books",1370347,"The Fall of the Roman Empire",11.88,"http://ecx.images-amazon.com/images/I/5166Y20BJ0L.jpg",770,3510.5,4.56
0020259905,"Books",3566659,"The Voyage of the Space Beagle",13.8,"http://ecx.images-amazon.com/images/I/91LueltKmvL.jpg",514,2443.11,4.75
0020091850,"Books",1789359,"Fast and Fabulous Hors D'Oeuvres: A Survival Guide for Today's Busy Entertainer",179.02,"http://ecx.images-amazon.com/images/I/61ST18AFD3L.jpg",888,3191.98,3.59
0020126123,"Books",3328136,"The Private Sector (Collier Spymasters Series)",7.99,"http://ecx.images-amazon.com/images/I/71Q%2ByG5hksL.jpg",224,862.76,3.85
0020165811,"Books",1447201,"The Face in the Frost (Collier Nucleus Fantasy &amp; Science Fiction)",7.99,"http://ecx.images-amazon.com/images/I/61rTp-TkojL.jpg",921,3839.95,4.17
0020034717,"Books",3283900,"Adam Clayton Powell Junior the Political Biography of an American Dilemma",296.9,"http://ecx.images-amazon.com/images/I/414Yrhn-AEL.jpg",937,4486.73,4.79
0020226500,"Books",3430714,"New Soviet Science Fiction",23.18,"http://ecx.images-amazon.com/images/I/51Zoo%2BAyCeL._SL500_.jpg",709,2218.03,3.13
0020295456,"Books",1999311,"Your Autobiography: More Than 300 Questions to Help You Write Your Personal History",17.0,"http://ecx.images-amazon.com/images/I/410PRHBBVJL.jpg",688,2906.96,4.23
0020256108,"Books",1320962,"Far Rainbow / The Second Invasion from Mars",11.72,"http://ecx.images-amazon.com/images/I/91myIb7IvWL.jpg",997,3460.71,3.47
002028361X,"Books",2685364,"Deathbird Stories",7.99,"http://ecx.images-amazon.com/images/I/51TWLJNgk2L.jpg",570,1791.25,3.14
0020198507,"Books",2381196,"World Soul",693.24,"http://ecx.images-amazon.com/images/I/81ZLHLy1MYL.jpg",603,2210.5,3.67
0020291922,"Books",1038841,"Survival in Auschwitz",5.86,"http://ecx.images-amazon.com/images/I/31yeQFmNz3L.jpg",174,615.7,3.54
0020307306,"Books",289060,"Grand Failure: The Birth and Death of Communism in the Twentieth Century",11.25,"http://ecx.images-amazon.com/images/I/41IXhK76-YL.jpg",719,3290.56,4.58
0020303106,"Books",405155,"The Vanderbilt Era: Profiles of a Gilded Age",17.08,"http://ecx.images-amazon.com/images/I/31JfQT2gCKL._SL500_.jpg",785,2493.42,3.18
0020287011,"Books",2835987,"Duels of the Mind: The Twelve Best Games of Chess",23.36,"http://ecx.images-amazon.com/images/I/51i0IsHPaoL.jpg",582,2716.98,4.67
0020165803,"Books",2201884,"Professor Dowell's Head",12.59,"http://ecx.images-amazon.com/images/I/51hnNF3ZM7L.jpg",737,3601.5,4.89
0020285612,"Books",2841215,"Petroff's Defense (Tournament) (MacMillan Chess Library)",16.16,"http://ecx.images-amazon.com/images/I/31BVM%2BhmzML.jpg",251,798.31,3.18
0020223439,"Books",2868020,"Some Champions",15.26,"http://ecx.images-amazon.com/images/I/81AB01a1dSL.jpg",169,548.42,3.25
002030465X,"Books",778019,"Delights and Prejudices",19.76,"http://ecx.images-amazon.com/images/I/51T2KJ1ZT5L.jpg",678,2454.67,3.62
0020306652,"Books",13375,"Ball Four: Twentieth Anniversary Edition",9.99,"http://ecx.images-amazon.com/images/I/51NM2a2%2BO2L.jpg",540,1930.56,3.58
002032782X,"Books",2399071,"American Zoom: Stock Car Racing - From the Dirt Tracks to Daytona",13.78,"http://ecx.images-amazon.com/images/I/5192PJJ30SL.jpg",575,2204.21,3.83
0020311605,"Books",7851876,"The Gift of Stones (Collier Fiction)",12.48,"http://ecx.images-amazon.com/images/I/61dXvk2mNhL.jpg",423,1882.13,4.45
0020339909,"Books",1930843,"Yakuza: The Explosive Account of Japan's Criminal Underworld",24.97,"http://ecx.images-amazon.com/images/I/41Pk1Olk2UL.jpg",281,875.57,3.12
0020329954,"Books",1518570,"A Witness to Genocide: The 1993 Pulitzer Prize-Winning Dispatches on the &quot;Ethnic Cleansing&quot; of Bosnia",10.04,"http://ecx.images-amazon.com/images/I/71NPY2P3ExL.jpg",951,3480.63,3.66
0020298110,"Books",4130041,"Kasparov's Opening Repertoire (The Macmillan Chess Library)",17.96,"http://ecx.images-amazon.com/images/I/41p8SY7Fb1L._SL500_PIsitb-sticker-arrow-big,TopRight,35,-73_OU01_.jpg",780,2476.28,3.17
0020310218,"Books",3462285,"Sorry You'Ve Been Troubled (Slim Callaghan Series)",6.99,"http://ecx.images-amazon.com/images/I/51r10raOnqL.jpg",359,1249.68,3.48
0020331053,"Books",2209954,"Reunion: A Memoir",12.77,"http://ecx.images-amazon.com/images/I/31YvthO81YL.jpg",142,504.93,3.56
0020315910,"Books",3331169,"EYE IN THE SKY (Collier Nucleus Science Fiction Classic)",9.39,"http://ecx.images-amazon.com/images/I/413KBK6YVYL.jpg",847,3708.54,4.38
0020189257,"Books",6361275,"The Plagiarist: A Novel",129.09,"http://ecx.images-amazon.com/images/I/41VHSNEJTWL.jpg",866,3614.98,4.17
0020298153,"Books",3615372,"Attacking the Queenside (Macmillan Chess Library)",363.55,"http://ecx.images-amazon.com/images/I/71UU-AFuBeL.jpg",235,854.62,3.64
0020343906,"Books",12130175,"Sagittarius Rising",9.39,"http://ecx.images-amazon.com/images/I/615mkqMV7AL.jpg",804,3544.12,4.41
0020316607,"Books",4001362,"Why the North Won the Civil War",36.86,"http://ecx.images-amazon.com/images/I/51VRX1JTF4L.jpg",319,1159.72,3.64
0020360355,"Books",2191263,"For God, Country and Coca-Cola: The Unauthorized History of the Great American Soft Drink and the Company That Makes It",17.38,"http://ecx.images-amazon.com/images/I/51K8Y0RZNYL.jpg",446,1591.83,3.57
0020248504,"Books",237811,"Cassell's German &amp; English Dictionary",7.59,"http://ecx.images-amazon.com/images/I/51TU9h2lXVL.jpg",222,954.18,4.3
0020327854,"Books",1571720,"Best American Poetry 1990",189.38,"http://ecx.images-amazon.com/images/I/41Br7P%2BMBbL.jpg",178,745.33,4.19
0020345208,"Books",2425924,"Strong Enough for Two: How to Overcome Codependence and Other Enabling Behavior and Take Control of Your Life",11.66,"http://ecx.images-amazon.com/images/I/51QRNIpUGRL.jpg",549,2103.74,3.83
0020302800,"Books",2453407,"Affairs in Order: A Complete Resource Guide to Death and Dying",271.47,"http://ecx.images-amazon.com/images/I/61Bbt0pRo6L.jpg",630,2289.5,3.63
0020322305,"Books",416197,"Forgiving the Unforgivable:  Overcoming the Bitter Legacy of Intimate Wounds",10.59,"http://ecx.images-amazon.com/images/I/71w5eFsw44L.jpg",576,2407.36,4.18
0020281455,"Books",4861968,"Mr. Field's Daughter: A Novel",224.29,"http://ecx.images-amazon.com/images/I/41HERqz-H2L.jpg",559,2659.54,4.76
0020359551,"Books",3459837,"Journey Continued: An Autobiography",707.21,"http://ecx.images-amazon.com/images/I/514Ad%2Bjk-lL._SL500_.jpg",155,738.2,4.76
0020368550,"Books",1020869,"How to Prevent Miscarriage and Other Crises of Pregnancy: A Leading High-Risk Doctor's Prescription for Carrying Your Baby to Term",21.82,"http://ecx.images-amazon.com/images/I/51MgCrS1rnL.jpg",605,2705.16,4.47
0020360509,"Books",1922097,"Forty-Eight Minutes: A Night in the Life of the NBA",13.58,"http://ecx.images-amazon.com/images/I/41kFAURd4OL.jpg",534,2255.68,4.22
0020408919,"Books",291184,"The Complete Short Stories Of Thomas Wolfe",31.38,"http://ecx.images-amazon.com/images/I/51qjcuSalmL.jpg",114,498.7,4.37
0020209851,"Books",461468,"Not Without Laughter",3.44,"http://ecx.images-amazon.com/images/I/51Rq65uPAFL.jpg",322,1377.7,4.28
0020130805,"Books",2149495,"Memories of Mistresses",277.45,"http://ecx.images-amazon.com/images/I/51O9G3moGlL.jpg",502,1856.32,3.7
0020345305,"Books",749541,"Kaffir Boy in America",9.99,"http://ecx.images-amazon.com/images/I/713C424CHQL.gif",160,712.24,4.45
0020360754,"Books",593827,"Heart Songs and Other Stories",9.73,"http://ecx.images-amazon.com/images/I/514gEERcRZL.jpg",304,1032.75,3.4
0020383142,"Books",134806,"Old New York",13.61,"http://ecx.images-amazon.com/images/I/510M08NAlrL.jpg",636,2070.57,3.26
0020361602,"Books",4910203,"The Employee Strikes Back!",496.5,"http://ecx.images-amazon.com/images/I/215QS22QZ4L.jpg",583,1856.36,3.18
0020419201,"Books",34619,"Benjamin Franklin: Young Printer (Childhood of Famous Americans)",6.29,"http://ecx.images-amazon.com/images/I/51y%2B4O0NkXL.jpg",205,980.43,4.78
0020381301,"Books",482378,"Co. Aytch : The Classic Memoir of the Civil War By a Confederate Soldier",23.48,"http://ecx.images-amazon.com/images/I/510M57H24JL.jpg",250,957.32,3.83
0020423810,"Books",719368,"This Must Be the Place: Memoirs of Montparnasse by Jimmie &quot;the Barman&quot; Charters, As Told to Morrill Cody",559.75,"http://ecx.images-amazon.com/images/I/51C1ehP7E4L.jpg",515,2126.82,4.13
002038260X,"Books",2859948,"The Place in Flowers Where Pollen Rests",606.61,"http://ecx.images-amazon.com/images/I/41wqwt13fdL.jpg",491,1703.16,3.47
0020299311,"Books",2692334,"Discipline: A Sourcebook of Fifty Failsafe Techniques for Parents",778.26,"http://ecx.images-amazon.com/images/I/21YDQXDSV6L.jpg",207,833.5,4.03
0020420102,"Books",439394,"Martin Luther King, Jr.: Young Man with a Dream (Childhood of Famous Americans)",6.29,"http://ecx.images-amazon.com/images/I/91RBwM4ScnL.jpg",155,595.79,3.84
0020418205,"Books",49425,"Clara Barton: Founder of the American Red Cross (Childhood of Famous Americans)",6.29,"http://ecx.images-amazon.com/images/I/51ssVg16eVL.jpg",384,1587.72,4.13
0020345542,"Books",2058785,"Great Battles of the Civil War",4.0,"http://ecx.images-amazon.com/images/I/5199GXEP6ML.jpg",544,2666.51,4.9
0020418108,"Books",216991,"Crispus Attucks: Black Leader of Colonial Patriots (Childhood of Famous Americans)",6.29,"http://ecx.images-amazon.com/images/I/81rjPN261-L.jpg",736,2854.21,3.88
0020408811,"Books",3036636,"Star Bridge (Collier Nucleus Science Fiction)",8.89,"http://ecx.images-amazon.com/images/I/5159RF050EL.jpg",356,1413.8,3.97
0020292651,"Books",382858,"Be Expert with Map and Compass: The Complete Orienteering Handbook",13.75,"http://ecx.images-amazon.com/images/I/61R8evY6VKL.jpg",493,1690.39,3.43
0020303955,"Books",295937,"Risotto: More than 100 Recipes for the Classic Rice Dish of Northern Italy",21.6,"http://ecx.images-amazon.com/images/I/71NeV%2Bn8w1L.jpg",820,3612.56,4.41
0020421907,"Books",2202392,"Seaward",5.98,"http://ecx.images-amazon.com/images/I/511F3EZ393L.jpg",705,3386.54,4.8
0020415133,"Books",2579622,"Wolf Rider",7.19,"http://ecx.images-amazon.com/images/I/41Z86ZCZ5EL.jpg",683,2881.49,4.22
0020420307,"Books",108722,"Abraham Lincoln: The Great Emancipator (Childhood of Famous Americans)",5.69,"http://ecx.images-amazon.com/images/I/511Nr1vcUgL.jpg",433,1799.06,4.15
0020301758,"Books",1068335,"Reforming Education: The Opening of American Mind",10.9,"http://ecx.images-amazon.com/images/I/51KXFSNPW6L.jpg",130,409.78,3.15
002040915X,"Books",1714930,"An Old Man's Toy: Gravity at Work and Play in Einstein's Universe",72.24,"http://ecx.images-amazon.com/images/I/41uMonSZLqL.jpg",551,1925.19,3.49
0020363702,"Books",817868,"The New Trouser Press Record Guide",672.11,"http://ecx.images-amazon.com/images/I/81kiL9a3BDL.jpg",604,2312.86,3.83
0020232810,"Books",4518546,"Sons of heaven: A portrait of the Japanese monarchy",14.48,"http://ecx.images-amazon.com/images/I/81YmJIOb4xL.jpg",799,3501.62,4.38
0020425740,"Books",990461,"The Sword of the Spirits (Sword of the Spirits Trilogy)",6.64,"http://ecx.images-amazon.com/images/I/212jmWhrC9L._SL500_.jpg",258,1073.83,4.16
002042681X,"Books",4474961,"Guardians, The",7.59,"http://ecx.images-amazon.com/images/I/718ZNs083rL.jpg",855,3167.47,3.7
0020418302,"Books",62383,"Daniel Boone: Young Hunter and Tracker (Childhood of Famous Americans)",6.29,"http://ecx.images-amazon.com/images/I/51UYyGskxUL.jpg",601,2789.65,4.64
0020404808,"Books",966255,"O Ye Jigs &amp; Juleps!",14.33,"http://ecx.images-amazon.com/images/I/51P9BYWK6ML.jpg",293,939.37,3.21
0020427115,"Books",1351303,"The White Mountains (The Tripods, Book No. 2)",5.98,"http://ecx.images-amazon.com/images/I/51BaF8aBAbL.jpg",235,1121.44,4.77
0020420404,"Books",198891,"Molly Pitcher: Young Patriot (Childhood of Famous Americans)",6.29,"http://ecx.images-amazon.com/images/I/51PyA9qRMWL.jpg",840,3932.6,4.68
0020427859,"Books",2278887,"Over Sea, Under Stone",5.98,"http://ecx.images-amazon.com/images/I/5117937X44L.jpg",575,1848.4,3.21
0020427212,"Books",2532317,"The Pool of Fire: (The Tripods Trilogy, Book 4)",5.98,"http://ecx.images-amazon.com/images/I/51r-LnE8a5L.jpg",737,2738.94,3.72
0020425732,"Books",1081171,"The Prince in Waiting (The Sword of the Spirits Trilogy)",6.64,"http://ecx.images-amazon.com/images/I/510FYEMJCJL.jpg",210,992.23,4.72
0020425651,"Books",353135,"The Dark Is Rising Sequence: Silver on the Tree; The Grey King; Greenwitch; The Dark Is Rising; and Over Sea, Under Stone",56.62,"http://ecx.images-amazon.com/images/I/61JNurwq9XL.jpg",430,1444.09,3.36
0020421508,"Books",418350,"George Washington: Young Leader (Childhood of Famous Americans)",6.64,"http://ecx.images-amazon.com/images/I/51EgjO6TkkL.jpg",474,1993.14,4.2
002044995X,"Books",734219,"Blowback: The First Full Account of America's Recruitment of Nazis and Its Disastrous Effect on The cold war, Our Domestic and Foreign Policy.",9.99,"http://ecx.images-amazon.com/images/I/51vU9OFFMPL.jpg",499,2337.64,4.68
0020421303,"Books",464016,"Babe Ruth: One of Baseball's Greatest (Childhood of Famous Americans)",5.98,"http://ecx.images-amazon.com/images/I/51KsUB%2B6vML.jpg",989,4127.12,4.17
0020345151,"Books",1674846,"Assault at West Point, the Court Martial of Johnson Whittaker",20.65,"http://ecx.images-amazon.com/images/I/811IJaPx4pL.jpg",556,1695.6,3.05
0020353804,"Books",3087619,"Your Move!",665.26,"http://ecx.images-amazon.com/images/I/51rJkQWUl4L.jpg",384,1447.79,3.77
0020449313,"Books",634652,"The Yearling (50th Anniversary Edition)",6.83,"http://ecx.images-amazon.com/images/I/71ujCtnUhyL.jpg",116,553.5,4.77
0020529627,"Books",583616,"The Complete Book of Dressings",13.23,"http://ecx.images-amazon.com/images/I/61F487QDG0L.jpg",895,3454.74,3.86
002035441X,"Books",2186844,"Ordeal of the Union Vol.1: Fruits of Manifest Destiny 1847-1852 : A House Dividing 1852-1857",4.99,"http://ecx.images-amazon.com/images/I/61xRh4FQy8L.jpg",319,1447.03,4.54
0020381026,"Books",122854,"The Art of Russian Cuisine",18.38,"http://ecx.images-amazon.com/images/I/61H80AZF39L.jpg",517,2053.92,3.97
0020527519,"Books",3422700,"Word Traps: A Dictionary of the 5,000 Most Confusing Sound-Alike and Look-Alike Words",185.46,"http://ecx.images-amazon.com/images/I/412YGA7ep7L.jpg",751,2969.2,3.95
0020435401,"Books",4284645,"The Planet of Junior Brown",6.29,"http://ecx.images-amazon.com/images/I/51zDz-NQBXL.jpg",271,1312.03,4.84
0020419309,"Books",122381,"Lou Gehrig: One of Baseball's Greatest (Childhood of Famous Americans)",6.29,"http://ecx.images-amazon.com/images/I/51hg2oLmr4L.jpg",110,394.38,3.59
0020444648,"Books",949966,"Great Battlefields of the World",7.99,"http://ecx.images-amazon.com/images/I/715ZKS4RWWL.gif",752,3214.98,4.28
002049131X,"Books",2007922,"&quot;C&quot;: The Secret Life of Sir Stewart Graham Menzies, Spymaster to Winston Churchill",181.32,"http://ecx.images-amazon.com/images/I/51hPiExNhFL.jpg",971,3084.02,3.18
0020425759,"Books",2688133,"When the Tripods Came",5.98,"http://ecx.images-amazon.com/images/I/51FR6KBFP1L.jpg",102,334.93,3.28
0020426917,"Books",2144915,"Lotus Caves",7.59,"http://ecx.images-amazon.com/images/I/51aVbD0RTsL.jpg",809,2762.91,3.42
0020452705,"Books",2765552,"Call It Courage",4.39,"http://ecx.images-amazon.com/images/I/513311B6K8L.jpg",693,2148.62,3.1
0020436203,"Books",60013,"One Fine Day",14.21,"http://ecx.images-amazon.com/images/I/51NhEpK2-SL.jpg",387,1580.62,4.08
0020389655,"Books",3705289,"The Food Report Card: 12,000 Favorite Foods Including Brand-Name Products, Graded A,B,C, or d Fornutritional Value",757.84,"http://ecx.images-amazon.com/images/I/71XGT5Y63NL.gif",238,1130.77,4.75
0020449380,"Books",3166167,"Nightmare",9.89,"http://ecx.images-amazon.com/images/I/51KX61E2Q7L.jpg",150,504.38,3.36
0020432356,"Books",2273436,"America's Worst Golf Courses: A Collection of Courses Not Up to Par",158.81,"http://ecx.images-amazon.com/images/I/21D8SWFBBTL.jpg",299,1087.07,3.64
0020513402,"Books",1552109,"Roasting",21.13,"http://ecx.images-amazon.com/images/I/61FuYf7uW4L.jpg",522,1965.0,3.76
0020446500,"Books",418559,"Z for Zachariah",16.03,"http://ecx.images-amazon.com/images/I/61Wb0Ep--kL.jpg",720,2834.72,3.94
0020446519,"Books",5892683,"The SILVER CROWN",15.48,"http://ecx.images-amazon.com/images/I/411pxvlZNYL._SL500_PIsitb-sticker-arrow-big,TopRight,35,-73_OU01_.jpg",383,1515.52,3.96
0020427018,"Books",2721959,"The City of Gold and Lead",5.98,"http://ecx.images-amazon.com/images/I/515CY3J2XFL.jpg",457,1960.89,4.29
0020641400,"Books",261391,"Truth in Religion:  The Plurality of Religions and the Unity of Truth",12.56,"http://ecx.images-amazon.com/images/I/71d12YPEHIL.jpg",721,3272.5,4.54
0020437501,"Books",23289,"Rosie's Walk",6.83,"http://ecx.images-amazon.com/images/I/51M89B89X7L.jpg",248,1212.04,4.89
0020641303,"Books",1938195,"We Hold These Truths:  Undertstanding the Ideas and Ideals of the Constitution",21.63,"http://ecx.images-amazon.com/images/I/41Lip9v3yIL.jpg",268,1050.53,3.92
0020692919,"Books",3053308,"The Elements of Playwriting",12.52,"http://ecx.images-amazon.com/images/I/510GJM7ZDGL.jpg",534,2035.31,3.81
0020794304,"Books",442406,"Cassell's Colloquial Spanish: A Handbook of Idiomatic Usage (Including Latin-American Spanish)",10.98,"http://ecx.images-amazon.com/images/I/71Z3KAZP82L.gif",527,2207.72,4.19
0020464703,"Books",94802,"The Art of Readable Writing",9.71,"http://ecx.images-amazon.com/images/I/51YAR2AEG4L.jpg",657,2990.41,4.55
0020659105,"Books",2068369,"Ideas",39.96,"http://ecx.images-amazon.com/images/I/51d1SNSO7lL.jpg",192,695.37,3.62
0020519109,"Books",334646,"The Old Man and the Sea (A Scribner Classic)",5.99,"http://ecx.images-amazon.com/images/I/41SALpkIwRL.jpg",175,859.63,4.91
0020664303,"Books",550393,"The Complete Guide to Traditional Native American Beadwork: A Definitive Study of Authentic Tools, Materials, Techniques, and Styles",19.84,"http://ecx.images-amazon.com/images/I/51pbGW3L6BL.jpg",794,3607.0,4.54
0020427255,"Books",5739791,"Walk On The Wild Side",11.12,"http://ecx.images-amazon.com/images/I/51LysI7%2BjaL.jpg",348,1238.71,3.56
0020556004,"Books",1336572,"A Vision (A Reissue with the Author's Final Revisions)",24.65,"http://ecx.images-amazon.com/images/I/51x8vQTdQqL.jpg",370,1680.0,4.54
0020537700,"Books",1728037,"Saving Lost Positions (Macmillan Chess Library)",13.46,"http://ecx.images-amazon.com/images/I/81ksSGyvhnL.jpg",993,4607.49,4.64
0020715501,"Books",2316735,"The Ten Principal Upanishads",7.99,"http://ecx.images-amazon.com/images/I/91J1R4nk0bL.jpg",331,1065.73,3.22
0020519001,"Books",1013662,"A Farewell to Arms (A Scribner Classic)",8.59,"http://ecx.images-amazon.com/images/I/91dhT%2BN9idL.jpg",504,2145.51,4.26
002069847X,"Books",8549621,"The Best American Poetry 1994",489.31,"http://ecx.images-amazon.com/images/I/71Opacx6QEL.jpg",346,1682.21,4.86
002062140X,"Books",671289,"At Home in the Woods: Living the Life of Thoreau Today",14.91,"http://ecx.images-amazon.com/images/I/71bL7%2BTHYHL.jpg",389,1552.65,3.99
0020748000,"Books",1814488,"Notes from China,",9.99,"http://ecx.images-amazon.com/images/I/614nmo2SkdL.jpg",424,2006.58,4.73
0020421206,"Books",149750,"Betsy Ross : Designer of Our Flag",14.62,"http://ecx.images-amazon.com/images/I/51NcMIcItGL.jpg",426,1615.46,3.79
0020340656,"Books",1603443,"The Humble Pie: 50 Tortes, Quiches, Pizzas, and Empanadas",735.84,"http://ecx.images-amazon.com/images/I/41J7b-cAEQL.jpg",413,1461.53,3.54
0020522932,"Books",4768042,"The Potpourri Gardener",265.91,"http://ecx.images-amazon.com/images/I/51OJtc2Oj4L.jpg",977,4675.37,4.79
0020794207,"Books",1822160,"Cassell's Colloquial French: A Handbook of Idiomatic Usage",360.67,"http://ecx.images-amazon.com/images/I/41SqxlXXpNL._SL500_.jpg",523,2451.19,4.69
0020321503,"Books",1321064,"Cambodia: A Book For People Who Find Television Too Slow",14.92,"http://ecx.images-amazon.com/images/I/71FAiROsnEL.jpg",662,2977.85,4.5
0020698445,"Books",2224945,"The Best American Poetry 1991",82.75,"http://ecx.images-amazon.com/images/I/512fxdmdFRL._SL500_.jpg",545,1752.97,3.22
0020777507,"Books",2564186,"Compassion &amp; Self Hate",11.52,"http://ecx.images-amazon.com/images/I/51D4S0M2HNL.jpg",720,3481.69,4.84
0020583516,"Books",67123,"Power Yoga: The Total Strength and Flexibility Workout",12.38,"http://ecx.images-amazon.com/images/I/51xhRg0SgkL.jpg",299,1144.57,3.83
0020746903,"Books",2275490,"For a New Liberty: The Libertarian Manifesto",4.73,"http://ecx.images-amazon.com/images/I/51tQwuTxdEL.jpg",503,2021.96,4.02
0020820445,"Books",851922,"With Fire and Sword",11.69,"http://ecx.images-amazon.com/images/I/5145F9XFZ9L.jpg",957,2883.89,3.01
0020554508,"Books",3543818,"The Morning After: American Successes and Excesses 1981-1986",12.19,"http://ecx.images-amazon.com/images/I/31v-sFnPdJL.jpg",271,1264.52,4.67
0020300654,"Books",359005,"The Angels and Us",10.99,"http://ecx.images-amazon.com/images/I/41-wq2p98uL.jpg",327,1122.46,3.43
0020654413,"Books",425468,"Eating for Two: The Complete Guide to Nutrition During Pregnancy",14.02,"http://ecx.images-amazon.com/images/I/41TyF68mSlL.jpg",279,987.93,3.54
0020842201,"Books",2108488,"The Prophetic Faith",9.79,"http://ecx.images-amazon.com/images/I/31%2BAU2NZDML._SL500_.jpg",151,646.65,4.28
0020758901,"Books",6051249,"School Rights: A Parent's Legal Handbook and Action Guide",585.84,"http://ecx.images-amazon.com/images/I/511E8MT0ZDL.jpg",962,4538.52,4.72
0020826621,"Books",91354,"Lawrence of Arabia: The Authorized Biography of T.E. Lawrence",11.32,"http://ecx.images-amazon.com/images/I/81Es%2BNjqTAL.jpg",872,4216.16,4.84
0020698453,"Books",2250384,"The Best American Poetry: 1992",35.41,"http://ecx.images-amazon.com/images/I/51K8hN3ryeL._SL500_.jpg",172,757.52,4.4
0020792611,"Books",1823657,"Total Tennis: A Complete Guide for Today's Player",11.06,"http://ecx.images-amazon.com/images/I/51YTVHJK3HL.jpg",212,981.92,4.63
0020836201,"Books",2635649,"The MAN NOBODY KNOWS",7.36,"http://ecx.images-amazon.com/images/I/41RoDnNDQGL.jpg",828,3401.28,4.11
0020896409,"Books",1097960,"Fireflies",2.99,"http://ecx.images-amazon.com/images/I/61%2Bq%2BMDrriL.jpg",361,1275.77,3.53
0020636601,"Books",2421908,"Guide to the National Wildlife Refuges",16.62,"http://ecx.images-amazon.com/images/I/21EWNTE8T8L.jpg",263,811.37,3.09
0020421702,"Books",64564,"Wilbur and Orville Wright: Young Fliers (Childhood of Famous Americans)",6.29,"http://ecx.images-amazon.com/images/I/51appRHaA5L.jpg",250,1183.69,4.73
0021040028,"Books",565582,"Macmillan/McGraw-Hill Math, Grade 1, Pupil Edition (Consumable)",50.96,"http://ecx.images-amazon.com/images/I/51Kv%2BZgi7GL.jpg",859,3367.51,3.92
0020794401,"Books",1703385,"Cassell's Colloquial Italian: A Handbook of Idiomatic Usage, Formerly Beyond the Dictionary in Italian",644.4,"http://ecx.images-amazon.com/images/I/41M0SAHETDL.jpg",481,1577.32,3.28
0021001251,"Books",659598,"McGraw Hill Mathematics: Grade 2",51.64,"http://ecx.images-amazon.com/images/I/41diVVAjRcL.jpg",847,2725.57,3.22
0021040036,"Books",823236,"Macmillan/McGraw-Hill Math, Grade 2, Pupil Edition (Consumable)",50.96,"http://ecx.images-amazon.com/images/I/31k92Rfqq7L.jpg",946,4350.07,4.6
002104001X,"Books",438751,"Macmillan/McGraw-Hill Math, Grade K, Pupil Edition (Consumable)",36.42,"http://ecx.images-amazon.com/images/I/51BH-OsMR1L.jpg",982,4053.6,4.13
0020443412,"Books",14136438,"Sirens and Spies",5.59,"http://ecx.images-amazon.com/images/I/91osHLKt9pL.jpg",531,1778.29,3.35
0021057265,"Books",390918,"Math Connects, Grade 1, Consumable Student Edition, Volume 2",26.36,"http://ecx.images-amazon.com/images/I/51puaLwaABL._SL500_.jpg",413,1473.3,3.57
0021079536,"Books",5250254,"Mastering the New York State Mathematics Test: Diagnose--Prescibe--Practice Workbook, Grade 4",7.68,"http://ecx.images-amazon.com/images/I/71mzSywBorL.jpg",839,3711.97,4.42
002107299X,"Books",426686,"Math Connects, Grade 5, Homework Practice Workbook",8.04,"http://ecx.images-amazon.com/images/I/512lzyor-AL.jpg",941,3829.79,4.07
0021072949,"Books",544419,"Math Connects, Kindergarten, Homework Practice Workbook",8.04,"http://ecx.images-amazon.com/images/I/31Shl1oz-JL.jpg",495,2077.3,4.2
0021072922,"Books",255568,"Math Connects, Grade 4, Problem Solving Practice Workbook",8.04,"http://ecx.images-amazon.com/images/I/51ipsdV3TPL.jpg",536,2274.09,4.24
0021079684,"Books",1362367,"Mastering the ISAT, Grade 4, Student Edition",7.68,"http://ecx.images-amazon.com/images/I/51wFIWkyzXL.jpg",673,2761.44,4.1
0021072981,"Books",119134,"Math Connects, Grade 4, Homework Practice Workbook",8.04,"http://ecx.images-amazon.com/images/I/51HesQLnmWL.jpg",915,3938.49,4.3
0021073058,"Books",734280,"Math Connects, Grade 4, Reteach and Skills Practice Workbook (Math Connects: Course 4)",8.04,"http://ecx.images-amazon.com/images/I/51hinkvczxL.jpg",279,993.12,3.56
0021072892,"Books",214495,"Math Connects, Grade 2, Problem Solving Practice Workbook (Math Connects: Course 2)",8.04,"http://ecx.images-amazon.com/images/I/51OUrienVwL.jpg",519,2090.35,4.03
0020842708,"Books",3696949,"The SILENCE OF GOD",9.27,,567,2609.43,4.6
0021073023,"Books",1226550,"Math Connects, Grade 1, Reteach and Skills Practice Workbook",8.04,"http://ecx.images-amazon.com/images/I/51HIRLrXVfL.jpg",510,1707.61,3.35
0021072957,"Books",353907,"Math Connects, Grade 1, Homework Practice Workbook",8.04,"http://ecx.images-amazon.com/images/I/51SC0jECpfL.jpg",932,3040.44,3.26
0020877501,"Books",4040036,"Meaning of Revelation",8.98,"http://ecx.images-amazon.com/images/I/51QNBK1RbYL.jpg",894,3047.41,3.41
0021079714,"Books",1275597,"Mastering the ISAT, Grade 5, Student Edition",7.68,"http://ecx.images-amazon.com/images/I/51uo7grJ0WL.jpg",797,2474.06,3.1
0021072930,"Books",475381,"Math Connects, Grade 5, Problem Solving Practice Workbook",8.04,"http://ecx.images-amazon.com/images/I/51NKQb49ugL.jpg",770,3269.06,4.25
0021072965,"Books",83555,"Math Connects, Grade 2, Homework Practice Workbook",8.04,"http://ecx.images-amazon.com/images/I/51RfRry8MrL.jpg",130,466.65,3.59
0020870906,"Books",12492468,"From State Church to Pluralism: A Protestant Interpretation of Religion in American History",20.34,"http://ecx.images-amazon.com/images/I/61jAmKgU6EL.jpg",502,1796.69,3.58
0021513473,"Books",905603,"TimeLinks: Our Country and It's Regions - Volume 1, Student Edition",8.47,"http://ecx.images-amazon.com/images/I/5136Mewz04L.jpg",140,626.4,4.47
0021517371,"Books",702047,"TimeLinks: First Grade, Student Practice Workbook (Macmillan/Mcgraw-Hill Timelinks)",3.68,"http://ecx.images-amazon.com/images/I/51jIsyOWlJL.jpg",196,857.51,4.38
002149262X,"Books",446232,"People and Places (Mcgraw-Hill Social Studies)",65.56,"http://ecx.images-amazon.com/images/I/41p4Sac7VML.jpg",767,2965.16,3.87
0021523967,"Books",2462425,"TimeLinks: First Grade, All Together-Unit 2 Geography Student Edition",10.56,"http://ecx.images-amazon.com/images/I/51MPE3O0HqL.jpg",702,3496.23,4.98
0021523983,"Books",1772710,"TimeLinks: First Grade, All Together-Unit 4 Economics Student Edition",10.56,"http://ecx.images-amazon.com/images/I/51zAd6kiDUL.jpg",153,718.36,4.7
0021073015,"Books",976617,"Math Connects, Kindergarten, Reteach and Skills Practice Workbook",8.96,"http://ecx.images-amazon.com/images/I/51vOXBHXp8L.jpg",169,575.05,3.4
002151738X,"Books",1059739,"TimeLinks: Second Grade, Student Practice and Activity Workbook",3.68,"http://ecx.images-amazon.com/images/I/51fCYxrMB2L.jpg",850,3897.65,4.59
0021079668,"Books",1055545,"Mastering the ISAT, Grade 3, Student Edition",7.68,"http://ecx.images-amazon.com/images/I/51DWE1bNrcL.jpg",430,1935.37,4.5
0021523975,"Books",1721459,"TimeLinks: First Grade, All Together-Unit 3 History Student Edition",10.45,"http://ecx.images-amazon.com/images/I/51iP3rpKCSL.jpg",756,2983.15,3.95
002190894X,"Books",338064,"Grade K-1 Beginner Pupil Kits 1-2 2003 (Bible Baffler Series)",103.32,"http://ecx.images-amazon.com/images/I/01dvyq18j7L.jpg",144,556.94,3.87
0021513457,"Books",978880,"TimeLinks: Second Grade, People and Places-Unit 1 Culture Student Edition (Macmillian/Mcgraw-Hill Timelinks)",10.56,"http://ecx.images-amazon.com/images/I/51gFVSPnAAL.jpg",937,3467.86,3.7
0021492689,"Books",67406,"MacMillan/McGraw-Hill Our World, Grade 6 (Mcgraw-Hill Social Studies)",6.37,"http://ecx.images-amazon.com/images/I/51CDGAFwl7L.jpg",444,1487.87,3.35
0021513481,"Books",614686,"TimeLinks: Fifth Grade, The United States, Volume 1 Student Edition",40.96,"http://ecx.images-amazon.com/images/I/51NaNnY9ETL.jpg",187,721.9,3.86
0021523991,"Books",1735138,"TimeLinks: First Grade, All Together-Unit 5 Government Student Edition",10.56,"http://ecx.images-amazon.com/images/I/5158j5JzbbL.jpg",939,4567.25,4.86
0021922802,"Books",2520162,"Macmillan Literature Heritage, Literature To Enjoy, Stories To Enjoy",4.0,"http://ecx.images-amazon.com/images/I/51RQ92TMB6L.jpg",100,436.92,4.37
0021524041,"Books",880624,"TimeLinks: Fourth Grade, Our Country and Its Regions, Volume 2 Student Edition",35.2,"http://ecx.images-amazon.com/images/I/51oUrhrhiNL.jpg",736,3216.46,4.37
0021988048,"Books",303741,"Treasures, A Reading/Language Arts Program, Grade 1, Book 1 Student Edition",39.24,"http://ecx.images-amazon.com/images/I/51j-WKtLcZL.jpg",539,2098.82,3.89
0021988080,"Books",434110,"Treasures, A Reading/Language Arts Program, Grade 1, Book 5 Student Edition",47.14,"http://ecx.images-amazon.com/images/I/51l6Wist-RL.jpg",481,2256.31,4.69
0021988153,"Books",90483,"Treasures, A Reading/Language Arts Program, Grade 6 Student Edition",86.54,"http://ecx.images-amazon.com/images/I/51V1u2VvlAL.jpg",359,1659.91,4.62
0021988099,"Books",465609,"Treasures, A Reading/Language Arts Program, Grade 2, Book 1 Student Edition",60.76,"http://ecx.images-amazon.com/images/I/51dQRmh9iWL.jpg",684,2719.09,3.98
0021988137,"Books",142093,"Treasures: A Reading/Language Arts Program (Grade 4, Student Edition)",87.64,"http://ecx.images-amazon.com/images/I/61plWn4%2BXWL.jpg",361,1466.68,4.06
0021940509,"Books",1087711,"Macmillan Literature Heritage, Designs in Literature, Designs In Fiction",705.61,"http://ecx.images-amazon.com/images/I/21QN7HMJP1L.jpg",429,1805.54,4.21
0021794839,"Books",4523767,"Two and too much",743.35,"http://ecx.images-amazon.com/images/I/211Qc%2BgAE3L.jpg",706,2572.81,3.64
0022545409,"Books",3370975,"Macmillan Literature Heritage, Greek Myths and Legends, Student Edition",555.25,"http://ecx.images-amazon.com/images/I/31JQRNEHFEL.jpg",214,923.96,4.32
0021988110,"Books",320218,"Treasures: A Reading/Language Arts Program 3.1",63.88,"http://ecx.images-amazon.com/images/I/71PsMpiEahL._SL500_.jpg",642,2441.33,3.8
0021988129,"Books",339402,"Treasures: A Reading/Language Arts Program 3.2 (H)",63.88,"http://ecx.images-amazon.com/images/I/51rpyTa7oLL.jpg",780,3743.54,4.8
0021988145,"Books",254214,"Treasures, A Reading/Language Arts Program, Grade 5 Student Edition",87.64,"http://ecx.images-amazon.com/images/I/51w8QgzLqnL.jpg",916,4251.55,4.64
0023078839,"Books",4686734,"Mental Retardation",4.0,"http://ecx.images-amazon.com/images/I/51Pb49Xy2SL.jpg",138,585.98,4.25
0023077506,"Books",2102893,"Kant: Perpetual Peace",14.44,"http://ecx.images-amazon.com/images/I/21ZPuipdOFL.jpg",555,2588.04,4.66
0023042125,"Books",3913788,"Error Patterns in Computation",4.0,"http://ecx.images-amazon.com/images/I/714756FRAeL.jpg",192,625.73,3.26
0023078251,"Books",99415,"Foundations of the Metaphysics of Morals",19.59,"http://ecx.images-amazon.com/images/I/71BTSBMRSXL.gif",204,1018.3,4.99
0023039248,"Books",1691215,"Interpretation of Airphotos &amp; Remotely Sensed Imagery",62.82,"http://ecx.images-amazon.com/images/I/213NEFPBYJL.jpg",209,789.44,3.78
0023030852,"Books",55802,"Psychological Testing (7th Edition)",15.98,"http://ecx.images-amazon.com/images/I/71DJY5APPQL.gif",708,2950.31,4.17
0023012641,"Books",2347055,"Applied Behavior Analysis for Teachers: Influencing Student Performance",20.49,"http://ecx.images-amazon.com/images/I/81nKUiH27mL.jpg",723,2480.06,3.43
0023074906,"Books",1396985,"Words Their Way: Word Study for Phonics, Vocabulary, and Spelling Instruction",3.94,"http://ecx.images-amazon.com/images/I/51AAW1YSWCL.jpg",468,2096.03,4.48
0023052503,"Books",5911848,"Personal Money Management",4.08,,313,1330.56,4.25
0023096608,"Books",3223342,"Critical Thinking Handbook, The",30.7,"http://ecx.images-amazon.com/images/I/21YV3SV8S5L.jpg",244,860.33,3.53
0023099658,"Books",705514,"Introduction to Trellis-Coded Modulation With Applications",686.17,,860,3272.48,3.81
0023205822,"Books",4482995,"Social Policy and Social Programs: A Method for the Practical Public Policy Analyst",702.97,"http://ecx.images-amazon.com/images/I/41AFGMB9EDL.jpg",997,3351.95,3.36
0023076607,"Books",3111737,"Turf Management for Golf Courses",5.16,"http://ecx.images-amazon.com/images/I/51jtx3Om05L._SL500_PIsitb-sticker-arrow-big,TopRight,35,-73_OU01_.jpg",111,355.62,3.2
0023180315,"Books",1560263,"Twentieth Century Ethical Theory",108.38,"http://ecx.images-amazon.com/images/I/51AEeB7ZcYL.jpg",590,2126.44,3.6
0023112506,"Books",564245,"Bonaventura: The Minds Road to God",13.42,"http://ecx.images-amazon.com/images/I/41EH97E6Y1L.jpg",587,2718.25,4.63
0023150424,"Books",8354183,"Viajemos 2001: Repaso Y Progreso",149.06,"http://ecx.images-amazon.com/images/I/512NnSB%2BMXL.jpg",911,4048.1,4.44
0023100702,"Books",2073221,"A Survey of Modern Algebra",81.65,,395,1850.14,4.68
0023224215,"Books",1594726,"Exploring the Planets (2nd Edition)",3.99,"http://ecx.images-amazon.com/images/I/31cPZwCf0CL.jpg",268,1121.59,4.19
002318342X,"Books",615204,"Classics of Mathematics",80.1,"http://ecx.images-amazon.com/images/I/51JK4R6X88L.jpg",461,2262.09,4.91
002322410X,"Books",55988,"Plato: Euthyphro, Apology, Crito",18.41,"http://ecx.images-amazon.com/images/I/41P637N0HML.jpg",603,2809.6,4.66
0023078219,"Books",311412,"Kant Selections",27.83,"http://ecx.images-amazon.com/images/I/51n3T6O8j0L.jpg",341,1229.45,3.61
0023150203,"Books",1271086,"War and Politics",208.24,"http://ecx.images-amazon.com/images/I/71FXPCAXESL.gif",792,3805.55,4.8
0023219513,"Books",129428,"Foods: A Scientific Approach (3rd Edition)",25.45,"http://ecx.images-amazon.com/images/I/51hHb9mlAwL.jpg",655,2907.56,4.44
0023035641,"Books",841645,"Writing Through Literature",21.76,"http://ecx.images-amazon.com/images/I/21XYA7F6HTL.jpg",652,2754.45,4.22
0023130202,"Books",3331499,"Food Theory and Applications (2nd Edition)",181.45,"http://ecx.images-amazon.com/images/I/41BQYSW713L.jpg",463,2094.36,4.52
0023080302,"Books",276636,"On Free Choice of the Will",8.8,"http://ecx.images-amazon.com/images/I/410WM80BCDL.jpg",106,521.53,4.92
0023193301,"Books",806255,"Kant: Prolegomena to Any Future Metaphysics",14.16,"http://ecx.images-amazon.com/images/I/41BC8ESF0DL.jpg",258,876.49,3.4
0023133716,"Books",1469837,"The Nature and Properties of Soils",180.12,"http://ecx.images-amazon.com/images/I/21R1ME9K17L.jpg",848,3662.24,4.32
0023250925,"Books",470656,"Jews, Christians, Muslims: A Comparative Introduction to Monotheistic Religions",9.95,"http://ecx.images-amazon.com/images/I/516E0BETKBL.jpg",286,1205.97,4.22
0023207000,"Books",338841,"The Way of Lao Tzu",24.21,"http://ecx.images-amazon.com/images/I/91kiVKxOIvL.jpg",874,2994.45,3.43
0023174005,"Books",3579185,"The Science of Genetics (6th Edition)",188.67,"http://ecx.images-amazon.com/images/I/71279ckQ9RL.jpg",327,1297.17,3.97
0023051620,"Books",2773641,"Marketing Management",4.78,"http://ecx.images-amazon.com/images/I/51EM93TYVTL.jpg",512,1896.16,3.7
002307860X,"Books",193245,"Kant: On History",17.9,"http://ecx.images-amazon.com/images/I/71M6EQ6TW3L.gif",473,1931.1,4.08
0023060557,"Books",536907,"New Tools for Robustness of Linear Systems",562.15,"http://ecx.images-amazon.com/images/I/212cvmSW6TL.jpg",698,3230.87,4.63
0023251603,"Books",1554891,"Plato's Theory of Knowledge: The Theaetetus and the Sophist of Plato",81.58,"http://ecx.images-amazon.com/images/I/41FUuHhxkwL.jpg",262,1049.29,4.0
0023296100,"Books",2175147,"A practical review of German grammar",7.02,"http://ecx.images-amazon.com/images/I/41DlvqX4MrL.jpg",844,3772.89,4.47
0023249803,"Books",648964,"Symbolic Logic",17.0,"http://ecx.images-amazon.com/images/I/41M6KSMDNVL.jpg",261,1111.18,4.26
0023296712,"Books",1276307,"Counseling and Psychotherapy: An Integrated, Individual Psychology Approach (3rd Edition)",54.84,"http://ecx.images-amazon.com/images/I/61CCDPS6J7L.jpg",971,4261.77,4.39
0023182857,"Books",2157649,"A Contextual History of Mathematics",97.85,"http://ecx.images-amazon.com/images/I/41NQ19PCMWL.jpg",425,1434.86,3.38
0023142472,"Books",2001632,"8086/8088, 80286, 80386 and 80486 Assembly Language Programming",140.98,"http://ecx.images-amazon.com/images/I/41J9QZ44CSL.gif",508,2347.16,4.62
0023250984,"Books",354178,"Readings in Judaism, Christianity, and Islam",90.77,"http://ecx.images-amazon.com/images/I/416P9TXEW9L.jpg",222,812.97,3.66
0023107421,"Books",1165479,"C is for Control: A Laboratory Text for Hardware Interfacing with C and C++",283.7,"http://ecx.images-amazon.com/images/I/417MM78K2EL.jpg",675,2592.44,3.84
0023200928,"Books",2383738,"Introduction to Modern Philosophy: Examining the Human Condition",26.8,"http://ecx.images-amazon.com/images/I/41MNDV37PJL.jpg",761,2872.63,3.77
0023153105,"Books",120304,"Hesiod: Theogony",14.35,"http://ecx.images-amazon.com/images/I/412J-jL6GUL.jpg",323,1168.67,3.62
0023098317,"Books",3345483,"Parent/Child Relations",39.99,"http://ecx.images-amazon.com/images/I/51X7WjMw89L.jpg",789,3106.05,3.94
0023232005,"Books",1296870,"Washington At Work: Back Rooms and Clean Air (2nd Edition)",109.44,"http://ecx.images-amazon.com/images/I/5108QSQN6TL.jpg",568,2407.01,4.24
0023156716,"Books",207151,"Public Finance and the Price System (4th Edition)",656.87,"http://ecx.images-amazon.com/images/I/21BHN30GR0L.jpg",728,3485.97,4.79
0023329017,"Books",4075885,"English Fundamentals, Form A",101.93,"http://ecx.images-amazon.com/images/I/41s%2B%2BZjm2tL.jpg",678,3290.83,4.85
0023364505,"Books",745207,"Principles and Applications of Geochemistry (2nd Edition)",42.0,"http://ecx.images-amazon.com/images/I/51J646CTK8L.jpg",944,4490.56,4.76
0023396415,"Books",1240287,"Foundations of Food Preparation (6th Edition)",274.44,"http://ecx.images-amazon.com/images/I/211H9GMQJHL.jpg",303,1457.81,4.81
0023327537,"Books",3786288,"Geology and America's National Park Areas",251.46,"http://ecx.images-amazon.com/images/I/21BA7SCVWZL.jpg",773,3604.68,4.66
002329891X,"Books",2721546,"Deutsch Zusammen: A Communicative Course in German",18.32,"http://ecx.images-amazon.com/images/I/51L5j8BIi2L.jpg",739,2544.92,3.44
0023285214,"Books",662795,"Engineering Electromagnetics",38.15,"http://ecx.images-amazon.com/images/I/41gtHCDZdlL.jpg",343,1441.55,4.2
002317529X,"Books",1331019,"The Religious World: Communities of Faith (3rd Edition)",196.39,"http://ecx.images-amazon.com/images/I/51WE5SWYRNL.jpg",511,2462.76,4.82
0023309709,"Books",1103970,"Expert Systems: Design and Development",40.37,"http://ecx.images-amazon.com/images/I/412M3BH7P5L.jpg",503,2222.94,4.42
0023252863,"Books",3046607,"Modern Communication Systems: Principles and Applications",564.26,"http://ecx.images-amazon.com/images/I/31VL2A7htkL.jpg",391,1722.03,4.4
0023454024,"Books",13489515,"Critical Issues in Contemporary Culture",4.21,"http://ecx.images-amazon.com/images/I/51J4G991QTL.jpg",725,3451.28,4.76
0023395702,"Books",700256,"Drama of the English Renaissance: Volume 1, The Tudor Period",159.98,"http://ecx.images-amazon.com/images/I/511mxj1k4uL.jpg",876,4114.16,4.7
0023050357,"Books",769159,"Fundamentals of Remote Sensing and Airphoto Interpretation (5th Edition)",156.94,"http://ecx.images-amazon.com/images/I/51QQX%2BPoNmL.jpg",173,712.15,4.12
0023375701,"Books",2809708,"Introduction to Acoustics",24.68,"http://ecx.images-amazon.com/images/I/41HJ6RW08KL.jpg",811,3782.63,4.66
0023287640,"Books",1769850,"How Drugs Influence Behavior: A Neurobehavioral Approach",17.88,"http://ecx.images-amazon.com/images/I/414J4QPYD5L.jpg",610,2583.53,4.24
0023493356,"Books",2290404,"Electronics: A Top-Down Approach to Computer-Aided Circuit Design",16.74,"http://ecx.images-amazon.com/images/I/41Q0Z7B2JEL.jpg",231,1068.68,4.63
0023462469,"Books",2663917,"Program Evaluation",147.44,"http://ecx.images-amazon.com/images/I/2130DPW8H9L.jpg",507,2349.25,4.63
0023417927,"Books",2498168,"The Supervisory Challenge: Principles and Practices (2nd Edition)",142.69,"http://ecx.images-amazon.com/images/I/21Iy5FC%2BIxL.jpg",556,2086.94,3.75
0023393505,"Books",133146,"Principles of Food Preparation, Laboratory Manual (2nd Edition)",61.31,"http://ecx.images-amazon.com/images/I/21NlHauyYuL.jpg",139,480.33,3.46
0023313501,"Books",563050,"Fashion Merchandising and Marketing",12.67,"http://ecx.images-amazon.com/images/I/510ZYH2PPXL.jpg",247,969.48,3.93
0023229926,"Books",1554126,"Geohazards: Natural and Human",19.79,"http://ecx.images-amazon.com/images/I/21BB4N10K9L.jpg",397,1889.17,4.76
0023033800,"Books",594772,"The New Organon and Related Writings (Library of Liberal Arts, no. 97)",29.64,"http://ecx.images-amazon.com/images/I/411S8VENRNL.jpg",787,2478.24,3.15
0023271418,"Books",102773,"Composition in the Classical Tradition",79.92,"http://ecx.images-amazon.com/images/I/51YG4PD7NQL.jpg",290,1349.39,4.65
0023393599,"Books",2522941,"Principles of Sedimentary Deposits: Stratigraphy and Sedimentology",223.56,"http://ecx.images-amazon.com/images/I/51Ey%2BlAsiTL._SL500_.jpg",546,1951.71,3.57
0023545534,"Books",2182849,"Introduction to Early Childhood Education (6th Edition)",145.06,"http://ecx.images-amazon.com/images/I/51WH75oa2SL.jpg",250,891.36,3.57
0023502517,"Books",7363671,"Marketing: Connecting with Customers",66.5,"http://ecx.images-amazon.com/images/I/41fnxBDiunL.jpg",429,1682.83,3.92
0023456108,"Books",513767,"History of Rome",6.51,"http://ecx.images-amazon.com/images/I/41XABDGGMCL.jpg",958,4470.43,4.67
0023548568,"Books",1176333,"Computer Graphics Using Open GL (2nd Edition)",34.99,"http://ecx.images-amazon.com/images/I/510yqFXFUdL.jpg",823,3111.91,3.78
0023295244,"Books",2449290,"Basic Statistics for the Social and Behavioral Sciences",173.44,"http://ecx.images-amazon.com/images/I/21GD215BEEL.jpg",598,2349.04,3.93
0023589418,"Books",1000554,"Enhancing Teaching",55.0,"http://ecx.images-amazon.com/images/I/81Tk5RTLdzL.jpg",988,4794.4,4.85
0023397632,"Books",583709,"The Little LISPer, Third Edition",26.21,"http://ecx.images-amazon.com/images/I/61m5K9giusL.jpg",678,3159.47,4.66
0023466022,"Books",1931314,"Econometric Analysis",19.93,"http://ecx.images-amazon.com/images/I/519HQBC49ML.jpg",328,1429.72,4.36
0023513209,"Books",60799,"Hegel: Reason in History",13.71,"http://ecx.images-amazon.com/images/I/41LBds1N8eL.jpg",180,587.26,3.26
0023611332,"Books",473693,"Inquiry and Genre: Writing to Learn in College",81.32,"http://ecx.images-amazon.com/images/I/41Vgryl9vuL.jpg",156,747.4,4.79
0023582901,"Books",720355,"John Milton: Complete Poems and Major Prose",24.99,"http://ecx.images-amazon.com/images/I/71smHX3g9EL.jpg",852,3582.16,4.2
0023233001,"Books",239700,"Directors on Directing: A Source Book of the Modern Theatre",22.78,"http://ecx.images-amazon.com/images/I/51RQGxI2NXL.jpg",357,1474.16,4.13
0023300116,"Books",2474577,"Feedback Control Theory",7.91,"http://ecx.images-amazon.com/images/I/51iTVRf1d8L.jpg",160,662.53,4.14
0023611316,"Books",151309,"Applications Programming in ANSI C",4.3,"http://ecx.images-amazon.com/images/I/71WvtNV3F7L.jpg",455,1714.9,3.77
0023472537,"Books",257790,"Readings in Ritual Studies",31.25,"http://ecx.images-amazon.com/images/I/218G5YWF9VL.jpg",399,1856.21,4.65
0023628421,"Books",1561299,"Mineral Resources, Economics, and the Environment",127.02,"http://ecx.images-amazon.com/images/I/71Uf4%2BEzzmL.jpg",101,415.51,4.11
002329180X,"Books",947201,"Statistical Quality Design and Control: Contemporary Concepts and Methods",4.99,"http://ecx.images-amazon.com/images/I/51VRD1HE4BL.jpg",244,946.57,3.88
0023629894,"Books",3108185,"Designing Effective Instruction: Applications of Instructional Design",283.89,"http://ecx.images-amazon.com/images/I/51osVtpBFSL.jpg",786,3079.31,3.92
0023619384,"Books",1621224,"Semiconductor Devices",48.75,"http://ecx.images-amazon.com/images/I/51tsRqY%2BYSL.jpg",258,939.76,3.64
0023490209,"Books",1149415,"Multivariate Data Analysis: With Readings",200.87,"http://ecx.images-amazon.com/images/I/51FN95B4H3L.jpg",305,1054.84,3.46
0023619333,"Books",4451520,"A Human Anatomy Laboratory Manual and Study Guide (3rd Edition)",24.99,"http://ecx.images-amazon.com/images/I/41K1R9jFTtL.jpg",305,1056.88,3.47
0023547618,"Books",2058729,"Engineering Mechanics: Statics &amp; Dynamics/Book and 2 Discs",713.61,"http://ecx.images-amazon.com/images/I/61sWLut%2BQXL.jpg",417,1464.42,3.51
0023437421,"Books",408626,"Precalculus Enhanced with Graphing Utilities",33.7,"http://ecx.images-amazon.com/images/I/51YESY28J5L.jpg",617,2570.26,4.17
0023269006,"Books",1480706,"The Technology of Metallurgy",36.13,"http://ecx.images-amazon.com/images/I/61dqar0aYML.jpg",776,3798.25,4.89
002361191X,"Books",2195854,"Computers in the Classroom: Mindtools for Critical Thinking",62.96,"http://ecx.images-amazon.com/images/I/5153EFZXMAL.jpg",586,2654.04,4.53
0023430516,"Books",672653,"Instrumentation and Measurement for Electronics Technicians (2nd Edition)",134.9,"http://ecx.images-amazon.com/images/I/710eq6lQf8L.jpg",873,3118.75,3.57
0023661704,"Books",3482498,"Breves cuentos hispanos",4.0,"http://ecx.images-amazon.com/images/I/714Pzhc0e0L.jpg",940,3008.35,3.2
0023611413,"Books",555801,"Applications Programming in ANSI C (3rd Edition)",39.21,"http://ecx.images-amazon.com/images/I/51zQYQXi2aL.jpg",693,3462.82,5.0
0023412003,"Books",1529718,"Epicurus: Letters Principal Doctrines and Vatican Sayings",10.74,"http://ecx.images-amazon.com/images/I/21d4pkrTDXL.jpg",901,4464.16,4.95
0023241217,"Books",2014162,"Engineering Management: Creating and Managing World Class Operations",142.75,"http://ecx.images-amazon.com/images/I/5159ENRAM3L.jpg",551,2578.9,4.68
0023606924,"Books",879872,"Algorithms",17.0,"http://ecx.images-amazon.com/images/I/4140EA9V5VL.jpg",745,2389.18,3.21
0023285192,"Books",1832935,"An Introduction to Islam, 2nd Edition",4.0,"http://ecx.images-amazon.com/images/I/51bR78f3rNL.jpg",261,930.11,3.56
0023714239,"Books",2056828,"Modern Christian Thought, Volume I: The Enlightenment and the Nineteenth Century (2nd Edition)",36.47,"http://ecx.images-amazon.com/images/I/21FSMY7W4DL.jpg",698,3489.79,5.0
0023575018,"Books",2355584,"Ethical, Legal, and Professional Issues in the Practice of Marriage and Family Therapy",53.29,"http://ecx.images-amazon.com/images/I/41PmXa6o%2B%2BL.jpg",839,3471.74,4.14
0023631457,"Books",986732,"Introduction to Probability",44.49,"http://ecx.images-amazon.com/images/I/11tDO9aKCvL.jpg",597,2746.38,4.6
0023619422,"Books",3305151,"Fundamentals of Signals and Systems Using MATLAB",29.98,"http://ecx.images-amazon.com/images/I/51ZNVDKMF5L.jpg",119,466.67,3.92
0023736607,"Books",2938628,"The 8051 Microcontroller",25.89,"http://ecx.images-amazon.com/images/I/31DNPPGE2BL.jpg",611,2825.28,4.62
0023658118,"Books",662401,"Sourcebook in Asian Philosophy",17.99,"http://ecx.images-amazon.com/images/I/51NMRWJJNGL.jpg",172,626.63,3.64
0023681217,"Books",3961874,"Management Information Systems: Organization and Technology",5.27,"http://ecx.images-amazon.com/images/I/31WZNN7W61L.jpg",668,2450.65,3.67
0023905611,"Books",1690070,"Complex Variables for Scientists and Engineers",497.64,"http://ecx.images-amazon.com/images/I/3141PG1PE5L.jpg",401,1618.91,4.04
0023672501,"Books",90745,"An Introduction to Biblical Hebrew",100.59,"http://ecx.images-amazon.com/images/I/3144BSXMD8L.jpg",157,731.62,4.66
0023767758,"Books",2146861,"Rapid Application Development",22.79,"http://ecx.images-amazon.com/images/I/516jJHCQC4L._SL500_.jpg",434,1459.34,3.36
0023784717,"Books",1840443,"Monetary Economics: Theory and Policy",13.36,"http://ecx.images-amazon.com/images/I/51GTrKA2nHL._SL500_.jpg",148,463.06,3.13
0023698748,"Books",473365,"Tools of the Mind: A Vygotskian Approach to Early Childhood Education",28.69,"http://ecx.images-amazon.com/images/I/51NwzfuQecL.jpg",759,2551.71,3.36
0023124318,"Books",286920,"Philosophy of Sex and Love: A Reader",69.12,"http://ecx.images-amazon.com/images/I/41X6C99HFHL.gif",438,1473.78,3.36
0023674121,"Books",1038070,"Aqueous Environmental Geochemistry",37.2,"http://ecx.images-amazon.com/images/I/51VV1R83TVL.jpg",654,2568.71,3.93
0023838418,"Books",1976326,"Meteorology: The Atmosphere and the Science of Weather",27.38,"http://ecx.images-amazon.com/images/I/811ft4aS0zL.jpg",105,328.28,3.13
0023932120,"Books",868732,"Exercises in Meteorology (2nd Edition)",24.65,"http://ecx.images-amazon.com/images/I/21Z70YJW7VL.jpg",442,1553.8,3.52
0023812613,"Books",1366467,"God and Reason (2nd Edition)",128.44,"http://ecx.images-amazon.com/images/I/41V721TMAVL.jpg",362,1720.71,4.75
0023606827,"Books",2550792,"Object Oriented Programming In C++",12.5,"http://ecx.images-amazon.com/images/I/51A9J3X9APL.jpg",722,3584.6,4.96
0023428104,"Books",2950518,"Principles of Engineering Graphics",713.13,"http://ecx.images-amazon.com/images/I/61Wt6j7lt4L.jpg",893,2996.23,3.36
0023952814,"Books",10228505,"Computers in the Schools: A Guide to Planning and Administration",438.82,"http://ecx.images-amazon.com/images/I/61G4BUBSA1L.jpg",360,1721.48,4.78
0023895306,"Books",20399,"Nicomachean Ethics",24.01,"http://ecx.images-amazon.com/images/I/41s3ZE806NL.jpg",281,1231.08,4.38
0023749210,"Books",607630,"Transcreation of the Bhagavad Gita",28.69,"http://ecx.images-amazon.com/images/I/217wnu-noeL.jpg",884,3664.45,4.15
0023720905,"Books",1549922,"Creative and Mental Growth",96.07,"http://ecx.images-amazon.com/images/I/71USJLyTvDL.jpg",147,586.06,3.99
0023953306,"Books",3973626,"Fiction 100: An anthology of short stories",90.14,"http://ecx.images-amazon.com/images/I/41FVX10X83L.jpg",238,948.7,3.99
0023705507,"Books",586828,"The Ageless Chinese: A History",111.34,"http://ecx.images-amazon.com/images/I/31dpfMtGTgL.jpg",835,4092.91,4.9
002394501X,"Books",2479092,"Mineralogy",83.16,"http://ecx.images-amazon.com/images/I/31F5wfNvdVL.jpg",338,1048.37,3.1
0023925000,"Books",3595623,"Introductory Electric Circuits",367.14,"http://ecx.images-amazon.com/images/I/51Y3B9NKPRL.jpg",628,3091.85,4.92
0023993456,"Books",2709551,"Basic Concepts in Relativity",127.8,"http://ecx.images-amazon.com/images/I/61WaBGkWRHL.jpg",729,2278.12,3.12
0023801417,"Books",1468660,"Principles and Techniques of Vibrations",75.99,"http://ecx.images-amazon.com/images/I/41CENE4XBTL.jpg",814,3598.62,4.42
0024059307,"Books",4569128,"Un Assassin De Trop (English and French Edition)",257.78,"http://ecx.images-amazon.com/images/I/614YPNt8iJL.jpg",212,801.11,3.78
0023745452,"Books",1625756,"Introduction to Econometrics",55.06,"http://ecx.images-amazon.com/images/I/41YR6DA6QFL.jpg",360,1467.44,4.08
0023955554,"Books",456638,"Fiction Fifty: An Introduction to the Short Story",69.16,"http://ecx.images-amazon.com/images/I/214t4u%2BKX-L.jpg",558,2431.08,4.36
0024036218,"Books",2159354,"Multilevel Approach to the Study of Motor Control and Learning, A",118.39,"http://ecx.images-amazon.com/images/I/41SBQMYGDDL.jpg",428,1373.14,3.21
0023669128,"Books",1654917,"Differential Equations",97.78,"http://ecx.images-amazon.com/images/I/31T5ZURNpdL.jpg",808,3798.94,4.7
002390691X,"Books",2332199,"Dynamic Physical Education for Elementary School Children",5.27,"http://ecx.images-amazon.com/images/I/A10hPOvml4L.jpg",384,1820.44,4.74
0024073709,"Books",1925315,"Conducting Research",4.0,"http://ecx.images-amazon.com/images/I/51B80501DTL.jpg",567,1905.29,3.36
0023797606,"Books",2872117,"On God and Political Duty (Library of Liberal Arts)",554.1,"http://ecx.images-amazon.com/images/I/31GKCCSoVSL.jpg",599,2319.68,3.87
0024005819,"Books",1068219,"International Finance and Open Economy Macroeconomics (2nd Edition)",102.03,"http://ecx.images-amazon.com/images/I/5159SDJPDCL.jpg",335,1014.08,3.03
0023887419,"Books",3154301,"FORTRAN 77 and Numerical Methods for Engineers and Scientists",137.2,"http://ecx.images-amazon.com/images/I/515HXHXZWKL.jpg",338,1463.25,4.33
0023611367,"Books",1044635,"C for Scientists and Engineers",26.57,"http://ecx.images-amazon.com/images/I/41Ov7qRbWtL.jpg",703,2380.93,3.39
0024049913,"Books",2829258,"Teaching Students with Mild Disabilities at the Secondary Level",15.95,"http://ecx.images-amazon.com/images/I/512V3T73CXL.jpg",495,1775.07,3.59
0024049808,"Books",588053,"Cicero: On the Commonwealth",31.2,"http://ecx.images-amazon.com/images/I/21nO-aRgK3L.jpg",230,785.5,3.42
0024076902,"Books",2425308,"Spass und Spannung: A beginning graded German reader (German Edition)",592.04,"http://ecx.images-amazon.com/images/I/81nacsm0RwL.jpg",514,2224.7,4.33
002340681X,"Books",1067636,"Varieties of Unbelief: From Epicurus to Sartre",24.51,"http://ecx.images-amazon.com/images/I/414T6E1Q6YL.jpg",389,1924.58,4.95
002391341X,"Books",665916,"Descriptive Geometry (9th Edition)",153.33,"http://ecx.images-amazon.com/images/I/5169TJ65BVL.jpg",322,1167.53,3.63
0023971916,"Books",2516534,"Social Environment and Human Behavior: A Diversity Perspective",203.87,"http://ecx.images-amazon.com/images/I/91e-I5Qx65L.jpg",213,756.11,3.55
0024025003,"Books",8046616,"Basic nutrition and diet therapy",656.91,,168,654.58,3.9
0024103411,"Books",563220,"Food for Fifty: 9th edition",118.41,"http://ecx.images-amazon.com/images/I/513hVgJ-ZjL._SL500_.jpg",807,2847.63,3.53
0023811927,"Books",1345708,"Believing in God: Readings on Faith and Reason",304.87,"http://ecx.images-amazon.com/images/I/11DW73Q43HL.jpg",647,2080.66,3.22
002412141X,"Books",1050357,"The Religious Experience (5th Edition)",138.95,"http://ecx.images-amazon.com/images/I/511EVEPE42L.jpg",166,829.83,5.0
002381831X,"Books",914072,"Economic Statistics and Econometrics (3rd Edition)",90.5,"http://ecx.images-amazon.com/images/I/4186XP6ZPTL.jpg",990,4936.24,4.99
0024137510,"Books",4054767,"Instruction of Students With Severe Disabilities",123.24,"http://ecx.images-amazon.com/images/I/31CNIz5BR4L.jpg",976,3766.05,3.86
0024155136,"Books",4880444,"Isdn and Broadband Isdn With Frame Relay and Atm",133.51,"http://ecx.images-amazon.com/images/I/413BHQBRWRL.jpg",938,3876.62,4.13
0024154938,"Books",917969,"Operating Systems",152.54,"http://ecx.images-amazon.com/images/I/21XL4W67nOL.jpg",549,2498.06,4.55
0023370017,"Books",459174,"Women and Religion",54.19,"http://ecx.images-amazon.com/images/I/31NPKpWInKL.jpg",817,3292.82,4.03
0023623012,"Books",4074356,"Lives Through Literature: A Thematic Anthology",376.46,"http://ecx.images-amazon.com/images/I/51QR3RMYZFL.jpg",785,3846.67,4.9
0024097616,"Books",1938952,"Introduction to Materials Science for Engineers",14.01,"http://ecx.images-amazon.com/images/I/21X7T1T8ETL.jpg",994,3232.37,3.25
0024181900,"Books",708142,"The Elements of Style, Third Edition",3.95,"http://ecx.images-amazon.com/images/I/51QK6XCSDEL.jpg",659,2246.62,3.41
0024146706,"Books",2476484,"Technical Drawing Problems: Series II",4.51,"http://ecx.images-amazon.com/images/I/61g3LyWJxoL.jpg",266,1074.1,4.04
0024089400,"Books",90693,"Jewish People, Jewish Thought : The Jewish Experience in History",136.02,"http://ecx.images-amazon.com/images/I/410e%2B9JHhRL.jpg",669,3165.98,4.73
002415556X,"Books",1986876,"Operational Amplifiers with Linear Integrated Circuits",168.15,"http://ecx.images-amazon.com/images/I/410P3681F4L.jpg",904,3286.89,3.64
0023887311,"Books",1091544,"Pascal Programming and Problem Solving (4th Edition)",168.91,"http://ecx.images-amazon.com/images/I/41FA607QSQL.jpg",713,2140.1,3.0
0024106224,"Books",2645160,"Industrial Electronics",39.99,"http://ecx.images-amazon.com/images/I/21F4M8JXKHL.jpg",631,2211.6,3.5
0024101915,"Books",2066069,"Pathways to Philosophy: A Multidisciplinary Approach",154.85,"http://ecx.images-amazon.com/images/I/318PT5926VL.jpg",711,2370.36,3.33
002420806X,"Books",889935,"Laboratory Exercises in Oceanography (4th Edition)",58.89,"http://ecx.images-amazon.com/images/I/51fZEaaFJgL.jpg",513,1652.86,3.22
0023984155,"Books",179747,"Optimization in Operations Research",38.6,"http://ecx.images-amazon.com/images/I/4148CKBZ49L.jpg",254,806.11,3.17
002415654X,"Books",101203,"Lines and Fields in Electronic Technology",41.7,"http://ecx.images-amazon.com/images/I/41K1TFM89NL.jpg",365,1626.65,4.46
0024125113,"Books",1995588,"Interactions in the Classroom: Facilitating Play in the Early Years",6.68,"http://ecx.images-amazon.com/images/I/21hcuaFP-qL.jpg",301,1207.26,4.01
0023805811,"Books",1363496,"Statistics for Engineering and the Sciences (4th Edition)",15.9,"http://ecx.images-amazon.com/images/I/51S98C3MSEL.jpg",406,1497.23,3.69
0024041513,"Books",464704,"Real Analysis, 3rd Edition",19.03,"http://ecx.images-amazon.com/images/I/312r3LiwjlL.jpg",578,2010.21,3.48
0024272213,"Books",2514078,"Business Ethics: A Philosophical Reader",174.61,"http://ecx.images-amazon.com/images/I/41NK5SPRFGL.jpg",845,3774.63,4.47
0024276405,"Books",3476202,"The Essential Middle School",29.25,"http://ecx.images-amazon.com/images/I/91xId19Ij5L.jpg",849,2999.92,3.53
0023887257,"Books",1724714,"C++: An Introduction to Data Structures",71.73,"http://ecx.images-amazon.com/images/I/41P1feM4NOL.jpg",583,1950.76,3.35
002411510X,"Books",167653,"Walden Two",9.49,"http://ecx.images-amazon.com/images/I/71DE5SRZRBL.gif",301,1306.6,4.34
0024104418,"Books",1039467,"Business Statistics by Example (5th Edition) Part A and Part B",98.16,"http://ecx.images-amazon.com/images/I/21CQY32CHWL.jpg",834,2941.89,3.53
0023885815,"Books",4469371,"Introduction to the Profession of Counseling",3.75,"http://ecx.images-amazon.com/images/I/41X7SJPYP4L.jpg",192,948.05,4.94
0023529504,"Books",178137,"Plato: Gorgias",6.4,"http://ecx.images-amazon.com/images/I/41FW42PG4KL.jpg",430,1738.14,4.04
0023969415,"Books",3571921,"Introduction to Criminal Justice (6th Edition)",146.49,"http://ecx.images-amazon.com/images/I/31TE5iGO0vL.jpg",775,2407.1,3.11
0024277800,"Books",820594,"The Aeneid of Virgil: A Verse Translation By Rolfe Humphries",89.84,"http://ecx.images-amazon.com/images/I/518iWd0mu5L.jpg",379,1329.24,3.51
0024208701,"Books",2750608,"Understanding Textiles",22.68,"http://ecx.images-amazon.com/images/I/71xsmj04qwL.jpg",418,1789.96,4.28
0024202401,"Books",1010632,"Teaching Students with Mental Retardation: A Life Goal Curriculum Planning Approach",16.51,"http://ecx.images-amazon.com/images/I/21YGRWMYPQL.jpg",292,1199.97,4.11
0024316237,"Books",1501609,"Introduction to Spread Spectrum Communications",163.05,"http://ecx.images-amazon.com/images/I/51htm%2BuzvML.jpg",952,3935.0,4.13
0024316202,"Books",547606,"Elements of Engineering Probability and Statistics",55.4,"http://ecx.images-amazon.com/images/I/51T7A5QQ51L.jpg",375,1540.02,4.11
0025003402,"Books",250884,"A Guidebook to Learning: For a Lifelong Pursuit of Wisdom",11.52,"http://ecx.images-amazon.com/images/I/51Ik%2BRg9VgL._SL500_.jpg",190,885.41,4.66
0025074059,"Books",1780169,"From an Italian Garden",225.84,"http://ecx.images-amazon.com/images/I/61UykrJGR7L.jpg",548,1761.93,3.22
0024288608,"Books",4120751,"Qualitative Analysis With Ionic Equilibrium",652.02,"http://ecx.images-amazon.com/images/I/61QVTb5EHSL.jpg",550,2586.03,4.7
0025002813,"Books",983114,"Desires, Right and Wrong: The Ethics of Enough",10.58,"http://ecx.images-amazon.com/images/I/41LR2JVebnL.jpg",278,1198.71,4.31
0024972002,"Books",6974929,"Asterix and the Goths",11.93,"http://ecx.images-amazon.com/images/I/51--tUCklhL._SL500_PIsitb-sticker-arrow-big,TopRight,35,-73_OU01_.jpg",835,3730.3,4.47
0024242012,"Books",2984327,"Probability and Statistics for Engineers and Scientists",84.55,"http://ecx.images-amazon.com/images/I/21eTIsESxjL.jpg",277,1067.66,3.85
0025005715,"Books",1554363,"A Second Look in the Rearview Mirror: Further Autobiographical Reflections of a Philosopher at Large",10.9,"http://ecx.images-amazon.com/images/I/51jByqWUHQL.jpg",796,3579.32,4.5
0024031216,"Books",355492,"Freedom to Learn (3rd Edition)",28.6,"http://ecx.images-amazon.com/images/I/71NDWJ2W4ML.gif",482,2390.44,4.96
0024248649,"Books",644977,"Industrial Control Electronics (2nd Edition)",18.0,"http://ecx.images-amazon.com/images/I/51W16hoaHgL.jpg",403,1595.91,3.96
002500574X,"Books",980905,"The FOUR DIMENSIONS OF PHILOSOPHY",10.9,"http://ecx.images-amazon.com/images/I/51NlPHOHRnL.jpg",372,1348.02,3.62
0025054708,"Books",289847,"Hortus Third: A Concise Dictionary of Plants Cultivated in the United States and Canada",35.0,"http://ecx.images-amazon.com/images/I/516D8TGMBPL.jpg",671,2087.16,3.11
0025005405,"Books",261559,"How to Think About God",10.99,"http://ecx.images-amazon.com/images/I/51S0YxzK-VL.jpg",431,1787.2,4.15
0025107747,"Books",1314063,"The Politics of Glory: How Baseball's Hall of Fame Really Works",14.9,"http://ecx.images-amazon.com/images/I/814WUQJAVaL.jpg",900,3289.92,3.66
0025005707,"Books",304349,"How to Speak How to Listen",10.38,"http://ecx.images-amazon.com/images/I/515u9Tem-lL._SL500_PIsitb-sticker-arrow-big,TopRight,35,-73_OU01_.jpg",729,3172.97,4.35
002427691X,"Books",136925,"Experimental Organic Chemistry: A Small Scale Approach (2nd Edition)",39.45,"http://ecx.images-amazon.com/images/I/51BpKJtfG0L.jpg",179,572.56,3.2
0023557133,"Books",1741662,"Structural Geology: Principles Concepts and Problems (2nd Edition)",640.15,"http://ecx.images-amazon.com/images/I/21G3TKHY3GL.jpg",260,1274.92,4.9
0024288101,"Books",73674,"Philosophical Investigations (3rd Edition)",27.48,"http://ecx.images-amazon.com/images/I/41FRTPDCCAL.jpg",836,4057.51,4.85
0025022512,"Books",1094235,"Red Hot Peppers: A Cookbook for the Not so Faint of Heart",19.76,"http://ecx.images-amazon.com/images/I/21S9D20RQGL.jpg",598,2198.49,3.68
002500350X,"Books",160205,"INTELLECT MIND OVER MATTER",11.52,"http://ecx.images-amazon.com/images/I/51caU13HzJL._SL500_.jpg",338,1632.34,4.83
0025076752,"Books",966156,"The Indian Vegetarian: Flavors for the American Kitchen",23.33,"http://ecx.images-amazon.com/images/I/21RAWKB9CAL.jpg",467,2062.64,4.42
0024189316,"Books",1635646,"Curriculum Development: Theory Into Practice (3rd Edition)",158.8,"http://ecx.images-amazon.com/images/I/51Q92RE3TCL.jpg",688,3039.32,4.42
0024105643,"Books",2748135,"Environmental Engineering: A Design Approach",152.95,"http://ecx.images-amazon.com/images/I/21JM7NEB65L.jpg",120,444.76,3.71
0025068407,"Books",1792068,"Tanamera",13.46,"http://ecx.images-amazon.com/images/I/51c-N4l6UzL.jpg",598,2120.81,3.55
0024180505,"Books",3703468,"Introduction to Organic Chemistry",5.18,"http://ecx.images-amazon.com/images/I/41zvRk%2B1B%2BL.jpg",630,2031.82,3.23
0025202529,"Books",558781,"Trattoria Cooking: More than 200 authentic recipes from Italy's family-style restaurants",31.5,"http://ecx.images-amazon.com/images/I/51gC555jH2L.jpg",191,667.03,3.49
0025006053,"Books",275023,"The Macmillan Bible Atlas",46.49,"http://ecx.images-amazon.com/images/I/510JQ7HT33L.jpg",932,3756.21,4.03
0024039608,"Books",3019997,"Reflective Teaching for Student Empowerment: A Constructivist Approach to Elementary Curriculum",759.37,"http://ecx.images-amazon.com/images/I/21BuI6XWsHL.jpg",951,4510.37,4.74
0025179500,"Books",2089307,"The HEADHUNTERS",19.3,"http://ecx.images-amazon.com/images/I/51pN5RlBTtL._SL500_.jpg",657,2118.14,3.22
0025225405,"Books",736129,"Cassell's Standard Italian Dictionary, Thumb-indexed",20.78,"http://ecx.images-amazon.com/images/I/410M3HQ%2BNbL.jpg",905,3555.57,3.93
0025221000,"Books",1022767,"Estee Lauder : Beyond the Magic ( An Unauhorized Biography )",8.0,"http://ecx.images-amazon.com/images/I/41c-Dw3VRYL.jpg",963,4397.57,4.57
0025005731,"Books",272138,"The Great Ideas: A Lexicon of Western Thought",10.9,"http://ecx.images-amazon.com/images/I/51V1NTNZ4EL.jpg",177,817.67,4.62
0025254308,"Books",3728116,"Stories for the Christian Year",661.37,"http://ecx.images-amazon.com/images/I/41F9Y9etPrL.jpg",854,3764.67,4.41
0025281607,"Books",148531,"The Macmillan Visual Dictionary: 3,500 Color Illustrations, 25,000 Terms, 600 Subjects",17.92,"http://ecx.images-amazon.com/images/I/51Y8B7QQFYL.jpg",699,2106.84,3.01
0025229109,"Books",114202,"Cassell's Spanish-English, English-Spanish Dictionary",7.49,"http://ecx.images-amazon.com/images/I/51N775S9YQL.jpg",886,3713.27,4.19
0025258001,"Books",1177009,"Arthur C. Clarke's July 20, 2019: Life in the 21st Century (Omni Book)",19.33,"http://ecx.images-amazon.com/images/I/81TZw34nKQL.jpg",532,2078.02,3.91
0025174215,"Books",625822,"The AMERICAN WEST",12.38,"http://ecx.images-amazon.com/images/I/51B0VF00Z7L.jpg",839,3227.94,3.85
0025174304,"Books",409508,"James Brown: The Godfather of Soul",11.0,"http://ecx.images-amazon.com/images/I/51hOnS33bpL.jpg",707,2662.65,3.77
0025104500,"Books",1391724,"Secrets of the great French restaurants",213.89,"http://ecx.images-amazon.com/images/I/51EKNMNtqNL.jpg",827,2950.85,3.57
0025322613,"Books",360705,"People of the Sea: The Search for the Philistines",22.41,"http://ecx.images-amazon.com/images/I/91z1eshe3lL.jpg",368,1297.02,3.52
0025226509,"Books",2276851,"Cassell's German Dictionary: German-English English-German",4.0,"http://ecx.images-amazon.com/images/I/41PX14Z0GYL.jpg",628,2187.34,3.48
0025257501,"Books",3055035,"MacMillan Dictionary of Measurement",347.56,"http://ecx.images-amazon.com/images/I/61W62J9KX8L.jpg",921,4084.8,4.44
0025294458,"Books",308037,"The Wild Lawn Handbook: Alternatives to the Traditional Front Lawn",19.13,"http://ecx.images-amazon.com/images/I/616N7ZDGZ4L.jpg",686,2105.65,3.07
002520260X,"Books",1398638,"We Are Not Afraid: The Story of Goodman, Schwerner, and Chaney and the Civil Rights Campaign for Mississippi",10.17,"http://ecx.images-amazon.com/images/I/41OSaBb5qeL.jpg",281,919.18,3.27
0025236903,"Books",83246,"Henry Flagler: The Astonishing Life and Times of the Visionary Robber Baron Who Founded Florida",13.06,"http://ecx.images-amazon.com/images/I/91vlrdIZPTL.jpg",748,3671.69,4.91
0025226207,"Books",189837,"Cassell's Standard French Dictionary, Thumb-indexed",4.78,"http://ecx.images-amazon.com/images/I/41n3KUl9SzL.jpg",278,1315.53,4.73
0025334409,"Books",812748,"The Dairy Hollow House Cookbook: Over 400 Delectable Recipes from America's Famed Ozark Inn",18.1,"http://ecx.images-amazon.com/images/I/51SJ%2BP3YGUL.jpg",865,3036.01,3.51
0025076701,"Books",1152990,"Angels Fear: Towards an Epistemology of the Sacred",28.45,"http://ecx.images-amazon.com/images/I/41KllF-U-cL._SL500_.jpg",587,1972.12,3.36
002531310X,"Books",1576376,"The Macmillan Visual Desk Reference",7.99,"http://ecx.images-amazon.com/images/I/81DmuPjSQmL.jpg",994,4392.7,4.42
0025209159,"Books",1240866,"Food and Memories of Abruzzo: The Pastoral Land",17.03,"http://ecx.images-amazon.com/images/I/51G2R8J0N5L.jpg",546,2124.07,3.89
0025363107,"Books",1650457,"Complete Illustrated Guide to Everything Sold in Hardware Stores",347.1,"http://ecx.images-amazon.com/images/I/51AtmD1aNpL.jpg",901,2878.89,3.2
0025225804,"Books",6567,"Cassell's Standard Latin Dictionary, Thumb-indexed",17.96,"http://ecx.images-amazon.com/images/I/41hBU6-81dL.jpg",512,2204.22,4.31
0025418505,"Books",1243893,"Cosmography: A Posthumous Scenario for the Future of Humanity",16.83,"http://ecx.images-amazon.com/images/I/41znecDp-iL._SL500_.jpg",917,4371.66,4.77
0025361929,"Books",2493177,"The Breast Cancer Prevention Program",324.85,"http://ecx.images-amazon.com/images/I/51N9H0626YL.jpg",766,2909.31,3.8
0025229303,"Books",102294,"Cassell's Standard German Dictionary, Thumb-indexed",19.48,"http://ecx.images-amazon.com/images/I/51hgmCvLWuL.jpg",956,3481.34,3.64
0025236601,"Books",404616,"The Campaigns of Napoleon",64.99,"http://ecx.images-amazon.com/images/I/41xOoUVEIoL.jpg",590,1903.99,3.23
0025226606,"Books",730909,"Cassell's Spanish Dictionary, Concise Edition",12.22,"http://ecx.images-amazon.com/images/I/41ylY7nQ-fL.jpg",975,3909.06,4.01
0025350501,"Books",4470894,"Balloons and Airships, 1783-1973: Editor of the English Edition Kenneth Munson",292.31,"http://ecx.images-amazon.com/images/I/61aD7ooxYqL.jpg",537,2308.75,4.3
0025439472,"Books",244183,"The Shepherd",11.92,"http://ecx.images-amazon.com/images/I/51TJcPNNwLL.jpg",158,656.09,4.15
0025434152,"Books",795426,"The Illustrated Atlas of Jewish Civilization: 4,000 Years of Jewish History",32.48,"http://ecx.images-amazon.com/images/I/51RV9B314HL.jpg",847,2942.5,3.47
0025180304,"Books",4463554,"Half a life, and other stories",467.13,"http://ecx.images-amazon.com/images/I/51rLNqIdJbL._SL500_.jpg",116,448.44,3.87
0025375008,"Books",3659347,"The GOOD GIRL SYNDROME",557.75,"http://ecx.images-amazon.com/images/I/614tbDkleDL.jpg",148,724.17,4.89
002517410X,"Books",1227061,"So Close to Greatness: The Biography of William C. Bullitt",267.71,"http://ecx.images-amazon.com/images/I/41w9zhqoUHL.jpg",401,1939.38,4.84
002534904X,"Books",1172798,"Cassell's Contemporary German: A Handbook of Grammar, Current Usage, and Word Power",10.0,"http://ecx.images-amazon.com/images/I/51P5KQRATAL.jpg",518,1992.67,3.85
0025407759,"Books",1462015,"Up Late with Joe Franklin",440.41,"http://ecx.images-amazon.com/images/I/514cz5H-s-L.jpg",197,670.37,3.4
0025481851,"Books",889768,"Color Echoes: Harmonizing Color in the Garden",751.03,"http://ecx.images-amazon.com/images/I/31H52JQKCAL.jpg",787,3918.17,4.98
0025143700,"Books",2921722,"Fast and Fabulous Dinner Parties",505.79,"http://ecx.images-amazon.com/images/I/71uIgKu21%2BL.jpg",899,3693.6,4.11
0025297007,"Books",2977698,"Making of Adolf Hitler",26.14,"http://ecx.images-amazon.com/images/I/51CCS1ErrVL.jpg",816,3816.16,4.68
0025473905,"Books",18427,"Respect for Acting",16.96,"http://ecx.images-amazon.com/images/I/510YtalN5CL.jpg",923,3020.74,3.27
0025474804,"Books",2655770,"RICH HALLS VANISHING AMERICA",301.06,"http://ecx.images-amazon.com/images/I/51s1jgWUB9L._SL500_.jpg",387,1666.55,4.31
0025482610,"Books",274996,"Tasting Brazil: Regional Recipes and Reminiscences",13.3,"http://ecx.images-amazon.com/images/I/51Tq7w9uzYL.jpg",752,2301.52,3.06
0025245104,"Books",1069182,"Windswept",14.27,"http://ecx.images-amazon.com/images/I/91nb66hvMNL.jpg",902,3518.66,3.9
0025349201,"Books",5477338,"Nature: The Other Earthlings",650.38,"http://ecx.images-amazon.com/images/I/5198R1eFtQL.jpg",803,2869.74,3.57
0025451707,"Books",2360718,"Homer to Joyce",159.0,"http://ecx.images-amazon.com/images/I/71Vr4BBfiUL.jpg",894,2797.24,3.13
0025475401,"Books",6260245,"To arm a nation: Rebuilding America's endangered defenses",318.48,"http://ecx.images-amazon.com/images/I/51KBJrGv4OL.jpg",848,4080.94,4.81
0025485318,"Books",1308495,"Dinner's Ready",237.15,"http://ecx.images-amazon.com/images/I/5120b6i2uTL.jpg",200,761.37,3.81
0025292404,"Books",1126148,"The All-American Boys: An Insider's Candid Look at the Space Program and the Myth of the Super Hero",20.74,"http://ecx.images-amazon.com/images/I/71KvbJwsMxL.jpg",675,2779.97,4.12
0025457950,"Books",243328,"We're Ready for You, Mr. Grodin",403.23,"http://ecx.images-amazon.com/images/I/51tK62tMX1L.jpg",821,2831.37,3.45
002544011X,"Books",1333442,"Elvis Don't Like Football: The Life and Raucous Times of the Nfl's Most Outspoken Coach",60.01,"http://ecx.images-amazon.com/images/I/51GlKAoOGwL.jpg",590,2461.78,4.17
0025518259,"Books",1617239,"When the Blues Won't Go Away: New Approaches to Dysthymic Disorder and Other Forms of Chronic Low-Grade Depression",337.57,"http://ecx.images-amazon.com/images/I/517a5qkA9jL._SL500_.jpg",871,2616.56,3.0
0025427458,"Books",2207009,"The Cookie Book",18.93,"http://ecx.images-amazon.com/images/I/51J1CVDH7KL.jpg",832,2721.03,3.27
0025463306,"Books",3259319,"The MAGICIANS GIRL",175.0,"http://ecx.images-amazon.com/images/I/61PslVL4m3L.jpg",940,3551.36,3.78
0025293508,"Books",246353,"What's Wrong With Your Life Insurance",14.91,"http://ecx.images-amazon.com/images/I/51MBG2AD35L.jpg",116,560.91,4.84
0025377604,"Books",3334357,"Birth of a Fan",733.5,"http://ecx.images-amazon.com/images/I/51GgmaZEI-L.jpg",320,1576.28,4.93
0025484206,"Books",5166756,"Real Food, Fake Food, and Everything in Between: The Only Consumer's Guide to Modern Food",522.94,"http://ecx.images-amazon.com/images/I/61pyL7879mL.jpg",432,1933.0,4.47
0025429655,"Books",270525,"1,000 Vegetarian Recipes",19.24,"http://ecx.images-amazon.com/images/I/81xDvEJ8GML.jpg",393,1221.64,3.11
0025550802,"Books",5393429,"Ambitions",78.1,"http://ecx.images-amazon.com/images/I/61CeKtkPmeL.jpg",106,414.06,3.91
002542730X,"Books",995957,"Politically Correct Bedtime Stories: Modern Tales for Our Life &amp; Times",2.99,"http://ecx.images-amazon.com/images/I/61XKDXG16XL.jpg",810,3366.33,4.16
0025485016,"Books",1102383,"From Behind the Red Line: An American Hockey Player in Russia",18.42,"http://ecx.images-amazon.com/images/I/512MnM2W5RL._SL500_.jpg",409,1865.2,4.56
0025519204,"Books",6079089,"Living boldly",118.75,"http://ecx.images-amazon.com/images/I/3178nmmFieL.jpg",107,414.31,3.87
0025454404,"Books",3037043,"The Nanny",612.02,"http://ecx.images-amazon.com/images/I/41AFurJ9YGL.jpg",136,629.44,4.63
0025483358,"Books",851931,"Guarding the Secrets: Palestinian Terrorism and a Father's Murder of His Too-American Daughter",647.72,"http://ecx.images-amazon.com/images/I/41GXD5SE2KL.jpg",127,524.78,4.13
002558250X,"Books",1102987,"The SECRET DIARIES OF HITLERS DOCTOR",14.36,"http://ecx.images-amazon.com/images/I/71WKhXKLocL.jpg",733,2453.61,3.35
0025518305,"Books",2407984,"The Great American Dream Machines: Classic Cars of the 50s and 60s",297.72,"http://ecx.images-amazon.com/images/I/51EHMeVp6vL.jpg",594,1936.63,3.26
0025595601,"Books",1266606,"Some of My Best Friends Are Crazy: Baseball's Favorite Lunatic Goes in Search of His Peers",7.58,"http://ecx.images-amazon.com/images/I/511ddcGFAxL.jpg",547,1769.77,3.24
0025384813,"Books",4179865,"Dear Scott/Dear Max (Hudson River Editions)",662.83,"http://ecx.images-amazon.com/images/I/51W8DXKQTXL.jpg",151,525.19,3.48
0025678302,"Books",3554796,"Beethoven: A Documentary Study",574.34,"http://ecx.images-amazon.com/images/I/41DXV7q91FL.jpg",656,2729.4,4.16
0025495259,"Books",2398228,"Dinner at the Authentic Cafe",160.32,"http://ecx.images-amazon.com/images/I/41JyK4omdYL.jpg",156,681.38,4.37
0025668706,"Books",1561809,"Sixty-One: The Team, the Record, the Men",8.75,"http://ecx.images-amazon.com/images/I/41WfQTyDxgL.jpg",386,1768.98,4.58
0025483307,"Books",979455,"Stranger in Two Worlds",7.24,"http://ecx.images-amazon.com/images/I/51DIY-A3vML.jpg",331,1319.8,3.99
0025653202,"Books",1474774,"The Gladiators",12.02,"http://ecx.images-amazon.com/images/I/41fl89o%2BhjL.jpg",707,3162.16,4.47
0025321501,"Books",1966143,"Recovering from the Loss of a Child",17.06,"http://ecx.images-amazon.com/images/I/51UFcxS4jLL.jpg",354,1696.63,4.79
0025650106,"Books",1325991,"Arrival and Departure",13.78,"http://ecx.images-amazon.com/images/I/51iIImyl09L.jpg",536,2486.74,4.64
0025740415,"Books",1074612,"The Evening Garden: Flowers And Fragrance From Dusk Till Dawn",20.46,"http://ecx.images-amazon.com/images/I/511HQNJ3GQL.jpg",178,881.09,4.95
0025582151,"Books",1879108,"No Medals for Trying: A Week in the Life of a Pro Football Team",667.67,"http://ecx.images-amazon.com/images/I/918QOqGrlXL.jpg",172,656.29,3.82
0025539507,"Books",2602122,"Yoko Ono",449.59,"http://ecx.images-amazon.com/images/I/41gntLWMVuL.jpg",474,1493.3,3.15
0025752006,"Books",2333094,"Clandestine Operations: The Arms and Techniques of the Resistance, 1941-1944",622.6,"http://ecx.images-amazon.com/images/I/51%2BS4kgxDAL.jpg",478,2343.08,4.9
0025623052,"Books",2283308,"Skyline: One Season, One Team, One City",427.42,"http://ecx.images-amazon.com/images/I/511UpK1yATL.jpg",263,1134.02,4.31
0025729853,"Books",3681517,"Mammoths",680.11,"http://ecx.images-amazon.com/images/I/61BV0YBAHhL.jpg",664,2687.23,4.05
0025836757,"Books",2149483,"Bones: The Unity of Form and Function",676.34,"http://ecx.images-amazon.com/images/I/51cUSUkifZL._SL500_.jpg",635,2954.57,4.65
0025755803,"Books",391788,"The American Mixed Border",16.93,"http://ecx.images-amazon.com/images/I/21P5MA8E5YL.jpg",211,719.58,3.41
0025758713,"Books",812076,"Spirituality of the Body: Bioenergetics for Grace and Harmony",11.12,"http://ecx.images-amazon.com/images/I/515ye4qsBSL.jpg",873,3527.65,4.04
0025579207,"Books",250614,"American Horticultural Society Encyclopedia of Garden Plants",41.02,"http://ecx.images-amazon.com/images/I/614SMANEMHL.jpg",666,2194.21,3.29
0025781154,"Books",1065778,"The MacMillan Visual Dictionary : English, Spanish, French, German (Multilingual)",17.88,"http://ecx.images-amazon.com/images/I/21FFMQW9PML.jpg",756,3714.69,4.91
0025671804,"Books",714085,"Short stories of Jack London: Authorized one-volume edition",5.36,"http://ecx.images-amazon.com/images/I/41ASPavjNNL.jpg",498,1650.02,3.31
0025831313,"Books",727663,"Great Battles of World War I",7.99,"http://ecx.images-amazon.com/images/I/91Tab1OAHLL.jpg",579,2615.11,4.52
0025676806,"Books",5153011,"Running Time",790.81,"http://ecx.images-amazon.com/images/I/31v3tAEcM-L._SL500_PIsitb-sticker-arrow-big,TopRight,35,-73_OU01_.jpg",653,2994.6,4.59
002578000X,"Books",3433639,"Silent People",4.23,"http://ecx.images-amazon.com/images/I/51Mj8fXB%2BnL._SL500_PIsitb-sticker-arrow-big,TopRight,35,-73_OU01_.jpg",684,2744.47,4.01
0025801910,"Books",889827,"Macmillan Illustrated Encyclopedia of Dinosaurs and Prehistoric Animals: A Visual Who's Who of Prehistoric Life",22.33,"http://ecx.images-amazon.com/images/I/41Dzp7rLACL.jpg",784,2900.82,3.7
0025831119,"Books",1104105,"Michael's Cookbook",459.34,"http://ecx.images-amazon.com/images/I/91BwDAspYsL.jpg",257,772.25,3.0
0025850504,"Books",646924,"Memoirs",606.01,"http://ecx.images-amazon.com/images/I/81pKHW4zynL.jpg",549,2296.27,4.18
0025807609,"Books",7774997,"Bird of Dawning",112.51,"http://ecx.images-amazon.com/images/I/51Nk8Uc0nkL.jpg",453,1724.84,3.81
0025668609,"Books",20475,"Great Sausage Recipes and Meat Curing",19.36,"http://ecx.images-amazon.com/images/I/81EkHgVuQSL.jpg",111,419.84,3.78
0025876007,"Books",2983584,"Green Dragon White Tiger",302.47,"http://ecx.images-amazon.com/images/I/51ScjfCBL1L.jpg",616,2413.86,3.92
0025831259,"Books",5867963,"Northeast Gardening: The Diverse Art and Special Considerations of Gardening in the Northeast",479.47,"http://ecx.images-amazon.com/images/I/415nMhmzH2L.jpg",971,3120.22,3.21
0025853503,"Books",2681957,"Gone With the Wind, The Margaret Mitchell Anniversary Edition",8.54,"http://ecx.images-amazon.com/images/I/51SXLBqwNZL.jpg",323,1243.31,3.85
0025174606,"Books",792019,"You Can Profit From A Monetary Crisis",9.95,"http://ecx.images-amazon.com/images/I/31X%2BhtJ2C%2BL.jpg",441,1932.36,4.38
002588591X,"Books",179825,"Millwrights and Mechanics Guide (Audel)",38.45,"http://ecx.images-amazon.com/images/I/71ANP5WKAAL.gif",232,1150.58,4.96
0025828207,"Books",537837,"Defying the Gods: Inside the New Frontier of Organ Transplant",95.08,"http://ecx.images-amazon.com/images/I/41VGABYB1JL.jpg",662,2626.04,3.97
0025656708,"Books",1302124,"Thieves in the Night: Chronicle of an Experiment (Danube Edition)",6.15,"http://ecx.images-amazon.com/images/I/912ar88HjnL.jpg",444,1908.64,4.3
0025908308,"Books",2590894,"Wind Star: The Building of a Sailship",489.47,"http://ecx.images-amazon.com/images/I/21MN8KDHs8L.jpg",695,2500.88,3.6
0025853554,"Books",2604552,"The 15-Minute Single Gourmet",10.0,"http://ecx.images-amazon.com/images/I/41mstGptEML.jpg",978,3737.08,3.82
002577350X,"Books",2007228,"Great Battles of World War II",7.99,"http://ecx.images-amazon.com/images/I/51Gcyd2uGaL.jpg",623,2039.88,3.27
0025631403,"Books",1100291,"The TRAP",10.76,"http://ecx.images-amazon.com/images/I/41TUpXRGqUL.jpg",955,4423.85,4.63
0025843753,"Books",1726292,"Cassell's Contemporary Italian: A Handbook of Grammar, Current Usage, and Word Power (Cassell Contemporary Language)",154.85,"http://ecx.images-amazon.com/images/I/61PbWbD5YcL.jpg",299,1021.88,3.42
0025959107,"Books",759597,"King Richard I: The Autobiography of America's Greatest Auto Racer",12.96,"http://ecx.images-amazon.com/images/I/91HnMR0zYhL.jpg",821,3786.0,4.61
0025947311,"Books",1543315,"Chasing the Glory",439.52,"http://ecx.images-amazon.com/images/I/31vFdr1Tz0L._SL500_.jpg",836,3646.98,4.36
0025943006,"Books",3470533,"Checkmate in Prague: The memoirs of a grandmaster",758.75,"http://ecx.images-amazon.com/images/I/61kr2w9LWJL.jpg",513,1728.81,3.37
0025845616,"Books",1778427,"Audel Practical Electricity",26.99,"http://ecx.images-amazon.com/images/I/51EEFV6432L.jpg",477,2158.63,4.53
0025947052,"Books",1881037,"The Noodle Shop Cookbook",16.66,"http://ecx.images-amazon.com/images/I/61PZ9TEXTYL.jpg",635,2620.59,4.13
0026045117,"Books",2098320,"Natural History of the Universe: From the Big Bang to the End of Time",659.11,"http://ecx.images-amazon.com/images/I/61roivvjg3L.jpg",181,651.24,3.6
0025882708,"Books",1153779,"Upon This Rock: The Life of St. Peter",589.53,"http://ecx.images-amazon.com/images/I/81c0P5eT1eL.jpg",400,1357.33,3.39
0025882104,"Books",711089,"The Banana Wars: A History of United States Military Intervention in Latin America from the Spanish-American War to the Invasion of Panama",26.96,"http://ecx.images-amazon.com/images/I/51kAQMK9iVL.jpg",377,1435.9,3.81
002606670X,"Books",3865130,"My Father and I",746.14,"http://ecx.images-amazon.com/images/I/61-awPIR69L.jpg",808,2493.18,3.09
0025951602,"Books",1561891,"Joe Petrosino",10.99,"http://ecx.images-amazon.com/images/I/61INbuVi7yL.jpg",237,1068.65,4.51
0025881515,"Books",741913,"Jim Murray: An Autobiography",24.75,"http://ecx.images-amazon.com/images/I/51TCERWWqJL.jpg",914,4178.12,4.57
0025780352,"Books",3420098,"Gardener's Home Companion/How to Raise and Propagate More Than 350 Flowers, Herbs, Vegetables, Berries, Shrubs, Vines, and Lawn and Ornamental Grasse",4.45,"http://ecx.images-amazon.com/images/I/6150IoGXh8L.jpg",238,954.15,4.01
0026045702,"Books",99631,"JOY OF COOKING",22.05,"http://ecx.images-amazon.com/images/I/51ng6SgXZuL.jpg",112,395.56,3.53
0025994611,"Books",309394,"Then and Now: The Wonders of the Ancient World Brought to Life in Vivid See-Through Reconstructions",9.77,"http://ecx.images-amazon.com/images/I/51CDTHS8Y0L.jpg",397,1913.78,4.82
0025874950,"Books",178769,"Willie's Game: An Autobiography",25.26,"http://ecx.images-amazon.com/images/I/31ft3Jl2lsL.jpg",357,1235.15,3.46
0025959158,"Books",1567646,"Cassell's Contemporary Spanish: A Handbook of Grammar, Current Usage, and Word Power",156.62,"http://ecx.images-amazon.com/images/I/41X53AY931L.jpg",241,1191.04,4.94
0025837311,"Books",1737210,"Two Spectacular Seasons: 1930 : The Year the Hitters Ran Wild 1968 : The Year the Pitchers Took Revenge",697.33,"http://ecx.images-amazon.com/images/I/31JJ3yjRLpL.jpg",835,3257.83,3.9
002603641X,"Books",1359612,"The Mustard Book",25.12,"http://ecx.images-amazon.com/images/I/41lj%2Be307VL.jpg",852,3073.24,3.61
0025849751,"Books",1348810,"Audel Small Electric Motors : Use, Selection, Repair, and Maintenance",35.08,"http://ecx.images-amazon.com/images/I/51FMCB7ZFPL.jpg",802,2546.54,3.18
0025994700,"Books",6608083,"The Wedding",775.56,"http://ecx.images-amazon.com/images/I/41FRuhwuT8L.jpg",707,3087.64,4.37
0026100401,"Books",4306044,"Remembrance of Games Past: On Tour With the Tennis Grand Masters",384.55,"http://ecx.images-amazon.com/images/I/61-aix0hRnL.jpg",319,1230.04,3.86
0026119706,"Books",1564436,"The Dark Summer:  An Intimate History of the Events that Led to World War II",775.93,"http://ecx.images-amazon.com/images/I/51ddHbFrE9L.jpg",500,2498.23,5.0
0025893300,"Books",1125945,"Haing Ngor: A Cambodian Odyssey",16.99,"http://ecx.images-amazon.com/images/I/61tkdpFp1NL.jpg",980,4753.48,4.85
0026070510,"Books",774318,"Portofino",18.0,"http://ecx.images-amazon.com/images/I/61IZ4-LJWnL._SL500_PIsitb-sticker-arrow-big,TopRight,35,-73_OU01_.jpg",267,1074.3,4.02
0026119307,"Books",4547975,"ESP and Hypnosis",12.56,"http://ecx.images-amazon.com/images/I/81jbb8FT3VL.jpg",340,1536.74,4.52
0025861905,"Books",523133,"The K Factor: Reversing and Preventing High Blood Pressure Without Drugs",13.79,"http://ecx.images-amazon.com/images/I/51CkJGW4FoL.jpg",125,561.07,4.49
0026009102,"Books",1066958,"The Fountainhead",6.74,"http://ecx.images-amazon.com/images/I/51CVGVNZSKL.jpg",818,3790.25,4.63
0026090805,"Books",1419762,"Andres Segovia: An Autobiography of the Years 1893-1920",25.91,"http://ecx.images-amazon.com/images/I/41GOgpGPTAL.jpg",249,783.77,3.15
0025879103,"Books",1949241,"White Coat, Clenched Fist: The Political Education of an American Physician",21.05,"http://ecx.images-amazon.com/images/I/5151oyxF3rL.jpg",882,3428.51,3.89
0025474502,"Books",2581079,"The South",221.93,"http://ecx.images-amazon.com/images/I/717TWVC1M9L.gif",801,2861.24,3.57
0026124157,"Books",1054837,"July 2, 1903: The Mysterious Death of Hall-Of-Famer Big Ed Delahanty",11.25,"http://ecx.images-amazon.com/images/I/51fnU09o4FL.jpg",220,930.35,4.23
0026057808,"Books",4403406,"MIRACLE AT BELLEVUE",710.05,"http://ecx.images-amazon.com/images/I/71oWyNh9HEL.jpg",372,1278.73,3.44
0026051400,"Books",1144281,"Pilgrimage",20.5,"http://ecx.images-amazon.com/images/I/51TPvjIZ47L.jpg",431,1736.22,4.03
0025611690,"Books",768558,"The Honourable Company: A History of the English East India Company",10.67,"http://ecx.images-amazon.com/images/I/51psPAcN7bL.jpg",272,1347.8,4.96
0026019302,"Books",5356537,"The Baseball Encyclopedia: The Complete and Official Record of Major League Baseball",19.36,"http://ecx.images-amazon.com/images/I/911E31czH-L.jpg",176,705.94,4.01
0026035316,"Books",2483505,"God in the Pits: Confessions of a Commodities Trader",472.1,"http://ecx.images-amazon.com/images/I/91LQUHCkHRL.jpg",644,2218.45,3.44
0025949802,"Books",910318,"Dictionary of Slang and Unconventional English: Colloquialisms, and Catch-Phrases, Solecisms and Catachresis, Nicknames, and Vulgarisms",24.5,"http://ecx.images-amazon.com/images/I/714Y50BFD2L.gif",675,2842.85,4.21
0026025000,"Books",911645,"Slick: The Silver-And-Black Life of Al Davis",9.98,"http://ecx.images-amazon.com/images/I/517bP3moAsL.jpg",472,2147.82,4.55
0026168707,"Books",992062,"Mirror of the Heart",10.79,"http://ecx.images-amazon.com/images/I/61qWJuhEPAL.jpg",168,608.38,3.62
0026125706,"Books",1486792,"LA Vera Cucina Italiana: The Fundamentals of Classic Italian Cooking",33.8,"http://ecx.images-amazon.com/images/I/612NG05ZWPL.jpg",393,1472.58,3.75
0026113309,"Books",1073093,"Artful Partners",14.0,"http://ecx.images-amazon.com/images/I/71vAdDnrphL.jpg",781,2346.19,3.0
0026132117,"Books",514494,"Get Rich Slowly: Building Your Financial Future Through Common Sense",18.91,"http://ecx.images-amazon.com/images/I/2172R33AAXL.jpg",994,4070.41,4.09
0025839802,"Books",2871058,"A Falling Star: True Story of Romance",783.88,"http://ecx.images-amazon.com/images/I/513R2%2BZAMoL._SL500_.jpg",366,1533.74,4.19
0026100606,"Books",1630214,"The Unman / Kovrigin's Chronicles",260.81,"http://ecx.images-amazon.com/images/I/811RpqvFNJL.jpg",134,554.76,4.14
0026122901,"Books",1926627,"Yuri Andropov: A Secret Passage into the Kremlin",89.85,"http://ecx.images-amazon.com/images/I/71rRLCgkE%2BL.jpg",794,3151.18,3.97
0026151901,"Books",1383571,"The Ugly Swans",11.72,"http://ecx.images-amazon.com/images/I/51AN-%2BJcpSL._SL500_.jpg",695,2363.38,3.4
0026151804,"Books",4183272,"Definitely Maybe: A Manuscript Discovered under Unusual Circumstances (Macmillan's Best of Soviet Science Fiction)",751.14,"http://ecx.images-amazon.com/images/I/81NuLatvdlL.jpg",225,817.16,3.63
0026128101,"Books",435588,"Spandau; The Secret Diaries",31.46,"http://ecx.images-amazon.com/images/I/414OYlZuRlL.jpg",446,1788.24,4.01
0026151200,"Books",2433375,"Beetle in the Anthill (Best of Soviet Science Fiction)",13.4,"http://ecx.images-amazon.com/images/I/51bbih-bRpL.jpg",635,2525.69,3.98
0026192004,"Books",3024459,"Aelita (Macmillan's Best of Soviet Science Fiction)",49.89,"http://ecx.images-amazon.com/images/I/61mWQZbFIUL.jpg",708,2855.84,4.03
0026154900,"Books",218547,"Inside the Aquarium: The Making of a Top Soviet Spy",16.37,"http://ecx.images-amazon.com/images/I/91NaDXx0nEL.jpg",118,523.03,4.43
0026308517,"Books",2667671,"Pond Scum and Vultures: America's Sportswriters Talk About Their Glamorous Profession",693.0,"http://ecx.images-amazon.com/images/I/61BO7v2W4mL.jpg",203,667.96,3.29
0026071312,"Books",2699602,"Cooking for All Seasons",539.59,"http://ecx.images-amazon.com/images/I/91Sd%2Bw9NT6L.jpg",275,1126.75,4.1
0026217503,"Books",2759988,"The Enlightened Cuisine: A Master Chef's Step-By-Step Guide to Contemporary French Cooking",136.93,"http://ecx.images-amazon.com/images/I/31NoeUiHJCL.jpg",670,2743.25,4.09
0026217457,"Books",897516,"Vegetarian Times Complete Cookbook",12.0,"http://ecx.images-amazon.com/images/I/519%2BuQi%2B6oL.jpg",648,2203.02,3.4
0026299550,"Books",1195265,"Chateau Cuisine",20.5,"http://ecx.images-amazon.com/images/I/51vOP0mKTtL.jpg",664,2092.01,3.15
0026155109,"Books",237244,"Inside Soviet Military Intelligence",17.5,"http://ecx.images-amazon.com/images/I/51C28EcAS1L.jpg",360,1094.7,3.04
002615000X,"Books",450490,"Expert Obedience Training for Dogs",20.89,"http://ecx.images-amazon.com/images/I/51B258KPZ4L.jpg",857,2928.51,3.42
0026301202,"Books",628283,"Supercarrier: An Inside Account of Life Aboard the World's Most Powerful Ship, the USS John F. Kennedy",242.63,"http://ecx.images-amazon.com/images/I/91i2du79OvL.jpg",135,488.09,3.62
0026320703,"Books",918868,"Wyman's Gardening Encyclopedia",40.45,"http://ecx.images-amazon.com/images/I/71TM1YP1FKL.gif",822,2858.75,3.48
0026166208,"Books",2778375,"Instrument Flying",40.42,"http://ecx.images-amazon.com/images/I/51R%2Bv6yD1fL.jpg",988,3729.74,3.78
0026282003,"Books",927052,"Lemmon: A biography",14.36,"http://ecx.images-amazon.com/images/I/51vfvQWGMZL.jpg",473,1451.9,3.07
0026186004,"Books",4647167,"Enticements: How to look fabulous in lingerie",173.01,"http://ecx.images-amazon.com/images/I/51MgZGfAN4L._SL500_.jpg",285,1302.39,4.57
0026257904,"Books",1750041,"On Eagles' Wings: The Personal Story of the Leading Commander of the Israeli Air Force",720.95,"http://ecx.images-amazon.com/images/I/51waWXKBWSL.jpg",841,2613.82,3.11
0026154609,"Books",809751,"Goddess: The Secret Lives of Marilyn Monroe",9.99,"http://ecx.images-amazon.com/images/I/61pmtYihObL.jpg",155,633.12,4.08
0026301628,"Books",7572363,"The Schoolyard Game: An Anthology of Basketball Writings",631.24,,740,2443.95,3.3
0026325802,"Books",6058573,"The ten principal Upanishads",286.6,"http://ecx.images-amazon.com/images/I/516zuotv88L._SL500_.jpg",238,912.69,3.83
0026327031,"Books",3526227,"The Collected Works of W.B. Yeats Vol. XII: John Sherman and Dhoya",8.01,"http://ecx.images-amazon.com/images/I/51zOGhCYOoL.jpg",699,2438.34,3.49
0026309106,"Books",1876115,"Imagine: John Lennon",11.81,"http://ecx.images-amazon.com/images/I/413iSALRWKL.jpg",577,2721.7,4.72
0026327023,"Books",1675551,"The Collected Works of W.B. Yeats Vol. V: Later Essays",19.99,"http://ecx.images-amazon.com/images/I/61H%2BCky8zYL.jpg",495,1801.56,3.64
0026290618,"Books",873927,"Card Sharks: How Upper Deck Turned a Child's Hobby into a High-Stakes, Billion-Dollar Business",10.46,"http://ecx.images-amazon.com/images/I/512a5ANRw%2BL.jpg",734,3496.45,4.76
0026215802,"Books",7691773,"The golden Pharaoh",612.0,"http://ecx.images-amazon.com/images/I/61R2GPMeYoL.jpg",820,3451.53,4.21
0026329859,"Books",243004,"From the Earth: Chinese Vegetarian Cooking",13.32,"http://ecx.images-amazon.com/images/I/21P6MXSS84L.jpg",186,708.41,3.81
0026049317,"Books",7086783,"The Capricious Cosmos: Universe Beyond Law",353.23,"http://ecx.images-amazon.com/images/I/51qpvvKTmyL.jpg",677,2853.88,4.22
0026301253,"Books",170410,"Justin Wilson's Homegrown Louisiana Cookin'",19.76,"http://ecx.images-amazon.com/images/I/51P7VYtaKIL.jpg",476,1600.39,3.36
0026415461,"Books",54987,"&iexcl;Buen viaje!: Level 2, Writing Activities Workbook",27.2,"http://ecx.images-amazon.com/images/I/51BT6H6BXHL.jpg",566,1739.19,3.07
0026316005,"Books",1362049,"The Secret of Crete",128.03,"http://ecx.images-amazon.com/images/I/41%2BdXZqWskL.jpg",839,3152.65,3.76
0026408678,"Books",4179465,"Invitation to Languages: Activities Workbook &amp; Student Tape Manual",13.52,"http://ecx.images-amazon.com/images/I/21S3MAMPRNL.jpg",212,792.75,3.74
0026412624,"Books",1360342,"Buen Viaje!: Writing Activities Workbook, Level 1, Part A",13.52,"http://ecx.images-amazon.com/images/I/31ft3miqiNL.jpg",859,3786.54,4.41
0026128004,"Books",588167,"Infiltration",13.08,"http://ecx.images-amazon.com/images/I/6127B85E2vL.jpg",936,3668.86,3.92
0026441918,"Books",395349,"Marketing Essentials, Third Edition",100.72,"http://ecx.images-amazon.com/images/I/51YNMZD2Z7L.jpg",858,3958.28,4.61
0026409135,"Books",393717,"Latin for Americans",93.21,"http://ecx.images-amazon.com/images/I/51JLqPp0FBL.jpg",168,556.7,3.31
0026336405,"Books",1083934,"Vengeance Is Mine",26.96,"http://ecx.images-amazon.com/images/I/51gs2fReXVL.jpg",915,4114.75,4.5
0026370670,"Books",561354,"Architecture: Drafting and Design, Seventh Edition",6.01,"http://ecx.images-amazon.com/images/I/51-d6E56tQL.jpg",385,1683.72,4.37
002646120X,"Books",293261,"Glencoe Spanish: A bordo Level 2 Writing Activities Workbook and Student Tape Manual (Spanish Edition)",4.34,"http://ecx.images-amazon.com/images/I/51S4HB5WXPL.jpg",601,2188.12,3.64
002652600X,"Books",2314962,"Glencoe Health - A Guide to Wellness",5.27,"http://ecx.images-amazon.com/images/I/41RTNQY9Q2L.jpg",529,1932.84,3.65
002621590X,"Books",2661034,"The Mystery of the Oracles",164.38,"http://ecx.images-amazon.com/images/I/41OH2O3gWmL.jpg",839,3725.27,4.44
0026439883,"Books",4077949,"Glencoe Accounting: Advanced  Course, Working Papers",7.83,"http://ecx.images-amazon.com/images/I/51HX1MF2EZL.jpg",841,4196.56,4.99
0026315637,"Books",1434997,"Cassell's Contemporary French: A Handbook of Grammar, Current Usage, and Word Power",1.99,"http://ecx.images-amazon.com/images/I/41VSR8W42GL.jpg",763,2325.11,3.05
0026460009,"Books",705306,"Latin for Americans: First Book",7.98,"http://ecx.images-amazon.com/images/I/41V0YC5Q2PL.jpg",237,1070.75,4.52
0026354349,"Books",60179,"Glencoe Literature: The Reader's Choice,  Grade 12, British Literature",116.64,"http://ecx.images-amazon.com/images/I/515WKXWPTPL.jpg",347,1154.64,3.33
0026641186,"Books",262357,"The American Vision, Student Edition",118.0,"http://ecx.images-amazon.com/images/I/518HVY0Z3GL.jpg",539,1840.55,3.41
0026412616,"Books",195260,"&iexcl;Buen viaje!: Level 1, Writing Activities Workbook",18.32,"http://ecx.images-amazon.com/images/I/51r2e5gDiEL.jpg",401,1861.05,4.64
0026656809,"Books",253998,"Sheet Metal Pattern Drafting And Shop Problems",25.67,"http://ecx.images-amazon.com/images/I/51FBbkshZqL.jpg",618,1922.98,3.11
0026624087,"Books",76066,"Art In Focus Student Edition",104.12,"http://ecx.images-amazon.com/images/I/51QY1PRFEVL.jpg",449,1737.01,3.87
0026313901,"Books",2287725,"On a Slide of Light",675.21,"http://ecx.images-amazon.com/images/I/51R20El7wyL.jpg",793,3069.84,3.87
0026428784,"Books",1303233,"The Child Care Professional, Student Text",85.64,"http://ecx.images-amazon.com/images/I/21GPXATRQEL.jpg",412,1409.6,3.42
0026533839,"Books",644622,"Responsible Driving Student Edition, Softcover",21.46,"http://ecx.images-amazon.com/images/I/51bLkNG8thL.jpg",506,1591.03,3.14
0026679582,"Books",1670019,"Mechanical Drawing, Student Text",83.96,"http://ecx.images-amazon.com/images/I/216EoKitiAL.jpg",913,2907.72,3.18
002643976X,"Books",966816,"Glencoe Accounting: 1st Year Course, Adventure Travels",35.75,"http://ecx.images-amazon.com/images/I/512F36V06EL.jpg",169,606.57,3.59
0026302403,"Books",893727,"Priority Mail",419.56,"http://ecx.images-amazon.com/images/I/91m8XWctwgL.jpg",299,1475.56,4.93
0026624346,"Books",147631,"Glencoe ArtTalk",100.2,"http://ecx.images-amazon.com/images/I/41S895J9FEL.jpg",917,2871.17,3.13
0026684500,"Books",7127534,"The Work Book: Getting the Job You Want",11.9,"http://ecx.images-amazon.com/images/I/21mCmvjWlRL.jpg",770,3561.99,4.63
0026834278,"Books",662140,"Electricity and Electronics Technology, Student Text",67.64,"http://ecx.images-amazon.com/images/I/31PYBJWJ50L.jpg",922,3878.44,4.21
0026685892,"Books",2552839,"Applying AutoCAD (R) 2000: A Step by Step Approach",73.05,"http://ecx.images-amazon.com/images/I/51Z8W5TZSYL.jpg",411,1642.54,4.0
0026771233,"Books",3299185,"Architecture: Design, Engineering, Drawing",117.5,"http://ecx.images-amazon.com/images/I/61aBNWfxFeL.jpg",958,4603.36,4.81
0026623595,"Books",988390,"Understanding Art Student Edition",89.76,"http://ecx.images-amazon.com/images/I/216TRMEHHZL.jpg",824,2705.32,3.28
0026515628,"Books",314722,"Glencoe Health, A Guide to Wellness, Student Edition",113.08,"http://ecx.images-amazon.com/images/I/41ngXwQm1eL.jpg",313,1331.24,4.25
0026442221,"Books",1855607,"Glencoe Business Management: Real-World Applications And Connections [Student Text]",96.63,"http://ecx.images-amazon.com/images/I/21CVCXST52L.jpg",925,3249.4,3.51
0026641739,"Books",93602,"Glencoe World Geography",115.52,"http://ecx.images-amazon.com/images/I/5149VJEFMPL.jpg",942,3764.69,4.0
0027002527,"Books",2895762,"Changes",87.77,"http://ecx.images-amazon.com/images/I/31KW30GHHWL.jpg",630,2015.12,3.2
002705845X,"Books",1250306,"Crinkleroot's 25 Mammals Every Child Should Know",109.42,"http://ecx.images-amazon.com/images/I/51PZZSA6J0L.jpg",524,2552.44,4.87
002705859X,"Books",700210,"Crinkleroot's 25 Birds Every Child Should Know",16.19,"http://ecx.images-amazon.com/images/I/51P6JWXCKHL.jpg",252,924.63,3.67
0027004023,"Books",892814,"Taking Hold: My Journey Into Blindness",28.0,"http://ecx.images-amazon.com/images/I/51p2gRjqmRL.jpg",448,1740.93,3.89
0027058514,"Books",122183,"Crinkleroot's Guide to Animal Tracking, Revised Edition",470.98,"http://ecx.images-amazon.com/images/I/51N4128F4TL.jpg",236,1147.01,4.86
0027003914,"Books",9383554,"Sarah's Surprise",545.39,"http://ecx.images-amazon.com/images/I/71-bIFa9JhL.jpg",470,1726.89,3.67
0026887541,"Books",5684046,"Black Gold (Marguerite Henry Horseshoe Library)",5.12,"http://ecx.images-amazon.com/images/I/91LpD8hEpyL.jpg",345,1180.29,3.42
0026894165,"Books",4047146,"Gaudenzia, Pride of the Palio",5.69,"http://ecx.images-amazon.com/images/I/61ODPtg0CsL.jpg",955,3862.17,4.04
0026890224,"Books",1433086,"Aesop for Children",1.99,"http://ecx.images-amazon.com/images/I/21NuA6HxyEL.jpg",367,1443.03,3.93
0026766515,"Books",55368,"Tresors du temps (French Level 4)",99.56,"http://ecx.images-amazon.com/images/I/51N7ZTH3JWL.jpg",508,2464.11,4.85
0027097358,"Books",2236699,"On the Road of Stars: Native American Night Poems and Sleep Charms",700.17,"http://ecx.images-amazon.com/images/I/51M97SVS65L.jpg",253,987.45,3.9
0027085414,"Books",7104464,"Thanks Be to God: Prayers from Around the World",24.29,"http://ecx.images-amazon.com/images/I/51K8B62X2TL.jpg",245,1119.5,4.57
0027058573,"Books",828392,"Crinkleroot's Guide to Knowing the Birds",16.19,"http://ecx.images-amazon.com/images/I/5135WC11QBL.jpg",710,2457.48,3.46
0027076105,"Books",8967249,"The Blue Boy",4.78,"http://ecx.images-amazon.com/images/I/51%2BbueckSKL.jpg",964,4629.34,4.8
0027109917,"Books",3111317,"Are You There God? It's Me, Margaret.",5.58,"http://ecx.images-amazon.com/images/I/519K1JZMQHL.jpg",465,1821.78,3.92
0027058441,"Books",886384,"Crinkleroot's 25 Fish Every Child Should Know",149.6,"http://ecx.images-amazon.com/images/I/71TRJZS31HL.gif",918,4197.02,4.57
0027083314,"Books",1523302,"The Mousehole Cat",11.24,"http://ecx.images-amazon.com/images/I/41XtZldG2LL.jpg",217,737.94,3.4
0027173801,"Books",1594011,"The MOON CAME TOO",490.83,"http://ecx.images-amazon.com/images/I/31N9cXA4kaL.jpg",864,3427.6,3.97
0027143414,"Books",447466,"Kate on the Coast",339.2,"http://ecx.images-amazon.com/images/I/6137ZR36GNL.jpg",976,3814.41,3.91
0027083829,"Books",3821214,"The Monkey and the Panda",12.58,"http://ecx.images-amazon.com/images/I/31Y1LmQeUxL.jpg",649,2742.92,4.23
0027143503,"Books",2452242,"Your Best Friend, Kate",133.83,"http://ecx.images-amazon.com/images/I/610BTK36CML.jpg",235,929.47,3.96
0027000311,"Books",192857,"The Go-Around Dollar",13.35,"http://ecx.images-amazon.com/images/I/61Heoh6SExL.jpg",427,1529.52,3.58
0027136701,"Books",1101585,"Caddie Woodlawn",5.98,"http://ecx.images-amazon.com/images/I/51tKPI3g%2BPL.jpg",416,1342.3,3.23
0027173607,"Books",2033315,"Wild Wild Sunflower Child Anna",6.29,"http://ecx.images-amazon.com/images/I/61dqY%2B%2BGIcL.jpg",728,3433.42,4.72
0027182215,"Books",11272140,"Jason's Seven Magical Night Rides",496.07,"http://ecx.images-amazon.com/images/I/719kePpkRfL.jpg",658,2005.63,3.05
0027173518,"Books",1498499,"It's About Time, Jesse Bear: And Other Rhymes",7.19,"http://ecx.images-amazon.com/images/I/51XV9AZV2WL.jpg",319,1222.03,3.83
0027179753,"Books",3087512,"Pass the Fritters, Critters",10.57,"http://ecx.images-amazon.com/images/I/61JYQ2HK4BL.jpg",206,877.75,4.26
0027183157,"Books",1282265,"The STARSTONE (Tales of Gom in the Legends of Ulm)",481.79,"http://ecx.images-amazon.com/images/I/5123PRANjUL.jpg",867,3606.4,4.16
002708325X,"Books",3131302,"Felix's Hat",308.43,"http://ecx.images-amazon.com/images/I/51G3TE999DL.jpg",798,3668.43,4.6
0027183181,"Books",7192783,"FRIEND IN TIME",9.99,"http://ecx.images-amazon.com/images/I/51aJWLv6aZL.jpg",334,1537.51,4.6
0027172759,"Books",1356680,"How Does the Wind Walk?",512.16,"http://ecx.images-amazon.com/images/I/51QFX5gzUtL.jpg",148,524.45,3.54
0027088308,"Books",2414779,"FOUR FAT RATS",324.72,"http://ecx.images-amazon.com/images/I/416NkKiqIhL.jpg",728,2692.11,3.7
0027083268,"Books",2153316,"That's Philomena!",160.28,"http://ecx.images-amazon.com/images/I/31W6PSKEHTL.jpg",183,825.39,4.51
0027143457,"Books",2420807,"Kate Heads West",539.48,"http://ecx.images-amazon.com/images/I/61VD0EW8ARL.jpg",601,2789.15,4.64
0027190544,"Books",2348079,"TEN LITTLE ANIMALS",321.09,"http://ecx.images-amazon.com/images/I/51EGASJS7PL.jpg",644,3074.2,4.77
0027123227,"Books",1395559,"If You Were There in 1776",17.81,"http://ecx.images-amazon.com/images/I/518MfMRwEnL.jpg",292,889.23,3.05
0027242455,"Books",1619703,"Talking with Artists",23.4,"http://ecx.images-amazon.com/images/I/51xvRWhxXKL.jpg",573,1917.68,3.35
0027253716,"Books",6297034,"The Watchers",717.14,"http://ecx.images-amazon.com/images/I/416AKQTF0JL.jpg",494,2176.54,4.41
0027183122,"Books",521977,"The RIDDLE &amp; THE RUNE",25.95,"http://ecx.images-amazon.com/images/I/51ozht0a5FL.jpg",987,3209.13,3.25
002718465X,"Books",1712038,"Hats Off to John Stetson",476.0,"http://ecx.images-amazon.com/images/I/91oc5-TneNL.jpg",704,3171.94,4.51
0027184250,"Books",1618126,"A Dusk of Demons",6.64,"http://ecx.images-amazon.com/images/I/51D4S1KF5CL.jpg",992,3841.85,3.87
0027247600,"Books",1768928,"Palm Trees",484.37,"http://ecx.images-amazon.com/images/I/61EJPHPYGVL.jpg",254,1104.27,4.35
0027284670,"Books",1269518,"Those Amazing Ants",15.29,"http://ecx.images-amazon.com/images/I/51cOjIep0PL.jpg",723,3398.89,4.7
002728686X,"Books",5187438,"Riding with Aunt Lucy",754.66,"http://ecx.images-amazon.com/images/I/91gOgKl9LfL.jpg",980,3099.05,3.16
0027002519,"Books",1356230,"Mucky Moose",260.13,"http://ecx.images-amazon.com/images/I/31Vn-U7m-zL.jpg",904,3262.72,3.61
002718305X,"Books",2711704,"Chernobyl: The Ongoing Story of the World's Deadliest Nuclear Disaster",10.95,"http://ecx.images-amazon.com/images/I/510Y4JNKCHL.jpg",339,1193.13,3.52
0027172805,"Books",982074,"Better Not Get Wet, Jesse Bear",9.95,"http://ecx.images-amazon.com/images/I/61X1FAVPR4L.jpg",510,2165.2,4.25
002729210X,"Books",301445,"Cranberry Birthday",17.06,"http://ecx.images-amazon.com/images/I/51649T11P0L.jpg",263,1216.8,4.63
0027182223,"Books",3891293,"The CHIMES OF ALYAFALEYN",9.99,"http://ecx.images-amazon.com/images/I/41PP9rNSZML.jpg",561,2548.21,4.54
0027263347,"Books",10276351,"The World Wildlife Fund (Organizations That Help the World)",182.7,"http://ecx.images-amazon.com/images/I/71LWlCyrS%2BL.jpg",698,3425.28,4.91
0027116905,"Books",560634,"Freckle Juice",4.27,"http://ecx.images-amazon.com/images/I/51ZVOYFKITL.jpg",304,1312.79,4.32
0027264556,"Books",485634,"When Grampa Kissed His Elbow",372.7,"http://ecx.images-amazon.com/images/I/51FQADHGZAL.jpg",972,3394.58,3.49
0027180905,"Books",12615434,"Arm in Arm",8.09,"http://ecx.images-amazon.com/images/I/61IXoByvjiL.jpg",747,2713.39,3.63
0027006409,"Books",4010665,"Dear Bronx Zoo",39.13,"http://ecx.images-amazon.com/images/I/61NtCQe-2-L.jpg",188,810.87,4.31
0027004104,"Books",156933,"GO TELL AUNT RHODY",6.3,"http://ecx.images-amazon.com/images/I/61MWK640G2L.jpg",366,1289.32,3.52
0027334627,"Books",6526115,"Eleanor, Arthur, and Claire",290.43,"http://ecx.images-amazon.com/images/I/715NSy5yUQL.jpg",510,1561.75,3.06
0027109402,"Books",2933367,"La Ballena",585.7,"http://ecx.images-amazon.com/images/I/71RFB4B54FL.gif",173,864.77,5.0
0027255506,"Books",1453768,"Absolute Zero: Being the Second Part of the Bagthorpe Saga",212.13,"http://ecx.images-amazon.com/images/I/21wB7UcBTCL.jpg",320,1416.49,4.43
0026406012,"Books",3947208,"Marketing Essentials, Student Edition",97.05,"http://ecx.images-amazon.com/images/I/21R6QGHPG0L.jpg",798,2943.62,3.69
0027190412,"Books",2513793,"Almond Orchard",387.07,"http://ecx.images-amazon.com/images/I/6161ehw9UyL.jpg",108,457.66,4.24
0027299376,"Books",3501475,"The Trouble With Henriette",615.89,"http://ecx.images-amazon.com/images/I/6155EFHVS4L.jpg",197,805.1,4.09
0027058557,"Books",65329,"Crinkleroot's Guide to Knowing the Trees",13.35,"http://ecx.images-amazon.com/images/I/51ESDN7D5WL.jpg",936,3979.9,4.25
0027003930,"Books",2566199,"Mom's Best Friend",114.3,"http://ecx.images-amazon.com/images/I/51SGWQ8QDSL.jpg",771,3604.43,4.68
0027284662,"Books",2188601,"Cradles in the Trees: The Story of Bird Nests",179.82,"http://ecx.images-amazon.com/images/I/51QPCRYR0JL.jpg",590,2367.54,4.01
0027110400,"Books",12271264,"Iggie's House",5.12,"http://ecx.images-amazon.com/images/I/51J35N8GTXL.jpg",588,2706.89,4.6
0027171108,"Books",2844216,"CANNIBALS OF SUNSET DRIVE, THE",164.93,"http://ecx.images-amazon.com/images/I/51TTAV6T46L.jpg",597,2942.74,4.93
0027353656,"Books",4071453,"Kinderdike",726.47,"http://ecx.images-amazon.com/images/I/51XFV7K83ZL.jpg",741,3232.63,4.36
0027286819,"Books",4324103,"Night Owls",271.99,"http://ecx.images-amazon.com/images/I/71NOHRasd6L.jpg",700,2413.6,3.45
0027255816,"Books",1186050,"If You're Not Here, Please Raise Your Hand: Poems About School",5.12,"http://ecx.images-amazon.com/images/I/413ETKVY9HL.jpg",411,1852.59,4.51
0027286878,"Books",5413174,"Woollybear Good-Bye",557.49,"http://ecx.images-amazon.com/images/I/61P4KN5KH2L.jpg",960,4304.89,4.48
0027331954,"Books",3926420,"Lollopy",95.59,"http://ecx.images-amazon.com/images/I/61-Dt0-vdhL._SL500_.jpg",877,3619.54,4.13
0027190420,"Books",2199009,"Alphabet Garden",360.13,"http://ecx.images-amazon.com/images/I/51KVQZ5XABL.jpg",794,2441.41,3.07
0027172856,"Books",1821030,"No Nap for Benjamin Badger",435.0,"http://ecx.images-amazon.com/images/I/61pX33AnbbL.jpg",994,3944.73,3.97
0027291812,"Books",429439,"Cranberry Summer",15.88,"http://ecx.images-amazon.com/images/I/51TNA2BXVEL.jpg",100,473.76,4.74
0027354105,"Books",6085779,"The Forbidden Beast",5.18,"http://ecx.images-amazon.com/images/I/61qW7UNlM%2BL.jpg",598,2231.5,3.73
0027363511,"Books",2615388,"Aarons Shirt",319.22,"http://ecx.images-amazon.com/images/I/61sASwNqcVL.jpg",142,520.48,3.67
0027353753,"Books",3541973,"Marie Curie",495.43,"http://ecx.images-amazon.com/images/I/51E8DFKXJ7L.jpg",399,1620.34,4.06
0027356752,"Books",1956067,"Odds `N' Ends Alvy",328.38,"http://ecx.images-amazon.com/images/I/61XKQQTG3JL.jpg",380,1469.33,3.87
0027331555,"Books",1315680,"Annie Flies The Birthday Bike",598.58,"http://ecx.images-amazon.com/images/I/51KZNSYS8GL.jpg",512,2064.73,4.03
002717350X,"Books",106399,"Jesse Bear, What Will You Wear?",14.49,"http://ecx.images-amazon.com/images/I/5116J9KSTQL.jpg",470,1615.78,3.44
0027358127,"Books",2309498,"Henry Moore: From Bones and Stones to Sketches and Sculptures",95.08,"http://ecx.images-amazon.com/images/I/61Q9S72EGYL.jpg",543,2168.63,3.99
0027253708,"Books",3145356,"Moondial",286.32,"http://ecx.images-amazon.com/images/I/41JTpO3Oj4L._SL500_.jpg",935,4218.04,4.51
0027328619,"Books",1687822,"Deep Down Underground",6.29,"http://ecx.images-amazon.com/images/I/A1la8ho69CL.jpg",854,3236.05,3.79
0027332055,"Books",2919602,"Eppie M. Says",6.29,"http://ecx.images-amazon.com/images/I/51-NJDsZPKL.jpg",460,1564.1,3.4
002733564X,"Books",1545875,"Walter's Tail",180.63,"http://ecx.images-amazon.com/images/I/51DBWDJMWAL.jpg",841,3754.21,4.46
0027254208,"Books",1899900,"Bagthorpes V. the World: Being the Fourth Part of the Bagthorpe Saga",139.81,"http://ecx.images-amazon.com/images/I/51p3OFJFb%2BL.jpg",329,1013.84,3.08
0027334643,"Books",5716896,"The Shelf-Paper Jungle",403.84,"http://ecx.images-amazon.com/images/I/51yHbKcxlLL.jpg",492,1920.87,3.9
0027292002,"Books",1109080,"Cranberry Valentine",17.06,"http://ecx.images-amazon.com/images/I/51vIcDy5HPL.jpg",887,3933.31,4.43
0027363554,"Books",6906990,"Camping in the Temple of the Sun",662.62,,630,2947.71,4.68
0027381501,"Books",2268955,"Teddy Bears Stay Indoors",117.76,"http://ecx.images-amazon.com/images/I/61VNRVA8BPL.jpg",643,3059.7,4.76
0027358259,"Books",2918393,"Slobcat",442.6,"http://ecx.images-amazon.com/images/I/91-EREFVWeL.jpg",112,520.52,4.65
0027156508,"Books",2489202,"The Seven Sleepers: The Story of Hibernation",276.91,"http://ecx.images-amazon.com/images/I/61SgKbhYMRL.jpg",251,1055.76,4.21
0027434109,"Books",5348525,"My First Puppy",134.65,"http://ecx.images-amazon.com/images/I/41-%2Bk9Nuj8L._SL500_.jpg",568,2276.34,4.01
0027179508,"Books",2721560,"December 24th",235.22,"http://ecx.images-amazon.com/images/I/61bmM24Nm5L.jpg",534,2292.91,4.29
0027085422,"Books",1893497,"Let There Be Light",160.09,"http://ecx.images-amazon.com/images/I/41aBdPkdBrL.jpg",189,859.06,4.55
0027331229,"Books",2572061,"Winter Holding Spring",112.14,"http://ecx.images-amazon.com/images/I/51MQRX95SCL.jpg",728,2464.35,3.39
0027419819,"Books",13282985,"Moving from One to Ten",603.58,"http://ecx.images-amazon.com/images/I/61sh4vzDkeL.jpg",375,1629.57,4.35
0027359956,"Books",4105298,"New Big Sister",266.58,"http://ecx.images-amazon.com/images/I/61hHEIlgX3L.jpg",798,3040.36,3.81
0027335631,"Books",1309371,"Miss Penny &amp; Mister Grubbs",55.95,"http://ecx.images-amazon.com/images/I/31P2XuzhA5L._SL500_.jpg",669,2970.87,4.44
0027369161,"Books",3005103,"The Acorn's Story",439.43,"http://ecx.images-amazon.com/images/I/51FAFVDECJL.jpg",321,1382.77,4.31
0027435474,"Books",2240801,"Dinosaur Tree",590.41,"http://ecx.images-amazon.com/images/I/5132E8PYH0L.jpg",424,1813.81,4.28
0027348407,"Books",1120379,"Hitty: Her First Hundred Years",14.99,"http://ecx.images-amazon.com/images/I/61GHE0oEx6L.jpg",504,1965.73,3.9
002742040X,"Books",6310264,"Jump for Joy",651.47,"http://ecx.images-amazon.com/images/I/516ZCRN4GWL.jpg",223,1114.13,5.0
0027448401,"Books",2778178,"All New Jonah Twist",531.28,"http://ecx.images-amazon.com/images/I/91uLNyq4lDL.jpg",627,3034.49,4.84
0027255123,"Books",2052104,"Carousel",7.16,"http://ecx.images-amazon.com/images/I/61TEQ5W0B4L.jpg",840,3634.55,4.33
002743785X,"Books",3631814,"The Case of the Weeping Witch: A McGurk Fantasy",577.37,"http://ecx.images-amazon.com/images/I/514XB8CA2ML.jpg",429,1624.1,3.79
0027448002,"Books",931290,"Count and See",14.41,"http://ecx.images-amazon.com/images/I/81shd2221kL.jpg",107,371.17,3.47
0027378306,"Books",1791648,"Death of the Iron Horse",7.19,"http://ecx.images-amazon.com/images/I/31yw3H9umCL._SL500_PIsitb-sticker-arrow-big,TopRight,35,-73_OU01_.jpg",905,4091.42,4.52
0027443558,"Books",379183,"Snowbear Whittington: An Appalachian Beauty and the Beast",83.34,"http://ecx.images-amazon.com/images/I/51V9SWHCYWL.jpg",610,2653.16,4.35
0027379108,"Books",379225,"The Big Snow",6.83,"http://ecx.images-amazon.com/images/I/518H8J2AQ8L.jpg",522,1610.1,3.08
0027352382,"Books",2003717,"Gutenberg",13.35,"http://ecx.images-amazon.com/images/I/71RDPDXCXQL.gif",146,537.59,3.68
0027426556,"Books",4521671,"Solay",660.91,"http://ecx.images-amazon.com/images/I/61JxHkvy7OL.jpg",506,1955.79,3.87
002743821X,"Books",3203064,"Case of the Absent Author, The",341.85,"http://ecx.images-amazon.com/images/I/51CETE6H09L.jpg",339,1654.84,4.88
0027353958,"Books",533516,"I Am Wings: Poems About Love",6.8,"http://ecx.images-amazon.com/images/I/41KNNS4QR1L.jpg",267,928.66,3.48
0027334406,"Books",5995943,"The MACMILLAN BOOK OF THE HUMAN BODY",509.24,"http://ecx.images-amazon.com/images/I/71rYiKVGuRL.jpg",429,2094.27,4.88
0027434516,"Books",11255062,"Catch the Sea",194.86,"http://ecx.images-amazon.com/images/I/41M9-fVQvhL.jpg",872,3510.96,4.03
0027508714,"Books",7041836,"Bed Bouncers",730.77,"http://ecx.images-amazon.com/images/I/71S07MKJCSL.gif",934,4593.89,4.92
0027436225,"Books",275574,"Misty of Chincoteague",5.2,"http://ecx.images-amazon.com/images/I/51JHzy0w7yL.jpg",516,1628.83,3.16
0027439658,"Books",2774055,"Case of the Purloined Parrot: A McGurk Mystery",752.87,"http://ecx.images-amazon.com/images/I/51JpQ0uePsL.jpg",338,1616.52,4.78
0027508439,"Books",2249215,"Muddigush",301.0,"http://ecx.images-amazon.com/images/I/61vl9aXOvbL.jpg",241,853.93,3.54
0027375005,"Books",10986964,"Little Plane",404.74,"http://ecx.images-amazon.com/images/I/61jSjZjCnyL.jpg",333,1381.85,4.15
0027444325,"Books",910526,"The Mighty Santa Fe",725.76,"http://ecx.images-amazon.com/images/I/3188Z40FT5L.jpg",637,1948.07,3.06
0027375862,"Books",156367,"Raggedy Andy Stories: Introducing the Little Rag Brother of Raggedy Ann",0.99,"http://ecx.images-amazon.com/images/I/51mtt6SVWSL.jpg",674,3048.22,4.52
0027439313,"Books",3366531,"The Case of the Dragon in Distress: A McGurk Fantasy",191.14,"http://ecx.images-amazon.com/images/I/71BUWmNj-SL.jpg",677,2830.81,4.18
0027476405,"Books",2845483,"The BAT POET",7.19,"http://ecx.images-amazon.com/images/I/41jXNSzhLnL.jpg",655,2127.39,3.25
0027375854,"Books",68236,"Raggedy Ann Stories",0.0,"http://ecx.images-amazon.com/images/I/517Zqo1BDzL.jpg",327,1230.76,3.76
0027497100,"Books",1542003,"Maggie and the Pirate",0.95,"http://ecx.images-amazon.com/images/I/31Z3K7S24FL.jpg",160,573.11,3.58
0027335658,"Books",1951459,"Ginger Jumps",610.19,"http://ecx.images-amazon.com/images/I/61IxrSP6hJL.jpg",516,1597.02,3.09
0027359948,"Books",6542015,"Tanya's Big Green Dream",356.17,"http://ecx.images-amazon.com/images/I/51VA117VV1L.jpg",784,3258.33,4.16
0027101126,"Books",2521906,"Tale of Tulips, Tale of Onions",720.85,"http://ecx.images-amazon.com/images/I/513siGvTnoL.jpg",674,2623.86,3.89
0027517004,"Books",1511021,"Sea Swan",139.67,"http://ecx.images-amazon.com/images/I/91zUkUWKp3L.jpg",846,3260.67,3.85
0027457702,"Books",744443,"Illuminations",14.82,"http://ecx.images-amazon.com/images/I/51E47019RVL.jpg",178,541.6,3.04
0027496309,"Books",13338461,"Kitten for a Day",15.48,"http://ecx.images-amazon.com/images/I/61PMKyZYiHL.jpg",800,3926.82,4.91
0027651800,"Books",492102,"Whinnie The Lovesick Dragon",198.39,"http://ecx.images-amazon.com/images/I/71%2BgypC2Q1L.jpg",124,469.96,3.79
0027443507,"Books",1887507,"The Legend of the White Doe",674.08,"http://ecx.images-amazon.com/images/I/5165WVEPZNL.jpg",817,3739.71,4.58
0027436284,"Books",1327856,"White Stallion of Lipizza",6.64,"http://ecx.images-amazon.com/images/I/51EBG3JW98L.jpg",429,1763.68,4.11
0027545105,"Books",3587268,"Dinosaurs Walked Here and Other Stories Fossils Tell",726.46,"http://ecx.images-amazon.com/images/I/31DWB585ARL.jpg",171,625.29,3.66
0027623149,"Books",4789019,"Outside and Inside Spiders",487.22,"http://ecx.images-amazon.com/images/I/61HDBBNK42L.jpg",717,2706.02,3.77
0027615200,"Books",1230693,"Alphabatics",17.99,"http://ecx.images-amazon.com/images/I/71w063xZ3jL.jpg",879,2871.23,3.27
0027377253,"Books",315273,"I Sing for the Animals",7.19,"http://ecx.images-amazon.com/images/I/51BFA4Q376L.jpg",572,1811.5,3.17
0027478467,"Books",2238680,"What Kind of Baby-Sitter Is This?",53.86,"http://ecx.images-amazon.com/images/I/61AP6FBKV1L.jpg",809,3693.46,4.57
0027448452,"Books",6378525,"Juliet Fisher and the Foolproof Plan",94.28,"http://ecx.images-amazon.com/images/I/51T71Q7AGZL.jpg",839,3422.72,4.08
0027657051,"Books",3821250,"Django",255.79,"http://ecx.images-amazon.com/images/I/51Y5P5FBW0L.jpg",984,3543.34,3.6
002761560X,"Books",142660,"Macmillan Dictionary for Students",14.39,"http://ecx.images-amazon.com/images/I/51E4I2iX5eL.jpg",608,1912.3,3.15
0027624455,"Books",2411247,"Three Brave Women",672.26,"http://ecx.images-amazon.com/images/I/51BrIOau0tL.jpg",367,1134.21,3.09
0027509451,"Books",3656589,"The BIG FISH",350.0,"http://ecx.images-amazon.com/images/I/51Y14jMR5aL.jpg",620,3066.15,4.95
0027624250,"Books",2266663,"Macmillan Animal Encyclopedia for Children",13.39,"http://ecx.images-amazon.com/images/I/51ZST3V29NL.jpg",485,1930.81,3.98
0027426416,"Books",932125,"The Amazing Impossible Erie Canal",15.08,"http://ecx.images-amazon.com/images/I/71nW45j1rUL.jpg",566,2762.72,4.88
0027190501,"Books",905934,"Marcella and the Moon",55.24,"http://ecx.images-amazon.com/images/I/41X7rmbsKCL._SL500_.jpg",244,893.31,3.66
002765415X,"Books",2010008,"Pigs Will Be Pigs: Fun with Math and Money",14.36,"http://ecx.images-amazon.com/images/I/51MEoMhgwnL.jpg",207,885.03,4.28
0027677532,"Books",4007278,"Saturday with Little Rabbit",765.06,"http://ecx.images-amazon.com/images/I/41CU4ug-Z%2BL.jpg",175,749.49,4.28
0027477053,"Books",4224817,"Louisa May",288.88,"http://ecx.images-amazon.com/images/I/51V5652PEWL.jpg",982,4714.78,4.8
0027654605,"Books",555308,"Secret Spaces, Imaginary Places: Creating Your Own Worlds for Play",198.09,"http://ecx.images-amazon.com/images/I/719KegKMRUL.jpg",435,1368.85,3.15
0027682404,"Books",2425216,"The Castle Builder: Story and Pictures",360.25,"http://ecx.images-amazon.com/images/I/91JIeNo7yKL.jpg",186,819.49,4.41
0027701700,"Books",2661695,"Winter Barn",25.32,"http://ecx.images-amazon.com/images/I/51HrU9n3itL._SL500_.jpg",602,2866.4,4.76
0027659054,"Books",551906,"The Children of the Morning Light: Wampanoag Tales as Told By Manitonquat",5.68,"http://ecx.images-amazon.com/images/I/51H48C5DZ6L.jpg",987,3586.72,3.63
0027516709,"Books",532127,"Beyond the Divide",6.8,"http://ecx.images-amazon.com/images/I/51F06PRT09L.jpg",892,4239.07,4.75
0027676307,"Books",462780,"Vegetable Soup",175.71,"http://ecx.images-amazon.com/images/I/51CG5YKU%2BRL.jpg",231,704.16,3.05
0027623629,"Books",1365373,"Simon &amp; Schuster's Children's Guide To Dinosaurs And Other Prehistoric Animals",18.51,"http://ecx.images-amazon.com/images/I/51QMQNM977L.jpg",986,3035.66,3.08
0027435156,"Books",2880017,"Mapmaker's Daughter, The",12.24,"http://ecx.images-amazon.com/images/I/51CH5P713KL.jpg",436,1447.46,3.32
0027651207,"Books",1472710,"Iduna and the Magic Apples",378.86,"http://ecx.images-amazon.com/images/I/512GPJcYsAL.jpg",622,2732.33,4.39
0027700259,"Books",5876485,"Tom Foolery",253.04,"http://ecx.images-amazon.com/images/I/41LnZ6564cL.jpg",202,624.73,3.09
0027617319,"Books",715003,"Macmillan First Dictionary",15.26,"http://ecx.images-amazon.com/images/I/51haMEjsRIL.jpg",393,1556.64,3.96
0027652858,"Books",1342009,"Nathaniel Willy, Scared Silly",315.53,"http://ecx.images-amazon.com/images/I/51Hmo%2B%2BT7PL.jpg",384,1775.65,4.62
0027545210,"Books",383252,"Living with Dinosaurs",419.45,"http://ecx.images-amazon.com/images/I/5177SJZ0P1L.jpg",467,2122.09,4.54
0027681416,"Books",1470247,"Wolf Child",471.16,"http://ecx.images-amazon.com/images/I/516WZ6387QL.jpg",593,2517.73,4.25
0027590550,"Books",2147407,"The White Stallions: The Story of the Dancing Horses of Lipizza",10.18,"http://ecx.images-amazon.com/images/I/51OdpXUaSuL._SL500_.jpg",340,1153.28,3.39
0027623122,"Books",4166569,"Outside and Inside Birds",563.65,"http://ecx.images-amazon.com/images/I/319WH0BXYGL.jpg",140,527.74,3.77
0027681440,"Books",9972787,"Asian Indian Americans (Footsteps to America)",755.74,"http://ecx.images-amazon.com/images/I/5182e%2BmGEEL.jpg",650,2679.98,4.12
0027747409,"Books",1795866,"Kitten in Trouble",188.19,"http://ecx.images-amazon.com/images/I/71vtf2TZjTL.jpg",745,2702.25,3.63
0027682307,"Books",1802407,"William, the Vehicle King",525.85,"http://ecx.images-amazon.com/images/I/41%2BAtYxuhhL.jpg",737,2401.32,3.26
0027672506,"Books",3796144,"Night Songs",0.99,"http://ecx.images-amazon.com/images/I/61WfXuiPipL.jpg",288,1336.11,4.64
0027445410,"Books",4103881,"Bat Time",181.18,"http://ecx.images-amazon.com/images/I/51rXXoZ99wL.jpg",809,3574.97,4.42
0027476723,"Books",459625,"Poetry From A to Z : A Guide for Young Writers",8.09,"http://ecx.images-amazon.com/images/I/517atgetVLL.jpg",479,2270.62,4.74
0027573834,"Books",1958081,"Amazon Boy",8.05,"http://ecx.images-amazon.com/images/I/61E039AM0XL.jpg",631,1972.41,3.13
0027701506,"Books",1497501,"Cats from Away",81.38,"http://ecx.images-amazon.com/images/I/51e5jZlTu9L.jpg",293,1234.42,4.21
0027744116,"Books",1917378,"Wempires",771.67,"http://ecx.images-amazon.com/images/I/81CKFGGCW0L.gif",651,1953.44,3.0
0027749010,"Books",3965392,"Serena Katz",494.39,"http://ecx.images-amazon.com/images/I/61cf40-DhUL.jpg",355,1281.69,3.61
0027367800,"Books",585889,"UP GOES THE SKYSCRAPER!",9.36,"http://ecx.images-amazon.com/images/I/513T3CS0AEL.jpg",240,1194.31,4.98
0027684601,"Books",925854,"Sitti's Secrets",15.45,"http://ecx.images-amazon.com/images/I/71EUsyV5%2BPL.jpg",569,2297.62,4.04
0027669157,"Books",1124438,"Did You Say Ghosts?",670.03,"http://ecx.images-amazon.com/images/I/51VZ0QVA45L.jpg",506,2506.05,4.95
0027478416,"Books",2009090,"The Battle of Lexington and Concord",15.13,"http://ecx.images-amazon.com/images/I/51mPov48baL._SL500_.jpg",540,2292.36,4.25
0027436292,"Books",1044642,"King of the Wind: The Story of the Godolphin Arabian",5.98,"http://ecx.images-amazon.com/images/I/51L0bz0Cg8L.jpg",333,1177.08,3.53
0027651908,"Books",2523497,"EAST OF THE SUN &amp; WEST OF THE MOON",27.45,"http://ecx.images-amazon.com/images/I/A1MFcw3eizL.jpg",914,3278.61,3.59
0027624404,"Books",4486288,"The DRAGON NANNY",4.8,"http://ecx.images-amazon.com/images/I/61Q9DQMCYXL.jpg",247,1109.9,4.49
0027613909,"Books",617398,"The Simon &amp; Schuster Book of Greek Gods and Heroes",19.29,"http://ecx.images-amazon.com/images/I/71VMjMH5t2L.jpg",281,1096.76,3.9
0027815005,"Books",745410,"Oma and Bobo",14.36,"http://ecx.images-amazon.com/images/I/61JN45B89JL.jpg",253,787.47,3.11
0027778835,"Books",1225561,"Steal Away Home",5.98,"http://ecx.images-amazon.com/images/I/51DHM4T50WL.jpg",682,2930.12,4.3
0027781372,"Books",780453,"The Floating House",14.82,"http://ecx.images-amazon.com/images/I/61E5V5H116L.jpg",107,434.36,4.06
002777452X,"Books",2333953,"Ducklings and Pollywogs",688.96,"http://ecx.images-amazon.com/images/I/61RJN4MTK5L.jpg",641,2047.04,3.19
0027746437,"Books",3188311,"Spaceburger: A Kevin Spoon and Mason Mintz Story",5.39,"http://ecx.images-amazon.com/images/I/31TSVC314ML.jpg",153,692.56,4.53
0027781216,"Books",4829474,"Carry Go Bring Come",8.09,"http://ecx.images-amazon.com/images/I/713MCNJV6HL.gif",454,1864.4,4.11
0027779556,"Books",1587729,"Under Your Feet",358.13,"http://ecx.images-amazon.com/images/I/91gUkZlr1lL.jpg",665,2651.3,3.99
002777273X,"Books",1008180,"Our Yard Is Full of Birds",7.15,"http://ecx.images-amazon.com/images/I/51SBK4P0RRL.jpg",693,2302.21,3.32
0027369315,"Books",1465931,"Toad Or Frog, Swamp Or Bog?: A Big Book of Nature's Confusables",461.8,"http://ecx.images-amazon.com/images/I/61X2SGEMJDL.jpg",696,2196.93,3.16
0027761452,"Books",3295051,"The WAY HOME",399.04,"http://ecx.images-amazon.com/images/I/31%2Bc-GnJJBL.jpg",808,3549.2,4.39
0027828700,"Books",10988420,"AMERICAS BIRTHDAY",419.82,"http://ecx.images-amazon.com/images/I/51YcN4-TdUL._SL500_.jpg",907,2744.2,3.03
0027457818,"Books",7068815,"One Is a Mouse",38.68,"http://ecx.images-amazon.com/images/I/51P29TY3F2L.jpg",501,1554.47,3.1
0027779173,"Books",2006932,"The SELTZER MAN",389.07,"http://ecx.images-amazon.com/images/I/61PbnTMJ35L.jpg",993,3561.61,3.59
0027818322,"Books",1832542,"The Holocaust Lady",7.19,"http://ecx.images-amazon.com/images/I/417gg1nWQQL._SL500_.jpg",833,4096.87,4.92
0027773019,"Books",1723846,"Hugo at the Park",367.77,"http://ecx.images-amazon.com/images/I/51BT3VM4MGL.jpg",963,4736.71,4.92
0027777952,"Books",5227062,"Safe Harbors",368.57,"http://ecx.images-amazon.com/images/I/41oS1g9T8IL.jpg",985,4488.99,4.56
0027829154,"Books",3869774,"Crow Moon, Worm Moon (A Poem Story)",311.83,"http://ecx.images-amazon.com/images/I/41zZyOwT4UL.jpg",172,637.25,3.7
0027754510,"Books",359848,"Mrs. Toggle's Zipper",5.39,"http://ecx.images-amazon.com/images/I/61AN5QTV0WL.jpg",163,512.25,3.14
0027862704,"Books",4992012,"The Amazing Power of Ashur Fine",779.55,"http://ecx.images-amazon.com/images/I/51l5DUVnqnL.jpg",497,2404.62,4.84
0027812979,"Books",7615559,"When Crocodiles Clean Up",463.92,"http://ecx.images-amazon.com/images/I/513ua92Nw-L.jpg",124,516.24,4.16
0027264521,"Books",2146754,"The DANCING SKELETON",6.29,"http://ecx.images-amazon.com/images/I/61zaVAGDkrL.jpg",265,1172.8,4.43
0027780260,"Books",4419364,"Everyday Town",557.97,"http://ecx.images-amazon.com/images/I/41WRD9A2K7L.jpg",345,1508.87,4.37
0027731006,"Books",1428526,"The Rooster Crows : A Book of American Rhymes and Jingles",6.83,"http://ecx.images-amazon.com/images/I/51ONHMKPl-L.jpg",831,3692.97,4.44
0027828816,"Books",2813073,"Turtle in July",201.75,"http://ecx.images-amazon.com/images/I/515JFJC7MGL.jpg",294,1188.18,4.04
0027746615,"Books",1590221,"Aunt Lulu",4.49,"http://ecx.images-amazon.com/images/I/617Az%2BhLp9L.jpg",882,3773.2,4.28
0027891208,"Books",1874136,"DO YOU KNOW HOW MUCH I LOVE YOU?",4.54,"http://ecx.images-amazon.com/images/I/61yCop-GDWL._SL500_.jpg",610,2925.67,4.8
0027782107,"Books",297725,"Duncan &amp; Dolores",4.05,"http://ecx.images-amazon.com/images/I/51rdGXYOCUL._SL500_.jpg",365,1317.62,3.61
0027781348,"Books",3398803,"Storm's Coming",191.65,"http://ecx.images-amazon.com/images/I/61PP66Q1SYL.jpg",250,1131.58,4.53
0027772705,"Books",2571098,"Apples and Pumpkins",5.12,"http://ecx.images-amazon.com/images/I/51oMy1DTY7L.jpg",774,2700.3,3.49
0027746429,"Books",2269230,"Author's Day",513.4,"http://ecx.images-amazon.com/images/I/61JJGR8WDAL.jpg",594,2093.89,3.53
0027922952,"Books",7012586,"Mariah Keeps Cool",8.09,"http://ecx.images-amazon.com/images/I/81xUgEJI6pL.jpg",405,1679.44,4.15
0027780104,"Books",3961239,"Inside Turtle's Shell and Other Poems of the Field",128.29,"http://ecx.images-amazon.com/images/I/412E92LF4vL._SL500_.jpg",992,3898.14,3.93
0027895106,"Books",6367194,"Third Girl from the Left",3.99,"http://ecx.images-amazon.com/images/I/61aAhYT95CL.jpg",220,702.35,3.19
0027709035,"Books",2373300,"Celebration: The Story of American Holidays",7.7,"http://ecx.images-amazon.com/images/I/51YCSEXGY4L.jpg",420,1897.9,4.52
0027446212,"Books",3582799,"Chita's Christmas Tree",12.59,"http://ecx.images-amazon.com/images/I/31joDO8LLQL.jpg",967,3207.52,3.32
0027861317,"Books",3152237,"The Faithful Friend (Caldecott Honor Book)",6.83,"http://ecx.images-amazon.com/images/I/61l1ftPUiIL.jpg",636,2942.73,4.63
0027824551,"Books",899755,"Splash, Splash",225.48,"http://ecx.images-amazon.com/images/I/71Q10V8M4RL.gif",280,862.3,3.08
002777886X,"Books",5603840,"Ocean Day",6.99,,743,2258.84,3.04
002782683X,"Books",557220,"Big Pumpkin",5.98,"http://ecx.images-amazon.com/images/I/51byRdxUrnL.jpg",404,1472.78,3.65
0027777820,"Books",2904119,"No! No! No!",35.79,"http://ecx.images-amazon.com/images/I/51KGNJJZ5CL.jpg",707,2215.81,3.13
0027778851,"Books",1371578,"Nature Spy",6.29,"http://ecx.images-amazon.com/images/I/619YF0RPCYL.jpg",160,484.59,3.03
0027897001,"Books",4999570,"Dakota Dugout",14.99,"http://ecx.images-amazon.com/images/I/5179Q9Q539L.jpg",832,3100.18,3.73
0027888460,"Books",1285286,"Coyote and the Laughing Butterflies",13.99,"http://ecx.images-amazon.com/images/I/51h1xbbjf9L.jpg",651,2795.25,4.29
0027925250,"Books",2522292,"Tales from the Bamboo Grove",6.29,"http://ecx.images-amazon.com/images/I/51K6YKA2ESL.jpg",810,2992.84,3.69
0027826325,"Books",929640,"Murder on the Highway: The Viola Liuzzo Story",33.25,"http://ecx.images-amazon.com/images/I/41jRdoCcoGL.jpg",559,2115.36,3.78
0027887251,"Books",2906102,"The Complete Poems to Solve",157.67,"http://ecx.images-amazon.com/images/I/517WJQR6KRL.jpg",365,1196.99,3.28
0027888401,"Books",1094526,"Dragon Pack Snack Attack, The",631.81,"http://ecx.images-amazon.com/images/I/41DYWG8Q9FL.gif",280,875.68,3.13
0027780066,"Books",3220426,"HENRY AND MUDGE AND THE BEDTIME THUMPS (Henry &amp; Mudge Books)",3.41,"http://ecx.images-amazon.com/images/I/51P8PZtQxyL.jpg",761,3281.18,4.31
0027930750,"Books",4737438,"Bringing Nettie Back",321.64,"http://ecx.images-amazon.com/images/I/41FYTKDJZZL.jpg",773,3760.36,4.86
002782926X,"Books",6456249,"Cyberstorm",661.61,"http://ecx.images-amazon.com/images/I/511ZRXSE0CL.jpg",790,2610.35,3.3
0027651304,"Books",317038,"The UGLY DUCKLING",532.21,"http://ecx.images-amazon.com/images/I/41J97L4s8GL.jpg",467,1690.83,3.62
0027927598,"Books",376295,"The Lemon Drop Jar",7.19,"http://ecx.images-amazon.com/images/I/51MSBBAWS4L.jpg",684,2621.98,3.83
0027927105,"Books",13903526,"Marko the Rich and Vasily the Unlucky",503.77,,187,844.72,4.52
0028000110,"Books",10320362,"Basic Legal Writing (Legal studies series)",93.1,"http://ecx.images-amazon.com/images/I/41NTQP0GV1L.jpg",711,2147.73,3.02
002793750X,"Books",814512,"The STAR OF MELVIN",233.56,"http://ecx.images-amazon.com/images/I/51k-Dx99N%2BL.jpg",381,1395.98,3.66
0027888304,"Books",890151,"The Moon Lady",7.19,"http://ecx.images-amazon.com/images/I/6139VV3BFJL.jpg",704,2489.82,3.54
0027868001,"Books",2591870,"The GOOD LUCK PENCIL",383.23,"http://ecx.images-amazon.com/images/I/615MIsGM3kL.jpg",498,1933.46,3.88
0027888452,"Books",1062083,"Coyote Places the Stars",14.38,"http://ecx.images-amazon.com/images/I/81eYOf1XrxL.jpg",414,1542.41,3.73
002793599X,"Books",3082689,"The Gift of Driscoll Lipscomb",9.54,"http://ecx.images-amazon.com/images/I/51MMEAJ5P4L.jpg",434,1951.28,4.5
0027746356,"Books",1757514,"Doodle Flute",4.49,"http://ecx.images-amazon.com/images/I/2199RT7P42L.jpg",281,1154.93,4.11
0027779513,"Books",2743363,"Step into the Night",494.38,"http://ecx.images-amazon.com/images/I/91lMDd5YVYL.jpg",299,1037.91,3.47
0027892816,"Books",1669434,"Apple Valley Year",681.34,"http://ecx.images-amazon.com/images/I/51N9ZY9Q7BL.jpg",263,1149.82,4.37
0027863514,"Books",6049380,"Night Goes By",209.42,"http://ecx.images-amazon.com/images/I/712YLtDWo1L.jpg",286,1088.01,3.8
0027893650,"Books",3240375,"Sophie and the Sidewalk Man",354.61,"http://ecx.images-amazon.com/images/I/61Vvv1irwkL.jpg",766,2509.42,3.28
002774633X,"Books",1791680,"Ned Feldman, Space Pirate",5.39,"http://ecx.images-amazon.com/images/I/51DJ0CMMF6L.jpg",532,2296.0,4.32
0027923711,"Books",2277975,"New Feet for Old",13.91,"http://ecx.images-amazon.com/images/I/71W6Jx3MXzL.jpg",897,3752.11,4.18
0027773051,"Books",5159647,"When Hugo Went to School",749.4,"http://ecx.images-amazon.com/images/I/41pIvxaVgIL.jpg",545,2251.39,4.13
0028028139,"Books",1917193,"Glencoe English Workout: Language Skills for the Workplace",35.0,"http://ecx.images-amazon.com/images/I/51J-ZsGU1GL.jpg",486,1986.1,4.09
0028021584,"Books",687418,"20,000+ Words: Spelled and Divided for Quick Reference",202.68,"http://ecx.images-amazon.com/images/I/51ER94R6JSL.jpg",480,1907.45,3.97
0027772713,"Books",1248868,"The Way to Captain Yankee's",50.56,"http://ecx.images-amazon.com/images/I/51YT8257GEL.jpg",739,2631.2,3.56
0028034635,"Books",2461728,"Diesel Mechanics, Workbook",63.97,"http://ecx.images-amazon.com/images/I/51ShTL0CsrL.jpg",700,3190.02,4.56
0028043952,"Books",4911490,"Computing Fundamentals",19.82,"http://ecx.images-amazon.com/images/I/51DDWDDA2NL.jpg",745,3132.71,4.2
0027936910,"Books",2026854,"Bears in Pairs",293.63,"http://ecx.images-amazon.com/images/I/61yij7G1WaL.jpg",283,1386.23,4.9
0028025008,"Books",89731,"The Pipe Fitter's and Pipe Welder's Handbook, Revised Edition",24.34,"http://ecx.images-amazon.com/images/I/413YJAtKFFL.jpg",465,1858.59,4.0
0028230485,"Books",1482543,"Economics: Principles &amp; Practices Student Edition 1995",4.78,"http://ecx.images-amazon.com/images/I/51T1Q7WZG7L.jpg",892,4030.88,4.52
0028181484,"Books",66272,"Glencoe Writer's Choice: Grammar and Composition Grade 7",37.42,"http://ecx.images-amazon.com/images/I/51S9B59WP0L.jpg",275,1168.34,4.25
0028218728,"Books",1421708,"The American Journey: Building A Nation, Student Edition",14.95,"http://ecx.images-amazon.com/images/I/51XKK257DYL.jpg",404,1292.51,3.2
0028043383,"Books",7175097,"Peter Norton's Introduction to Computers",370.65,"http://ecx.images-amazon.com/images/I/31LuZBq2n3L.jpg",351,1185.75,3.38
0028172442,"Books",69750,"Communication Applications",43.78,"http://ecx.images-amazon.com/images/I/517G7QS1VML.jpg",618,2286.73,3.7
0028230418,"Books",6620492,"World Music: Cultural Traditions",124.72,"http://ecx.images-amazon.com/images/I/51RF8NBDJ1L.jpg",235,849.03,3.61
002815004X,"Books",844004,"Glencoe Accounting: Real-World Applications &amp; Connections",101.72,"http://ecx.images-amazon.com/images/I/412TK35B27L.jpg",585,2542.36,4.35
0027893553,"Books",5079061,"Champions of Appledore",78.25,"http://ecx.images-amazon.com/images/I/51XFxDQKqEL._SL500_.jpg",604,2139.92,3.54
0027937313,"Books",3539150,"The GREAT ADVENTURE OF WO TI",14.96,"http://ecx.images-amazon.com/images/I/51qVAaETBoL.jpg",427,2069.79,4.85
0028232917,"Books",1448599,"Geography: The World and Its People",110.99,"http://ecx.images-amazon.com/images/I/21DM0PNZZDL.jpg",805,3849.63,4.78
0028226135,"Books",2668169,"United States government: Democracy in action",108.76,"http://ecx.images-amazon.com/images/I/41ZTtjSCu8L._SL500_.jpg",411,1648.53,4.01
0027858405,"Books",4341335,"The NIGHT OF THE SOLSTICE (Wildworld)",6.83,"http://ecx.images-amazon.com/images/I/51L4YcBdllL.jpg",598,2409.25,4.03
0028251784,"Books",83714,"Algebra 2, Student Edition",118.36,"http://ecx.images-amazon.com/images/I/51DRHB9DC9L.jpg",634,1995.09,3.15
0028181492,"Books",644611,"Writer's Choice &copy; 2001 Grade 10 Student Edition : Grammar and Composition",101.45,"http://ecx.images-amazon.com/images/I/21NZ7VDV4WL.jpg",529,1967.54,3.72
0028183037,"Books",14505,"Glencoe Language Arts Grammar and Language Workbook Grade 11",10.64,"http://ecx.images-amazon.com/images/I/51lGpYhuuGL.jpg",253,1145.08,4.53
0028182944,"Books",3938,"Glencoe Language Arts Grammar And Language Workbook Grade 9",10.64,"http://ecx.images-amazon.com/images/I/51VtiMu4SCL.jpg",619,2424.42,3.92
0028341759,"Books",53010,"Advanced Mathematical Concepts Precalculus With Applications",42.22,"http://ecx.images-amazon.com/images/I/51wyaGIlRlL.jpg",397,1701.91,4.29
0028283783,"Books",293297,"Chemistry: Matter And Change, Student Edition",8.99,"http://ecx.images-amazon.com/images/I/51X1RG20J2L.jpg",275,1129.95,4.11
0028253264,"Books",87722,"Glencoe Algebra 1: Integration, Applications, Connections",107.16,"http://ecx.images-amazon.com/images/I/51XXET9A9RL.jpg",732,2825.99,3.86
0028600428,"Books",7141182,"Legal Briefs",587.4,"http://ecx.images-amazon.com/images/I/51CVG0TWZ3L.jpg",989,3603.12,3.64
0028475003,"Books",2321964,"Critique of Judgement (Hafner Library of Classics)",1.99,"http://ecx.images-amazon.com/images/I/61LLzVsSRRL.jpg",564,2013.45,3.57
002860377X,"Books",2034723,"The Thanksgiving Cookbook",6.8,"http://ecx.images-amazon.com/images/I/5160WTG0H8L.jpg",289,1339.82,4.64
0028603508,"Books",279728,"The Food and Life of Oaxaca, Mexico",7.65,"http://ecx.images-amazon.com/images/I/51aL0%2BEdvhL.jpg",352,1685.13,4.79
0028604199,"Books",300572,"Once Upon a More Enlightened Time: More Politically Correct Bedtime Stories",5.95,"http://ecx.images-amazon.com/images/I/51MVWDYEVQL.jpg",351,1497.36,4.27
0028603796,"Books",280586,"Garden Artistry: Secrets of Designing and Planting a Small Garden",26.66,"http://ecx.images-amazon.com/images/I/61NTAJDM89L.jpg",600,2863.51,4.77
0028604032,"Books",1441264,"The New York Public Library Science Desk Reference",3.91,"http://ecx.images-amazon.com/images/I/71VJY7A3GHL.gif",817,2546.94,3.12
0028603540,"Books",693278,"1,000 Lowfat Recipes (1,000 Recipes Series)",14.99,"http://ecx.images-amazon.com/images/I/81SlWZ5VTjL.jpg",610,2115.03,3.47
0028516508,"Books",3297548,"Life in the Argentine Republic in the Days of the Tyrants (Hafner Library of Classics)",37.4,"http://ecx.images-amazon.com/images/I/51hBWDX5ztL.jpg",786,3438.51,4.37
0028603869,"Books",85817,"Vegetarian Times Vegetarian Beginner's Guide",14.63,"http://ecx.images-amazon.com/images/I/51uooNePEkL.jpg",712,2547.76,3.58
0028604261,"Books",2229199,"Over the Edge: A Regular Guy's Odyssey in Extreme Sports",44.11,"http://ecx.images-amazon.com/images/I/51W55FA6ZAL.jpg",233,844.29,3.62
0028603850,"Books",4211563,"Dad Cooks Up a Party: The Complete Guide to Entertaining Family and Friends",268.01,"http://ecx.images-amazon.com/images/I/71N7KFE1JRL.gif",388,1715.41,4.42
0028492706,"Books",3134121,"SPIRIT OF THE LAWS (Hafner Library of Classics)",6.69,"http://ecx.images-amazon.com/images/I/41aLxGNLw-L.jpg",545,1702.15,3.12
0028606957,"Books",4385172,"Travel &amp; Leisure : Paris",70.77,"http://ecx.images-amazon.com/images/I/51F2G0VE34L.jpg",361,1156.15,3.2
0028603818,"Books",1596298,"The Chinese Way: Healthy Low-fat Cooking from China's Regions",29.14,"http://ecx.images-amazon.com/images/I/51N7ZXCZAWL.jpg",617,1854.85,3.01
0028604016,"Books",224565,"The Simplest Game: The Intelligent Fan's Guide to the World of Soccer",176.74,"http://ecx.images-amazon.com/images/I/51YY07NR4BL.jpg",337,1613.16,4.79
0028604156,"Books",1499799,"8 Weeks To a Well-Behaved Child: A Failsafe Program for Toddlers Through Teens",9.07,"http://ecx.images-amazon.com/images/I/51E9GWH0TML.jpg",950,3571.15,3.76
0028604350,"Books",4890826,"The Children's Hospital Of Philadelphia: Guide To Common Childhood Infections",311.98,"http://ecx.images-amazon.com/images/I/516NX39B4TL.jpg",546,2428.31,4.45
0028604318,"Books",3203602,"Behind Facades/a Dramatic Cutaway Look into Five of the World's Architectural Treasures-Featuring Panoramic Foldouts: A Dramatic Cutaway Look into ... -- Featuring Spectacular Panoramic Foldouts",773.99,"http://ecx.images-amazon.com/images/I/61GQTVXRYWL.jpg",546,2257.21,4.13
0028604466,"Books",1895800,"Classical Music: A New Way of Listening",7.16,"http://ecx.images-amazon.com/images/I/71Z77VVE15L.gif",569,2245.75,3.95
0028608151,"Books",360005,"The Baseball Encyclopedia: The Complete and Definitive Record of Major League Baseball",24.23,"http://ecx.images-amazon.com/images/I/51fpqEkr3PL.jpg",814,3838.9,4.72
0028603605,"Books",61560,"The Complete Book of Sauces",11.3,"http://ecx.images-amazon.com/images/I/51SjLaDNOXL.jpg",743,2289.93,3.08
0028604369,"Books",7402825,"American Battlefields: A Complete Guide to the Historic Conflicts in Words, Maps, and Photos",365.61,"http://ecx.images-amazon.com/images/I/51B8FQ6ZNXL.jpg",154,539.2,3.5
0028608518,"Books",2821504,"The Macmillan Illustrated Encyclopedia of Myths and Legends",452.05,"http://ecx.images-amazon.com/images/I/51S3WDHAVQL.jpg",140,430.8,3.08
0028603575,"Books",845309,"Risotto Risotti",21.6,"http://ecx.images-amazon.com/images/I/518FVHJ9NYL.jpg",965,3825.12,3.96
0028603842,"Books",771248,"Weight Watchers Slim Ways: Mexican",19.86,"http://ecx.images-amazon.com/images/I/61CWF7QBF8L.jpg",965,4122.88,4.27
0028609891,"Books",862654,"While the Pasta Cooks: 100 Sauces So Easy You Can Prepare the Sauce in the Time It Takes to Cook the Pasta",19.12,"http://ecx.images-amazon.com/images/I/614VVRTE55L.jpg",536,2510.91,4.68
002860573X,"Books",6729030,"Harrap's Spanich Micro Dictionary (Harrap's Micro Dictionary)",183.77,"http://ecx.images-amazon.com/images/I/71YTF6WFQ7L.gif",574,1879.75,3.27
0028605772,"Books",398279,"The 100 Best Small Towns in America",15.8,"http://ecx.images-amazon.com/images/I/513RZ0DEMYL.jpg",314,1000.01,3.18
0028608208,"Books",1115793,"Runner's World Training Diary",7.99,"http://ecx.images-amazon.com/images/I/41zZPjqVpnL.jpg",204,768.81,3.77
0028605608,"Books",2770547,"10,000 Ideas for Term Papers, Projects, Reports &amp; Speeches (Arco 10,000 Ideas for Term Papers, Projects, Reports &amp; Speeches)",4.0,"http://ecx.images-amazon.com/images/I/710CY680Q7L.gif",516,2485.66,4.82
0028608437,"Books",3248859,"Selling Out: If Famous Authors Wrote Advertising",9.99,"http://ecx.images-amazon.com/images/I/51NFRABRJNL.jpg",702,3053.27,4.35
002860847X,"Books",435862,"Smokin' Joe: The Autobiography of a Heavyweight Champion of the World, Smokin' Joe Frazier",7.99,"http://ecx.images-amazon.com/images/I/51YSKJX3FML.jpg",821,3125.21,3.81
0028608135,"Books",821810,"The Last Neanderthal: The Rise, Success, and Mysterious Extinction of Our Closest Human Relatives",13.39,"http://ecx.images-amazon.com/images/I/51CK32F63JL.jpg",587,2866.19,4.88
0028609980,"Books",178551,"Memories of a Cuban Kitchen",14.55,"http://ecx.images-amazon.com/images/I/61MECwopaQL.jpg",615,2167.03,3.52
0028610105,"Books",62717,"How To Cook Everything: Simple Recipes for Great Food",17.28,"http://ecx.images-amazon.com/images/I/51qGSxSCZwL.jpg",393,1786.47,4.55
0028609972,"Books",318504,"The 15-Minute Single Gourmet: 100 Deliciously Simple Recipes for One",12.63,"http://ecx.images-amazon.com/images/I/61DPZJ18J4L.jpg",106,468.39,4.42
0028608380,"Books",663416,"Is Your Cat Crazy? Solutions from the Casebook of a Cat Therapist",6.99,"http://ecx.images-amazon.com/images/I/817Fuz8pBkL.jpg",463,1878.84,4.06
0028609883,"Books",359239,"California Pizza Kitchen Cookbook",16.61,"http://ecx.images-amazon.com/images/I/61yP9R3e1uL.jpg",983,4663.15,4.74
0028608399,"Books",571084,"Elements of Legal Writing: A Guide to the Principles of Writing Clear, Concise,",9.8,"http://ecx.images-amazon.com/images/I/415QD9ZHVRL.jpg",321,1455.66,4.53
0028604008,"Books",744437,"Branch Rickey's Little Blue Book: Wit and Strategy from Baseball's Last Wise Man",20.36,"http://ecx.images-amazon.com/images/I/518Y1GP7RVL.jpg",628,3043.23,4.85
0028611608,"Books",2715478,"Outside Magazine's Adventure Guide to the Pacific Northwest (Outside guides)",793.18,"http://ecx.images-amazon.com/images/I/6149N0VEXTL.jpg",118,589.91,5.0
0028611934,"Books",1122316,"The Family Reunion Planner",16.52,"http://ecx.images-amazon.com/images/I/51tDDRdvTEL.jpg",820,3309.69,4.04
0028609905,"Books",1142964,"People with Dirty Hands: The Passion for Gardening",26.64,"http://ecx.images-amazon.com/images/I/71fh4qF7ntL.jpg",809,3263.1,4.03
0028609956,"Books",357348,"America's Garden Book: The Only Book You'll Ever Need to Plan, Design, and Grow Your Garden, Revised Edition",724.79,"http://ecx.images-amazon.com/images/I/51BZJP69AWL.jpg",519,2078.1,4.0
0028604172,"Books",2061926,"Teddy Bears: A Complete Guide to History, Collecting, and Care",26.24,"http://ecx.images-amazon.com/images/I/5120YQB9VXL.jpg",780,2367.13,3.03
0028610067,"Books",76331,"The Visual Food Encyclopedia: The Definitive Practical Guide to Food and Cooking",39.16,"http://ecx.images-amazon.com/images/I/51SEEB6Kb1L.jpg",421,1825.23,4.34
0028608593,"Books",2849967,"The Stock Car Racing Encyclopedia",122.57,"http://ecx.images-amazon.com/images/I/61FF9DZ74NL.jpg",537,2152.6,4.01
0028603788,"Books",485076,"Burpee Complete Gardener: A Comprehensive, Up-To-Date, Fully Illustrated Reference For Gardeners At all Levels",7.95,"http://ecx.images-amazon.com/images/I/51N0D1SWJPL.jpg",873,2773.27,3.18
0028603613,"Books",1294538,"Food from My Heart: Cuisines of Mexico Remembered and Reimagined",11.84,"http://ecx.images-amazon.com/images/I/51Q50GEWF7L.jpg",342,1406.27,4.11
0028611829,"Books",2167448,"10 Minute Guide to the Stock Market (10 Minute Guides)",793.84,"http://ecx.images-amazon.com/images/I/51G0FACXXPL.jpg",990,4705.44,4.75
0028609948,"Books",2228315,"LA Bonne Soupe Cookbook",13.54,"http://ecx.images-amazon.com/images/I/51FPSQX54KL.jpg",456,2167.31,4.75
0028611152,"Books",2566681,"10 Minute Guide to Beating Debt (10 Minute Guides)",618.32,"http://ecx.images-amazon.com/images/I/711W6VA3JWL.gif",883,4100.56,4.64
0028613090,"Books",916758,"The Complete Kitchen Garden: The Art of Designing and Planting an Edible Garden",14.69,"http://ecx.images-amazon.com/images/I/615HM139BAL.jpg",328,1550.89,4.73
0028610148,"Books",763691,"Be Healthier Feel Stronger Vegetarian Cookbook",14.72,"http://ecx.images-amazon.com/images/I/51HXVX6FPXL.jpg",408,1591.47,3.9
0028612590,"Books",1885704,"Let My People Eat!: Passover Seders Made Simple",591.96,"http://ecx.images-amazon.com/images/I/51P72B4S4FL.jpg",561,2612.37,4.66
0028608461,"Books",1636306,"One Pitch Away: The Players' Stories of the 1986 League Championships and World Series",11.25,"http://ecx.images-amazon.com/images/I/51CW4z30bSL.jpg",437,1424.93,3.26
0028612337,"Books",3296508,"Places Rated Almanac",14.65,"http://ecx.images-amazon.com/images/I/7127XMHAQ9L.gif",591,2803.53,4.74
0028613244,"Books",2445344,"Vegetarian Times Vegetarian Entertaining",21.29,"http://ecx.images-amazon.com/images/I/61hKXWnEkEL.jpg",246,744.4,3.03
0028603958,"Books",230925,"Betty Crocker's New Cookbook: Everything You Need to Know to Cook (8th Ed.)",16.86,"http://ecx.images-amazon.com/images/I/7115Q5VDMDL.gif",226,846.41,3.75
0028613279,"Books",881213,"Tamales",15.24,"http://ecx.images-amazon.com/images/I/61S70T1QJBL.jpg",205,1016.9,4.96
0028612558,"Books",1750894,"Cook Something: Simple Recipes and Sound Advice toBring Good Food into Your Fabulous Lifestyle",460.36,"http://ecx.images-amazon.com/images/I/51A98Q1TZCL.jpg",265,1224.96,4.62
0028612566,"Books",1169093,"Betty Crocker's Good and Easy Cookbook (Series)",19.68,"http://ecx.images-amazon.com/images/I/71SFAQEAJ3L.gif",182,598.95,3.29
0028611756,"Books",1033885,"Investment Basics for Women: The Essential Guide to Taking Charge of Your Money",6.29,"http://ecx.images-amazon.com/images/I/51THP0Q046L.jpg",699,2377.75,3.4
0028612345,"Books",368035,"The Wedding Cake Book",10.62,"http://ecx.images-amazon.com/images/I/71jkpKMAscL.jpg",322,1540.84,4.79
0028614348,"Books",1461939,"The Macmillan Visual Dictionary - espa&ntilde;ol/ingl&eacute;s",27.46,"http://ecx.images-amazon.com/images/I/51TB2FNJW8L.jpg",147,571.64,3.89
0028612698,"Books",1813082,"Asian Soups, Stews, &amp; Curries",32.4,"http://ecx.images-amazon.com/images/I/51G7vwEC4IL.jpg",512,2182.87,4.26
0028614453,"Books",4640709,"The Macmillan World Atlas with CD-ROM",292.12,"http://ecx.images-amazon.com/images/I/41RCNXMHFVL.jpg",818,2537.08,3.1
0028608291,"Books",1721793,"The Stuff Americans Are Made of: The Seven Cultural Forces That Define Americans-A New Framework for Quality, Productivity and Profitability",425.52,"http://ecx.images-amazon.com/images/I/71S8NYSQYBL.gif",481,1508.18,3.14
0028615115,"Books",1700553,"The New York Yankee Encyclopedia",245.91,"http://ecx.images-amazon.com/images/I/61TJVHAYASL.jpg",745,3545.96,4.76
0028611136,"Books",996745,"The Complete Idiot's Guide to Buying Insurance and Annuities",15.91,"http://ecx.images-amazon.com/images/I/51ex-0ewd5L.jpg",659,2551.63,3.87
002861500X,"Books",1204834,"Betty Crocker's New Eat and Lose Weight",309.5,"http://ecx.images-amazon.com/images/I/513CAM4MDFL.jpg",114,568.84,4.99
0028610954,"Books",3517155,"Complete Idiot's Guide to Entertaining (The Complete Idiot's Guide)",255.32,"http://ecx.images-amazon.com/images/I/516YPD7APAL.jpg",249,892.67,3.59
0028614461,"Books",8868447,"The Quintessential Cat",64.37,"http://ecx.images-amazon.com/images/I/51RZJ39J6TL.jpg",783,2520.58,3.22
0028613406,"Books",413695,"Killing Time: The First Full Investigation into the Unsolved Murders of Nicole Brown Simpson and Ronald Goldman",6.29,"http://ecx.images-amazon.com/images/I/71BGDA0CSVL.gif",784,3151.27,4.02
0028608321,"Books",2608447,"Aromatherapy: An Introduction to the Essential Oils and Their Therapeutic Uses (Naturally Better Series) (Naturally Better Book Series)",4.0,"http://ecx.images-amazon.com/images/I/51JCN0SC2AL.jpg",647,2756.16,4.26
0028612574,"Books",192604,"The Naturally Sweet Baker : 150 Decadent Desserts Made With Honey, Maple Syrup, and Other Delicious Alternatives to Refined Sugar",30.68,"http://ecx.images-amazon.com/images/I/71KsGwIpcuL.jpg",663,3170.12,4.78
0028614526,"Books",595319,"The Elements of Speechwriting and Public Speaking",7.53,"http://ecx.images-amazon.com/images/I/513A3ZE9B2L.jpg",443,1889.15,4.26
0028613988,"Books",3372751,"Menus &amp; Music for Christmas: Traditional Christmas Carols : Classic Christmas Recipes",589.4,"http://ecx.images-amazon.com/images/I/51KRAQ1X9EL.jpg",697,3390.3,4.86
0028612914,"Books",1471350,"How to Try a Murder: The Handbook for Armchair Lawyers",273.51,"http://ecx.images-amazon.com/images/I/51ND099M43L.jpg",263,825.89,3.14
0028613198,"Books",24795,"Webster's New World Student's Dictionary",17.05,"http://ecx.images-amazon.com/images/I/517dbdPpRcL.jpg",501,2254.38,4.5
0028616669,"Books",3240093,"The Mad Monks' Guide to California (Frommer's Travel Guides)",104.25,"http://ecx.images-amazon.com/images/I/51WnGH5cbEL.jpg",952,4704.36,4.94
0028613376,"Books",2067145,"50 Great Businesses for Teens:  How to Start Your Own Business--And Make Big Bucks!",11.51,"http://ecx.images-amazon.com/images/I/71NM5CK3NAL.gif",707,3023.79,4.28
0028612124,"Books",510825,"Webster's New World Crossword Puzzle Dictionary",5.18,"http://ecx.images-amazon.com/images/I/51bQ%2Bx5CnWL.jpg",724,2355.22,3.25
0028617231,"Books",3974916,"Webster's New World French Grammar and Exercises",166.42,"http://ecx.images-amazon.com/images/I/51TJRDY4HQL.jpg",564,2265.01,4.02
0028615972,"Books",925428,"The Complete Idiot's Guide to Getting Along with Difficult People",7.19,"http://ecx.images-amazon.com/images/I/51glHUYHRUL.jpg",740,2557.42,3.46
0028616839,"Books",630976,"Mind Over Golf: How to Use Your Head to Lower Your Score",7.99,"http://ecx.images-amazon.com/images/I/71yvIncf6BL.jpg",696,2465.67,3.54
0028615948,"Books",6136615,"The Macmillan Baseball Quiz Book: Compiled from the Baseball Encyclopedia by",675.03,"http://ecx.images-amazon.com/images/I/41SNN02R3JL.jpg",138,664.41,4.81
0028614577,"Books",1615447,"The Complete Soy Cookbook",417.89,"http://ecx.images-amazon.com/images/I/51K7HAEFYXL.jpg",113,516.39,4.57
0028616804,"Books",259473,"Feeling Dizzy: Understanding and Treating Vertigo, Dizziness, and Other Balance Disorders",15.21,"http://ecx.images-amazon.com/images/I/5182rXh3lYL.jpg",762,3036.66,3.99
0028617207,"Books",577580,"Webster's New World Pocket Misspeller's Dictionary",6.64,"http://ecx.images-amazon.com/images/I/51W7VvmYHIL.jpg",871,2800.91,3.22
0028618351,"Books",3730839,"30 Days to the Lsat (Arco's 30-Day Guides)",59.29,"http://ecx.images-amazon.com/images/I/71Q6V98JXVL.gif",953,4481.87,4.7
0028612663,"Books",3608126,"Planet Earth Macmillan World Atlas (Macmillan Atlases)",5.18,"http://ecx.images-amazon.com/images/I/51R004KW6ZL.jpg",747,2866.67,3.84
0028616782,"Books",2510524,"Encyclopedia Mysteriosa: A Comprehensive Guide to the Art of Detection in Print, Film, Radio, and Television",7.36,"http://ecx.images-amazon.com/images/I/716PTJ8A3YL.gif",245,1046.63,4.27
0028617347,"Books",2185919,"The Complete Idiot's Guide to Creative Writing",3.4,"http://ecx.images-amazon.com/images/I/51yd%2B8H%2BGqL.jpg",778,2650.06,3.41
0028615107,"Books",1667781,"The Storytellers: From Mel Allen to Bob Costas : Sixty Years of Baseball Tales from the Broadcast Booth",20.83,"http://ecx.images-amazon.com/images/I/712ZGM2K2TL.gif",934,3978.23,4.26
0028616340,"Books",983309,"The Complete Idiot's Guide to Classical Music",17.44,"http://ecx.images-amazon.com/images/I/51yJ3Cc2R-L.jpg",448,1396.97,3.12
0028615883,"Books",829151,"Vegetarian Times Low-Fat &amp; Fast",12.96,"http://ecx.images-amazon.com/images/I/710%2BdPNow6L.jpg",198,980.16,4.95
0028615727,"Books",3730882,"Frommers Greece from $50 a Day (7th Ed.)",195.29,"http://ecx.images-amazon.com/images/I/51KWT9DVVBL.jpg",776,2450.2,3.16
0028618521,"Books",161456,"Weight Watchers Versatile Vegetarian",16.86,"http://ecx.images-amazon.com/images/I/51GifSa1stL.jpg",610,2578.29,4.23
0028617258,"Books",2438295,"Webster's New World Japanese Dictionary",11.77,"http://ecx.images-amazon.com/images/I/51ra9wyieDL.jpg",242,1206.06,4.98
0028618831,"Books",2330506,"Arco Making Money in Technical Writing",395.73,"http://ecx.images-amazon.com/images/I/51PSFQCB8SL.jpg",453,1785.71,3.94
0028618483,"Books",2242140,"Stews: 200 Earthy, Delicious Recipes",9.99,"http://ecx.images-amazon.com/images/I/51V20AKZXTL.jpg",516,1872.5,3.63
0028616812,"Books",2225981,"The New American Trout Fishing",99.88,"http://ecx.images-amazon.com/images/I/513GD5J0MQL.jpg",919,3983.86,4.33
0028617606,"Books",3126428,"The Complete Idiot's Guide to Golf",10.99,"http://ecx.images-amazon.com/images/I/51a9dFGCbSL.jpg",631,2185.65,3.46
0028617533,"Books",2297627,"Answers From Within: Spiritual Guidelines for Managing Setbacks in Work and Life",19.76,"http://ecx.images-amazon.com/images/I/4185G9TFS4L.jpg",676,2846.81,4.21
0028615506,"Books",559302,"Frommer's Europe's Greatest Driving Tours",11.62,"http://ecx.images-amazon.com/images/I/51CBQH6FVSL.jpg",562,2149.28,3.82
0028612922,"Books",1279112,"Flight of the Reindeer: The True Story of Santa Claus and his Christmas Mission",13.77,"http://ecx.images-amazon.com/images/I/51%2BOoTdaTGL.jpg",482,2354.98,4.89
0028618416,"Books",1999273,"Save Smart For A Secure Future: The essential guide to achieving your retirement dreams",524.52,"http://ecx.images-amazon.com/images/I/51NY2817WPL.jpg",876,3335.75,3.81
0028617266,"Books",252698,"Webster's New World Compact Japanese Dictionary: Japanese/Engish-English/Japanese",7.13,"http://ecx.images-amazon.com/images/I/51LUzwv6rVL.jpg",620,2443.93,3.94
002861349X,"Books",488507,"New Classic Cocktails",17.95,"http://ecx.images-amazon.com/images/I/5112AP19W0L.jpg",807,3202.66,3.97
002861514X,"Books",5875673,"Looking for Love on Line: How to Meet Women Using an Online Service",528.21,"http://ecx.images-amazon.com/images/I/71F4GPR3AGL.gif",740,3200.27,4.32
0028616626,"Books",3207568,"Ben Hogan's Secret: A Fictionalized Biography",2.99,"http://ecx.images-amazon.com/images/I/71YSX92T4EL.gif",318,972.93,3.06
0028617401,"Books",2839380,"Literary Agents: A Writer's Introduction",3.99,"http://ecx.images-amazon.com/images/I/51GKDWQBWVL.jpg",345,1051.14,3.05
0028618785,"Books",6096650,"Frommer's Madrid &amp; Barcelona by Night",364.02,"http://ecx.images-amazon.com/images/I/41Z8B00X8ZL.jpg",419,1861.44,4.44
002861996X,"Books",11743010,"J.K. Lasser's Your Income Tax 1998 (Serial)",463.54,"http://ecx.images-amazon.com/images/I/71K657EN8PL.gif",440,1413.62,3.21
0028617320,"Books",6565449,"Baby Maneuvers",13.46,"http://ecx.images-amazon.com/images/I/71K58RKQKYL.gif",648,3073.53,4.74
0028619757,"Books",791433,"The Complete Idiot's Guide to Cigars",11.3,"http://ecx.images-amazon.com/images/I/51p5iQd4PgL.jpg",675,3084.71,4.57
0028617819,"Books",841673,"The Port Companion: A Connoisseur's Guide",38.9,"http://ecx.images-amazon.com/images/I/514N1AHB2YL.jpg",997,3727.59,3.74
0028615891,"Books",721591,"Gardening from Scratch",9.36,"http://ecx.images-amazon.com/images/I/51GA01NYNTL.jpg",460,1384.86,3.01
0028618327,"Books",4967735,"Frommer's Great Outdoor Guide to Southern California &amp; Baja",294.93,"http://ecx.images-amazon.com/images/I/51520MVVM7L.jpg",641,1997.27,3.12
0028620585,"Books",3421406,"Is It Too Late to Run Away and Join the Circus?: Finding the Life You Really Want",434.08,"http://ecx.images-amazon.com/images/I/4175bGYaVGL.jpg",332,1617.56,4.87
0028617355,"Books",1830956,"The Complete Idiot's Guide to Bridge",14.47,"http://ecx.images-amazon.com/images/I/51ZTAS0oBnL.jpg",107,412.01,3.85
0028619889,"Books",1304852,"The Gourmet Atlas",15.98,"http://ecx.images-amazon.com/images/I/51AVhCxSkWL.jpg",897,4335.08,4.83
0028617800,"Books",1585996,"The Single Malt Whisky Companion : A Connoisseur's Guide",20.09,"http://ecx.images-amazon.com/images/I/51QWHAYDB6L.jpg",497,1673.61,3.37
002861724X,"Books",3709748,"Webster's New World Spanish Grammar and Exercises",708.64,"http://ecx.images-amazon.com/images/I/71SSP6ET7YL.gif",871,2815.25,3.23
0028620895,"Books",3817174,"Atlas of the Future: Discover What Lies in Store for Our World in the 21st Century and Beyond",487.45,"http://ecx.images-amazon.com/images/I/51X2NTXFQKL.jpg",747,2524.41,3.38
0028620852,"Books",3938723,"Frommer's Yellowstone and Grand Teton National Parks",442.96,"http://ecx.images-amazon.com/images/I/71BQAMYST7L.gif",241,1181.11,4.9
0028618823,"Books",6587647,"Writer's Guide to Internet Resources",262.26,"http://ecx.images-amazon.com/images/I/71ER4357VYL.gif",274,1227.47,4.48
0028620887,"Books",4321578,"The Atlas of the Future",398.4,"http://ecx.images-amazon.com/images/I/21HZM3Y0P0L.jpg",436,1526.79,3.5
0028619838,"Books",1898028,"Vegetarian Times Low-Fat &amp; Fast Asian",467.85,"http://ecx.images-amazon.com/images/I/51z0gD6VhVL.jpg",375,1769.92,4.72
0028621263,"Books",1023494,"Complete Idiot's Guide to Smart Moving (The Complete Idiot's Guide)",12.27,"http://ecx.images-amazon.com/images/I/513VPDK4REL.jpg",248,1085.13,4.38
0028620445,"Books",1187192,"The Complete Idiot's Guide to Investing like a Pro",14.12,"http://ecx.images-amazon.com/images/I/51WupgnFGYL.jpg",950,3039.85,3.2
0028620577,"Books",259168,"Ken Schultz's Fishing Encyclopedia",37.29,"http://ecx.images-amazon.com/images/I/514jdKBAowL.jpg",268,1252.94,4.68
0028619870,"Books",603140,"Israel: The Historical Atlas&mdash;The Story of Israel&mdash;From Ancient Times to the Modern Nation",3.59,"http://ecx.images-amazon.com/images/I/51VT74T3GHL.jpg",870,4087.86,4.7
0028618475,"Books",244275,"Whole Grain Breads by Machine or Hand: 200 Delicious, Healthful, Simple Recipes",13.3,"http://ecx.images-amazon.com/images/I/51SKRYCB9WL.jpg",508,2381.05,4.69
0028616820,"Books",1776740,"The PGA Manual of Golf: Professional's Way to Play Better Golf",17.99,"http://ecx.images-amazon.com/images/I/514FANAyOhL.jpg",751,3161.62,4.21
0028619471,"Books",2135954,"The Complete Idiot's Guide to Genealogy",14.53,"http://ecx.images-amazon.com/images/I/51Api113ejL.jpg",316,1373.06,4.35
0028621565,"Books",4535694,"Webster's New World Dictionary of Quotations",388.22,"http://ecx.images-amazon.com/images/I/71M97MAMWDL.gif",838,3805.62,4.54
0028618904,"Books",2669619,"Webster's New World Dictionary of Computer Terms",9.94,"http://ecx.images-amazon.com/images/I/71EXX2NTQSL.gif",902,3050.36,3.38
002862002X,"Books",1670943,"Fabulous &amp; Flourless: 150 Wheatless and Dairy-Free Deserts",9.6,"http://ecx.images-amazon.com/images/I/61LpIC2uHxL.jpg",309,1286.95,4.16
0028620917,"Books",1569262,"The Magic Land: Designing Your Own Enchanted Garden",4.0,"http://ecx.images-amazon.com/images/I/71BRPP4D86L.gif",228,770.42,3.38
0028620720,"Books",5019011,"Show Time: A Chronology of Broadway and the Theatre from Its Beginnings to the Present",82.72,"http://ecx.images-amazon.com/images/I/7186BB45YFL.gif",588,2456.08,4.18
0028620550,"Books",4725076,"Frommer's Yosemite &amp; Sequoia/King's Canyon National Park",426.47,"http://ecx.images-amazon.com/images/I/51ZVW48Z67L.jpg",733,3269.1,4.46
0028621328,"Books",53397,"The Official Scrabble Word-Finder",7.84,"http://ecx.images-amazon.com/images/I/61zLFTxwLCL.jpg",908,3579.08,3.94
0028619560,"Books",690798,"The Complete Idiot's Guide to Grammar and Style",3.94,"http://ecx.images-amazon.com/images/I/51-0VG7G7EL.jpg",976,4034.4,4.13
0028621492,"Books",1477000,"Vegetarian Times Low-Fat &amp; Fast Mexican",11.3,"http://ecx.images-amazon.com/images/I/51fO788KV9L.jpg",553,1823.29,3.3
0028621573,"Books",614390,"Webster's New World Pocket Style Guide",6.64,"http://ecx.images-amazon.com/images/I/51%2BkGkpO9xL.jpg",407,1775.89,4.36
0028623320,"Books",1314323,"Italian Festival Food: Recipes and Traditions from Italy's Regional Country Food Fairs",690.2,"http://ecx.images-amazon.com/images/I/51zulZK9SmL.jpg",957,3787.35,3.96
0028620054,"Books",144790,"Burpee : The Complete Vegetable &amp; Herb Gardener : A Guide to Growing Your Garden Organically",16.25,"http://ecx.images-amazon.com/images/I/51W86eslpSL.jpg",403,1714.39,4.25
0028622480,"Books",3915592,"The First-Book Market: Where and How to Publish Your First Book and Make It a Success",4.0,"http://ecx.images-amazon.com/images/I/510DZ9AWNSL.jpg",711,2590.51,3.64
0028622839,"Books",2303940,"All About Chocolate: The Ultimate Resource for the World's Favorite Food",11.18,"http://ecx.images-amazon.com/images/I/51AD08FDXGL.jpg",184,631.7,3.43
0028621085,"Books",2033762,"Complete Idiot's Guide to Adoption (The Complete Idiot's Guide)",9.99,"http://ecx.images-amazon.com/images/I/51MVBIHigtL.jpg",934,3496.44,3.74
0028622529,"Books",2618768,"Home Business Big Business: The Definitive Guide to Starting and Operating On-Line and Traditional Home-Based Ventures",478.45,"http://ecx.images-amazon.com/images/I/51HEGZ88N6L.jpg",134,605.28,4.52
0028620135,"Books",1245410,"Simon &amp; Schuster's International Spanish Dictionary",2.74,"http://ecx.images-amazon.com/images/I/51stXaBfAGL.jpg",814,3853.3,4.73
0028623754,"Books",1822337,"Diccionario espa&ntilde;ol/ingl&eacute;s - ingl&eacute;s/espa&ntilde;ol: Harrap's Giant Paperback Spanish Dictionary",620.54,"http://ecx.images-amazon.com/images/I/716RXZH65QL.gif",626,2269.13,3.62
0028622812,"Books",1671059,"The Way Nature Works",117.24,"http://ecx.images-amazon.com/images/I/51NPE5PJA7L.jpg",486,2009.24,4.13
0028623339,"Books",2241573,"Prime Time: The Lobels' Guide to Great Grilled Meats",27.95,"http://ecx.images-amazon.com/images/I/518EH7YTMEL.jpg",123,531.49,4.32
0028621506,"Books",3534142,"Cook it Light Pasta, Rice, and Beans",13.46,"http://ecx.images-amazon.com/images/I/71%2BbBsJ854L.jpg",607,2357.09,3.88
0028622405,"Books",11811674,"Frommer's Irreverent Guide: London",198.05,"http://ecx.images-amazon.com/images/I/41CBHYBYAQL.jpg",134,567.19,4.23
0028616308,"Books",1242992,"American Brasserie: 180 Simple, Robust Recipes Inspired by the Rustic Foods of France, Italy, and America",18.33,"http://ecx.images-amazon.com/images/I/51dnb2i-j7L.jpg",494,1553.32,3.14
0028623983,"Books",12357719,"Jk Lassers Invest Online: Do-It-Yourself and Keep More of What You Earn",146.16,"http://ecx.images-amazon.com/images/I/51FZ7HP8D1L.jpg",782,3603.83,4.61
0028624548,"Books",1222438,"The Unofficial Guide to Dating Again",8.78,"http://ecx.images-amazon.com/images/I/513Xs23r7eL.jpg",794,3231.78,4.07
0028623150,"Books",1046421,"Organic Gardening",55.21,"http://ecx.images-amazon.com/images/I/716zyGvzR1L.jpg",983,4475.32,4.55
0028624475,"Books",7654331,"Frommer's Italy From $70 A Day (Frommer's $ A Day)",544.43,"http://ecx.images-amazon.com/images/I/5164SSSRCYL.jpg",915,4245.12,4.64
0028621425,"Books",3219247,"Frommer's Memorable Walks in London",776.89,"http://ecx.images-amazon.com/images/I/517V5BKX51L.jpg",862,4260.9,4.94
0028622863,"Books",1317400,"Pasta Verde",22.49,"http://ecx.images-amazon.com/images/I/810WGSgjk2L.jpg",746,3728.89,5.0
0028622367,"Books",6459944,"Frommer's Florida's Best-Loved Driving Tours",693.34,"http://ecx.images-amazon.com/images/I/51Y560132SL.jpg",159,592.19,3.72
0028621697,"Books",2580839,"The New York Public Library Desk Reference",15.0,"http://ecx.images-amazon.com/images/I/5154J42VTGL.jpg",681,2779.02,4.08
0028622472,"Books",3216324,"Frommer's Memorable Walks in Paris",334.3,"http://ecx.images-amazon.com/images/I/51N7NXA522L.jpg",526,1772.35,3.37
0028621700,"Books",300171,"The Open Adoption Book: A Guide to Adoption without Tears",12.0,"http://ecx.images-amazon.com/images/I/514IitqeueL.jpg",170,833.08,4.9
0028623940,"Books",2141508,"The Complete Idiot's Guide to Get Good Night Sleep",67.33,"http://ecx.images-amazon.com/images/I/710DHCFVN1L.gif",296,1345.81,4.55
0028616650,"Books",302427,"I Know You Really Love Me: A Psychiatrist's Journal of Erotomania, Stalking, and Obsessive Love",10.66,"http://ecx.images-amazon.com/images/I/71FFHA0M44L.gif",573,2682.22,4.68
0028624076,"Books",1045619,"The Complete Idiot's Guide to Stepparenting",9.99,"http://ecx.images-amazon.com/images/I/51%2BfAKUbeSL.jpg",226,1020.83,4.52
0028620283,"Books",3180212,"Betty Crocker's New Choices Cookbook: More Than 500 Great Tasting Easy Recipes for Eating Right (Betty Crocker Home Library)",558.44,"http://ecx.images-amazon.com/images/I/711FH6JCT9L.gif",155,600.64,3.88
0028622073,"Books",1268059,"How to Write Poetry (Third Edition)",8.33,"http://ecx.images-amazon.com/images/I/41FD9NW1NJL.jpg",451,1751.65,3.88
0028623355,"Books",509152,"Nick Malgieri's Perfect Pastry: Create Fantastic Desserts by Mastering the Basic Techniques",21.43,"http://ecx.images-amazon.com/images/I/51AVGQ44T8L.jpg",119,480.7,4.04
0028622235,"Books",5025560,"Annuals: A Growing Guide for Easy, Colorful Gardens (Burpee)",25.44,"http://ecx.images-amazon.com/images/I/51BZNRNJNKL.jpg",740,2403.48,3.25
0028624556,"Books",4573768,"The Unofficial Guide to Divorce",12.11,"http://ecx.images-amazon.com/images/I/51JTS6F5H1L.jpg",883,3657.91,4.14
0028619641,"Books",587274,"The Complete Idiot's Guide to Assertiveness",9.99,"http://ecx.images-amazon.com/images/I/51kdVDNZ7wL.jpg",583,2885.08,4.95
002862386X,"Books",1528820,"The Complete Idiot's Guide to Jogging and Running",11.2,"http://ecx.images-amazon.com/images/I/51BLO6PDhOL.jpg",732,2917.82,3.99
0028624505,"Books",1093966,"Betty Crocker's Best-Loved Recipes",22.23,"http://ecx.images-amazon.com/images/I/519U4aZ124L.jpg",380,1563.94,4.12
0028622618,"Books",1241316,"Betty Crocker's Vegetarian Cooking: Easy Meatless Main Dishes Your Family Will Love!",17.14,"http://ecx.images-amazon.com/images/I/51Qd12ZME-L.jpg",684,3418.78,5.0
0028624610,"Books",3845776,"The Unofficial Guide to Buying a Home (The Unofficial Guide Series)",433.11,"http://ecx.images-amazon.com/images/I/5128QRJYWBL.jpg",244,1033.88,4.24
0028623363,"Books",3166313,"Vegetables on the Side: The Complete Guide to Buying and Cooking",727.61,"http://ecx.images-amazon.com/images/I/51YCQCTQ5EL.jpg",191,785.94,4.11
0028624432,"Books",12025434,"Frommer's Irreverent Guide to Paris (2nd ed)",693.72,"http://ecx.images-amazon.com/images/I/4123X41JV5L.jpg",968,4712.65,4.87
0028626400,"Books",5974120,"Frommer's Gay &amp; Lesbian Europe",137.12,"http://ecx.images-amazon.com/images/I/41VZAHM8DCL.jpg",173,772.22,4.46
0028624521,"Books",1196602,"Betty Crocker's Best of Healthy and Hearty Cooking: More Than 400 Recipes Your Family Will Love",17.08,"http://ecx.images-amazon.com/images/I/618X-bVj0iL.jpg",304,1086.95,3.58
0028624599,"Books",785531,"The Unofficial Guide to Planning Your Wedding",453.44,"http://ecx.images-amazon.com/images/I/51H7NZ8MZVL.jpg",698,2141.05,3.07
0028623819,"Books",747467,"Webster's New World Basic Dictionary of American English",12.07,"http://ecx.images-amazon.com/images/I/51neW9lGu0L.jpg",805,2683.26,3.33
0028625684,"Books",1666191,"The 15-Minute Gourmet: Noodles",10.0,"http://ecx.images-amazon.com/images/I/51RXJZXZRXL.jpg",904,3414.33,3.78
002861917X,"Books",681729,"Helping the Stork: The Choices and Challenges of Donor Insemination",18.85,"http://ecx.images-amazon.com/images/I/41PYowScMTL.jpg",556,2206.57,3.97
0028623886,"Books",827577,"The Complete Idiot's Guide to Learning  Sign Language",16.47,"http://ecx.images-amazon.com/images/I/51msUWqfpuL.jpg",785,3295.49,4.2
0028625803,"Books",1284880,"The History Atlas of Africa : From the First Humans to the Emergence of a New South Africa (History Atlas Series)",10.67,"http://ecx.images-amazon.com/images/I/71G870X02XL.gif",550,2722.99,4.95
0028624513,"Books",349504,"Betty Crocker's Cooking Basics: Learning to Cook with Confidence",19.68,"http://ecx.images-amazon.com/images/I/51uPCp5L5LL.jpg",736,2410.4,3.27
0028625129,"Books",1739503,"10,000 Ideas For Term, Ppr,Proj 5th ed (Arco 10,000 Ideas for Term Papers, Projects, Reports &amp; Speeches)",745.99,"http://ecx.images-amazon.com/images/I/51F3W7JD53L.jpg",558,1730.44,3.1
0028626222,"Books",1376959,"Lifescripts for Managers",23.53,"http://ecx.images-amazon.com/images/I/71CW4TAA3EL.gif",308,1371.55,4.45
0028623371,"Books",733957,"1,000 Jewish Recipes (1,000 Recipes)",19.24,"http://ecx.images-amazon.com/images/I/81RqtnA0gpL.jpg",924,2783.72,3.01
0028626958,"Books",2639081,"The Unofficial Guide to Having a Baby",11.92,"http://ecx.images-amazon.com/images/I/515FH2W4NYL.jpg",646,2483.14,3.84
0028624572,"Books",2276360,"The Unofficial Guide to Childcare",15.9,"http://ecx.images-amazon.com/images/I/51F-CGJ6hhL.jpg",201,642.28,3.2
0028625676,"Books",2294687,"Vegetarian Times Complete Thanksgiving Cookbook",14.54,"http://ecx.images-amazon.com/images/I/515R0VMJXCL.jpg",405,1496.4,3.69
0028627385,"Books",1350741,"The Complete Idiot's Guide to the Art of Seduction",15.44,"http://ecx.images-amazon.com/images/I/512-qv3APQL.jpg",127,579.78,4.57
002862646X,"Books",9019755,"Care for Your Home the Lazy Way (The Lazy Way Series)",142.61,"http://ecx.images-amazon.com/images/I/51V1F00594L.jpg",197,836.9,4.25
0028626303,"Books",427543,"Elements of Copywriting: The Essential Guide to Creating Copy That Gets the Res",7.6,"http://ecx.images-amazon.com/images/I/71RJDDEWSXL.gif",757,3574.82,4.72
0028625846,"Books",1324058,"The History Atlas of Europe (History Atlas Series)",10.95,"http://ecx.images-amazon.com/images/I/71YEB96JWYL.gif",524,1859.07,3.55
0028627350,"Books",948321,"The Complete Idiot's Guide to World War II",15.01,"http://ecx.images-amazon.com/images/I/51BoLNcZfmL.jpg",228,706.98,3.1
0028627474,"Books",2090254,"Webster's New World Dictionary of Music",51.08,"http://ecx.images-amazon.com/images/I/7164WD025SL.gif",306,1117.14,3.65
0028621654,"Books",1256638,"Complete Idiot's Guide to Managed Health Care (The Complete Idiot's Guide)",76.09,"http://ecx.images-amazon.com/images/I/51MPY25DRTL.jpg",605,2384.57,3.94
0028627520,"Books",13243567,"Frommer's Atlanta (Frommer's Atlanta, 6th ed)",350.44,"http://ecx.images-amazon.com/images/I/51E37CNDMTL.jpg",827,2720.81,3.29
0028626753,"Books",4435571,"Energy Now: Simple Ways to Gain Vitality, Overcome Tension, and Achieve Harmony and Balance",420.07,"http://ecx.images-amazon.com/images/I/71BNJ17TTPL.gif",227,833.42,3.67
0028626451,"Books",888374,"The Complete Idiot's Guide to Pool &amp; Billiards",17.18,"http://ecx.images-amazon.com/images/I/51VPmwd8alL.jpg",587,2342.54,3.99
0028623274,"Books",1097785,"Gary Null's International Vegetarian Cookbook",35.96,"http://ecx.images-amazon.com/images/I/51J2VBT3S6L.jpg",649,3020.88,4.65
0028623851,"Books",1053461,"The Complete Idiot's Guide to Classical Mythology",6.98,"http://ecx.images-amazon.com/images/I/51GFw%2B6mNIL.jpg",742,3412.95,4.6
0028627393,"Books",2397864,"The Complete Idiot's Guide to Dating (2nd Edition)",9.99,"http://ecx.images-amazon.com/images/I/51eEwluZm1L.jpg",290,1285.51,4.43
002862761X,"Books",5881677,"Frommer's Portable Maine Coast",662.45,"http://ecx.images-amazon.com/images/I/51VKAP58EDL.jpg",803,2664.09,3.32
0028627113,"Books",242882,"The Complete Idiot's Guide to Jewish History and Culture",9.99,"http://ecx.images-amazon.com/images/I/51BirtJFarL.jpg",439,1695.92,3.86
0028622855,"Books",648881,"The Indian Vegetarian",26.63,"http://ecx.images-amazon.com/images/I/51Q4AKC7MXL.jpg",311,938.14,3.02
0028626192,"Books",5123524,"Frommer's Irreverent Guide to Washington, D.C. (2nd ed)",6.25,"http://ecx.images-amazon.com/images/I/7108C6C8TDL.gif",406,1543.78,3.8
0028625102,"Books",3046257,"You're Hired Secrets to SuccJobInterview",406.51,"http://ecx.images-amazon.com/images/I/71DY8XDNMWL.gif",499,2473.87,4.96
0028627253,"Books",959217,"The Complete Idiot's Guide to Soccer",16.36,"http://ecx.images-amazon.com/images/I/51EiPssp3FL.jpg",851,2786.14,3.27
0028627687,"Books",5658642,"Frommer's Wonderful Weekends From New York City",183.48,"http://ecx.images-amazon.com/images/I/51W54PQ649L.jpg",640,3193.97,4.99
0028629604,"Books",11755873,"Frommer's Beijing (Frommer's Beijing, 1st ed)",619.15,"http://ecx.images-amazon.com/images/I/51DRPD4S5RL.jpg",511,1844.36,3.61
0028629248,"Books",1494988,"The Unofficial Guide to Acing the Interview",8.23,"http://ecx.images-amazon.com/images/I/519W5M7G5PL.jpg",805,3831.68,4.76
0028627202,"Books",11815915,"Frommer's Sweden (Frommer's Complete Guides)",600.75,"http://ecx.images-amazon.com/images/I/51283HMFRCL.jpg",871,3385.73,3.89
0028629868,"Books",8150358,"Frommer's 2000 Maui With Molokai and Lanai (Frommer's Maui, 2000)",507.82,"http://ecx.images-amazon.com/images/I/51E6C5HR2VL.jpg",506,2016.82,3.99
0028626036,"Books",787528,"Betty Crocker's Cookie Book: More Than 250 of America's Best-Loved Cookies",18.93,"http://ecx.images-amazon.com/images/I/51C7ws3U76L.jpg",354,1518.9,4.29
0028630181,"Books",10567775,"Build a Web Site the Lazy Way (Macmillan Lifestyles Guide)",11.01,"http://ecx.images-amazon.com/images/I/510V038N8XL.jpg",912,2906.82,3.19
0028629302,"Books",1334709,"The Complete Idiot's Guide to Enhancing Self-Esteem",11.99,"http://ecx.images-amazon.com/images/I/51bgrHV5inL.jpg",825,4124.02,5.0
0028626427,"Books",3308899,"Frommer's South Africa (Frommer's Complete Guides)",18.9,"http://ecx.images-amazon.com/images/I/51T12PcVUOL.jpg",985,3689.15,3.75
0028629515,"Books",720538,"Complete Idiot's Guide to Baseball",12.5,"http://ecx.images-amazon.com/images/I/516bpDd5P3L.jpg",437,1563.0,3.58
0028620666,"Books",572600,"Betty Crocker's Best of Baking: More Than 350 of America's Favorite Recipes",19.99,"http://ecx.images-amazon.com/images/I/51nxgpCLK3L.jpg",805,3633.88,4.51
0028628268,"Books",2453388,"Understanding Your Child's Temperament",3.49,"http://ecx.images-amazon.com/images/I/71D0F6J85TL.gif",756,3667.61,4.85
0028627415,"Books",878313,"The Complete Idiot's Guide to Verbal Self-Defense",9.99,"http://ecx.images-amazon.com/images/I/5151F5vZXxL.jpg",171,609.37,3.56
0028629957,"Books",9524192,"Frommer's Europe 2000",16.58,"http://ecx.images-amazon.com/images/I/51WBNX22VTL.jpg",258,864.99,3.35
0028626796,"Books",1124217,"The Complete Idiot's Guide to Basketball",9.78,"http://ecx.images-amazon.com/images/I/51-amFa9MSL.jpg",976,4426.62,4.54
0028626494,"Books",3452824,"Clean Your House The Lazy Way",74.77,"http://ecx.images-amazon.com/images/I/51X0E3HSR0L.jpg",210,733.66,3.49
0028624440,"Books",3613422,"Frommer's Irreverent Guide to Amsterdam (Irreverent Guides)",19.08,"http://ecx.images-amazon.com/images/I/41VACVCS5AL.jpg",463,1457.52,3.15
002863036X,"Books",12932613,"Frommer's 2000 New York City From $80 A Day: The Ultimate Guide to Comfortable Low-Cost Travel (Frommer's $ A Day)",446.24,"http://ecx.images-amazon.com/images/I/51M6YP99RVL.jpg",596,1825.82,3.06
0028621441,"Books",2205302,"Frommer's The Civil War Trust's Official Guide to the Civil War Discovery Trail",12.2,"http://ecx.images-amazon.com/images/I/5115CGV8K3L.jpg",267,1264.91,4.74
0028630645,"Books",11628986,"Frommer's London 2000",710.61,"http://ecx.images-amazon.com/images/I/51J5HAGCC8L.jpg",726,3619.53,4.99
0028630351,"Books",5141081,"Frommer's New York City 2000",622.05,"http://ecx.images-amazon.com/images/I/5192EK7SP7L.jpg",623,2688.08,4.31
0028628829,"Books",5557191,"Webster's New World Pocket Internet Directory and Dictionary",567.73,"http://ecx.images-amazon.com/images/I/51lcvf2K80L.jpg",505,1609.68,3.19
0028628918,"Books",4707325,"Frommer's Carribean Cruises and Ports of Call: Every Ship Sailing the Caribbean, plus Bermuda and the Panama Canal! (Frommer's Cruises)",317.74,"http://ecx.images-amazon.com/images/I/51X1KEDY9VL.jpg",754,2928.5,3.88
0028629493,"Books",1752095,"The Complete Idiot's Guide to Improving Your Memory",14.6,"http://ecx.images-amazon.com/images/I/51CiYEcBcrL.jpg",622,1997.92,3.21
0028629035,"Books",1113343,"The Complete Idiot's Guide to Buying and Selling a Business",20.01,"http://ecx.images-amazon.com/images/I/51-rKEP5TFL.jpg",142,469.67,3.31
0028629450,"Books",1442079,"The Complete Idiot's Guide to the Old West",12.97,"http://ecx.images-amazon.com/images/I/51E7oAdQ0BL.jpg",973,4190.82,4.31
0028627717,"Books",33035,"Betty Crocker's Picture Cook Book",22.23,"http://ecx.images-amazon.com/images/I/61eEZp91g5L.jpg",127,634.56,5.0
0028628217,"Books",1487416,"Get the Facts on Anyone (Get the Facts on Anyone)3rd Edition",27.55,"http://ecx.images-amazon.com/images/I/31cpOStTvmL.jpg",588,2733.42,4.65
0028627598,"Books",1063707,"Weight Watchers Stop Stuffing Yourself: 7 Steps To Conquering Overeating",9.65,"http://ecx.images-amazon.com/images/I/51AW6TJEN8L.jpg",747,3267.27,4.37
0028629000,"Books",13247631,"Frommer's Boston 2000",709.47,"http://ecx.images-amazon.com/images/I/51BYEZNEPTL.jpg",765,2795.79,3.65
0028631471,"Books",3100463,"The Pocket Idiot's Guide to Italian Phrases",4.0,"http://ecx.images-amazon.com/images/I/71JF0XC1EKL.gif",503,1602.47,3.19
0028627245,"Books",2599386,"The Complete Idiot's Guide to Improving Your IQ",10.99,"http://ecx.images-amazon.com/images/I/51fgPxVR9JL.jpg",682,2252.13,3.3
0028630904,"Books",11327387,"Frommer's Portable Maui",703.93,"http://ecx.images-amazon.com/images/I/51XH4HA5PWL.jpg",893,4186.56,4.69
0028628691,"Books",4113699,"Frommer's The Moon: A Guide for First-Time Visitors (Frommer Other)",284.3,"http://ecx.images-amazon.com/images/I/51RXZZVDZ0L.jpg",941,3618.15,3.85
0028630599,"Books",5339276,"The Unofficial Guide to New Orleans (Unofficial Guides)",282.87,"http://ecx.images-amazon.com/images/I/51TSK4WHVZL.jpg",523,1775.83,3.4
0028631536,"Books",4863943,"Frommer's Irreverent Guide to Las Vegas",546.7,"http://ecx.images-amazon.com/images/I/61Qr%2B07gvcL.jpg",534,2607.35,4.88
002862985X,"Books",8790875,"Frommer's Honolulu, Waikiki &amp; Oahu (Frommer's Complete Guides)",12.49,"http://ecx.images-amazon.com/images/I/51ZNDKGQNGL.jpg",667,2757.91,4.13
0028631188,"Books",55207,"Webster's New World College Dictionary, Indexed Fourth Edition",17.47,"http://ecx.images-amazon.com/images/I/71QCMWqbbtL.jpg",716,2807.46,3.92
0028630734,"Books",4257918,"The Unofficial Guide to Hawaii (Unofficial Guides)",17.97,"http://ecx.images-amazon.com/images/I/51WJ4S8680L.jpg",784,3075.38,3.92
0028631870,"Books",1548935,"The Complete Idiot's Guide to Reflexology",11.25,"http://ecx.images-amazon.com/images/I/51bFpD8wkFL.jpg",996,4358.64,4.38
0028629612,"Books",9123375,"Frommer's 2000 Arizona (Frommer's Complete Guides)",375.05,"http://ecx.images-amazon.com/images/I/51592TXD5SL.jpg",713,3298.7,4.63
0028629175,"Books",884838,"Unofficial Guide to Casino Gambling",15.68,"http://ecx.images-amazon.com/images/I/51huuMZGoyL.jpg",586,2801.23,4.78
0028631412,"Books",1205841,"Frommer's Born to Shop Paris: The Ultimate Guide to Travelers Who Love to Shop",16.99,"http://ecx.images-amazon.com/images/I/71j%2B1Q%2BZqdS.jpg",320,1311.45,4.1
0028627199,"Books",9633521,"Frommer's Scandinavia",26.86,"http://ecx.images-amazon.com/images/I/51045TCEJHL.jpg",753,3396.93,4.51
0028629361,"Books",2042794,"Frommer's Italy's Best-Loved Driving Tours",176.11,"http://ecx.images-amazon.com/images/I/51HG4CZN4ZL.jpg",344,1380.2,4.01
0028630823,"Books",410207,"Betty Crocker's A Passion For Pasta",615.89,"http://ecx.images-amazon.com/images/I/51fCimOTUZL.jpg",246,1056.56,4.29
0028630890,"Books",2941636,"Frommer's Tuscany &amp; Umbria: With the Best of Florence and the Hill Towns (Frommer's Tuscany and Umbria, 2nd ed)",393.39,"http://ecx.images-amazon.com/images/I/51Z65ND2BBL.jpg",654,2863.48,4.38
0028632338,"Books",7359005,"Frommer's Miami &amp; the Keys 2000: With Fort Lauderdale and the Palm Beaches (Frommer's Miami and the Keys)",620.92,"http://ecx.images-amazon.com/images/I/51328A11SVL.jpg",118,519.1,4.4
0028629043,"Books",1101133,"The Complete Idiot's Guide to Being Psychic",12.2,"http://ecx.images-amazon.com/images/I/51IDp6LkSEL.jpg",277,1061.17,3.83
0028629841,"Books",5016731,"Frommer's Hawaii from $70 a Day: The Ultimate Guide to Comfortable Low-Cost Travel (Frommer's $ A Day)",259.3,"http://ecx.images-amazon.com/images/I/51ADYSDRXGL.jpg",429,1718.01,4.0
0028630653,"Books",7519613,"Frommer's Italy 2000",50.78,"http://ecx.images-amazon.com/images/I/51A3KPNBPBL.jpg",678,3223.5,4.75
0028631897,"Books",1248647,"The Complete Idiot's Guide to Fatherhood",8.99,"http://ecx.images-amazon.com/images/I/51RV-YatnDL.jpg",302,915.71,3.03
0028630963,"Books",5231024,"The Unofficial Guide to London (Unofficial Guides)",5.88,"http://ecx.images-amazon.com/images/I/51CWRZH8WXL.jpg",866,3735.32,4.31
0028631552,"Books",450891,"Betty Crocker's Best Chicken Cookbook",17.95,"http://ecx.images-amazon.com/images/I/514m8-Va6hL.jpg",221,746.42,3.38
0028631528,"Books",80067,"Fish: Complete Guide to Buying and Cooking",13.3,"http://ecx.images-amazon.com/images/I/61lTfXTHZGL.jpg",141,522.93,3.71
0028632761,"Books",8372609,"Frommer's Ireland 2000: With the Best of the Cities and the Countryside",206.34,"http://ecx.images-amazon.com/images/I/51VNB95E07L.jpg",176,644.86,3.66
0028633563,"Books",7976495,"Frommer's Irreverent Guide to Los Angeles (Irreverent Guides)",16.83,"http://ecx.images-amazon.com/images/I/41HFN81S06L.jpg",733,2211.78,3.02
0028632028,"Books",1070645,"The Complete Idiot's Guide to Handwriting Analysis",15.26,"http://ecx.images-amazon.com/images/I/51vsk9jwzlL.jpg",229,1124.2,4.91
0028624149,"Books",1413247,"Complete Idiot's Guide to Understanding Men and Women",14.81,"http://ecx.images-amazon.com/images/I/51FTTCWKFQL.jpg",316,1266.75,4.01
0028631889,"Books",427905,"The Complete Idiot's Guide(R) to Power Yoga",535.88,"http://ecx.images-amazon.com/images/I/51wi6HPN9tL.jpg",906,3505.03,3.87
0028631234,"Books",225355,"Webster's New World Roget's A-Z Thesaurus",10.03,"http://ecx.images-amazon.com/images/I/717fU-Cji3L.jpg",829,2913.84,3.51
0028627431,"Books",1957033,"The Complete Idiot's Guide to Learning Spanish,Second Edition (2nd Edition)",4.0,"http://ecx.images-amazon.com/images/I/51t%2BMK0qvRL.jpg",578,1986.48,3.44
0028633725,"Books",975231,"The Complete Idiot's Guide to Herbal Remedies",9.78,"http://ecx.images-amazon.com/images/I/5135qFaa2ML.jpg",565,1874.1,3.32
002863201X,"Books",490655,"The Complete Idiot's Guide to Numerology",12.63,"http://ecx.images-amazon.com/images/I/51hhpZ%2BEslL.jpg",890,3972.47,4.46
0028633504,"Books",776289,"Weight Watchers Simply the Best: 250 Prize-Winning Family Recipes",18.45,"http://ecx.images-amazon.com/images/I/51ipqhmr9SL.jpg",248,841.21,3.39
0028634047,"Books",3422502,"The Unofficial Guide to Golf Vacations in the Eastern U.S.",152.16,"http://ecx.images-amazon.com/images/I/51HKNJDTN1L.jpg",853,2653.96,3.11
0028627504,"Books",2097431,"Webster's New World Pocket Book of Facts",309.15,"http://ecx.images-amazon.com/images/I/41O4A6McZXL.jpg",597,2892.75,4.85
0028631994,"Books",3282723,"Complete Idiot's Guide to Life Science",5.54,"http://ecx.images-amazon.com/images/I/51QXBHSGBWL.jpg",770,3831.09,4.98
0028628896,"Books",5176276,"Frommer's Thailand (Frommer's Thailand, 4th ed)",199.19,"http://ecx.images-amazon.com/images/I/51PZRoMNF%2BL.jpg",365,1566.65,4.29
0028634160,"Books",7451950,"The Unofficial Guide to Hot Careers",341.28,"http://ecx.images-amazon.com/images/I/51TDK9EVVVL.jpg",963,4561.99,4.74
0028632362,"Books",2819103,"Complete Idiot's Guide to Natural Disasters",214.12,"http://ecx.images-amazon.com/images/I/517KSJ7VFPL.jpg",594,2556.49,4.3
0028634497,"Books",5419880,"Frommer's Irreverent Guide to Vancouver (Irreverent Guides)",180.6,"http://ecx.images-amazon.com/images/I/41KG20GRZ3L.jpg",918,2877.34,3.13
0028634500,"Books",5188620,"Frommer's Irreverent Guide to Seattle &amp; Portland, 1st Edition (Irreverent)",306.73,"http://ecx.images-amazon.com/images/I/41A14V1NTJL.jpg",471,2105.41,4.47
0028633873,"Books",45928,"Complete Idiot's Guide to Learning Yiddish",14.23,"http://ecx.images-amazon.com/images/I/51gyFaeP1FL.jpg",400,1626.91,4.07
0028635094,"Books",12687402,"Frommer's Toronto 2000",335.93,"http://ecx.images-amazon.com/images/I/5127PRYFE1L.jpg",103,406.55,3.95
0028633083,"Books",4904682,"Frommer's Great Outdoor Guide to Northern California (Frommers' Great Outdoor Guide to Northern California 1999)",231.58,"http://ecx.images-amazon.com/images/I/514D0VC9NWL.jpg",562,2351.85,4.18
0028634691,"Books",282675,"Betty Crocker's Slow Cooker Cookbook",15.3,"http://ecx.images-amazon.com/images/I/5132ObxE1nL.jpg",182,702.35,3.86
0028633857,"Books",65861,"The Complete Idiot's Guide to 20th-Century History",8.09,"http://ecx.images-amazon.com/images/I/51sRWHb%2Bw3L.jpg",812,2780.21,3.42
0028632346,"Books",785396,"The Complete Idiot's Guide to Near-Death Experiences",9.02,"http://ecx.images-amazon.com/images/I/51UA66tsuFL.jpg",878,2939.27,3.35
0028633377,"Books",2717535,"The Unofficial Guide to Beating Debt",126.65,"http://ecx.images-amazon.com/images/I/51KVGWZXS8L.jpg",927,4363.16,4.71
0028631919,"Books",1063849,"The Complete Idiot's Guide to Understanding Judaism",15.11,"http://ecx.images-amazon.com/images/I/51tcsQbloML.jpg",963,3093.67,3.21
0028635299,"Books",617177,"The 15-Minute Gourmet: Vegetarian",10.0,"http://ecx.images-amazon.com/images/I/51tcrtAjShL.jpg",448,1581.63,3.53
0028631757,"Books",610141,"The Complete Idiot's Guide to Kickboxing",15.26,"http://ecx.images-amazon.com/images/I/51MwpfK7BLL.jpg",562,1949.68,3.47
0028635086,"Books",3130728,"Frommer's Nova Scotia, New Brunswick &amp; Prince Edward Island: with Newfoundland &amp; Labrador",238.41,"http://ecx.images-amazon.com/images/I/51DN5JS616L.jpg",436,1964.51,4.51
002863599X,"Books",10561513,"Frommer's Born to Shop New York: The Ultimate Guide for People Who Love to Shop",372.08,"http://ecx.images-amazon.com/images/I/61fFNs%2BbE4L.jpg",255,1047.29,4.11
0028627660,"Books",264693,"Webster's New World Children's Dictionary",5.27,"http://ecx.images-amazon.com/images/I/51s2ktNsy9L.jpg",834,3200.11,3.84
0028634764,"Books",8915533,"Frommer's London from $85 a Day 2000: The Ultimate Guide to Comfortable Low-Cost Travel (Frommer's $ A Day)",35.8,"http://ecx.images-amazon.com/images/I/51KC5FR1W6L.jpg",315,1096.86,3.48
0028630378,"Books",9090322,"Frommer's Europe from $60 a Day 2000",109.14,"http://ecx.images-amazon.com/images/I/513PTTCSHRL.jpg",251,1237.93,4.93
0028635426,"Books",1710393,"Nursing School And Allied Health Entrance Examinations, 15th edition",12.34,"http://ecx.images-amazon.com/images/I/31dPqoTd9iL.jpg",388,1767.06,4.55
0028630238,"Books",27887,"Betty Crockers Best Bread Machine Cookbook",15.94,"http://ecx.images-amazon.com/images/I/81KM7VXokVL.jpg",454,2179.38,4.8
0028636376,"Books",1016233,"The Complete Idiot's Guide to Overcoming Procrastination",12.23,"http://ecx.images-amazon.com/images/I/51Z3NqBbdmL.jpg",369,1710.57,4.64
0028632796,"Books",671474,"The 15-minute Gourmet: Chicken",10.0,"http://ecx.images-amazon.com/images/I/61NWS5YTSGL.jpg",718,3175.75,4.42
0028633946,"Books",3392129,"The Complete Idiot's Guide to the Perfect Resume, Second Edition (2nd Edition)",14.23,"http://ecx.images-amazon.com/images/I/5148NA0YtCL.jpg",722,2171.44,3.01
0028636449,"Books",1600234,"The Complete Idiot's Guide to Writing Your Family History",13.47,"http://ecx.images-amazon.com/images/I/51WDFND8BDL.jpg",473,1796.89,3.8
0028635868,"Books",1746048,"The Complete Idiot's Guide to Decoding Your Genes",13.45,"http://ecx.images-amazon.com/images/I/51nYp5z%2BSKL.jpg",638,2570.24,4.03
0028637011,"Books",6267227,"7-Minute Resumes",784.91,"http://ecx.images-amazon.com/images/I/51BN9BQN69L.jpg",671,2706.05,4.03
0028630459,"Books",11895661,"Frommer's Australia from $50 a Day (Frommer's $ A Day)",746.14,"http://ecx.images-amazon.com/images/I/51GT0JSVBSL.jpg",696,2099.17,3.02
0028636562,"Books",1458237,"The Complete Idiot's Guide to Team Building",9.99,"http://ecx.images-amazon.com/images/I/51yzpS%2BRxnL.jpg",784,3759.49,4.8
0028631161,"Books",262526,"The Complete Idiot's Guide(R) to Self-Defense",435.8,"http://ecx.images-amazon.com/images/I/51N8SV3DF8L.jpg",330,1220.72,3.7
0028636007,"Books",7508876,"Frommer's Scotland 2000 (Frommer Other)",113.43,"http://ecx.images-amazon.com/images/I/51JXJRKRNDL.jpg",944,3258.63,3.45
0028633784,"Books",221685,"The Complete Idiot's Guide to American Literature",9.99,"http://ecx.images-amazon.com/images/I/51JrajxJVzL.jpg",120,401.06,3.34
0028636341,"Books",6564861,"The Complete Idiot's Guide to Five-Minute Managing",294.89,"http://ecx.images-amazon.com/images/I/51K94RNX9KL.jpg",108,496.06,4.59
0028634063,"Books",44877,"Betty Crocker Kids Cook!",16.24,"http://ecx.images-amazon.com/images/I/51YYr3pb5KL.jpg",389,1405.53,3.61
0028637461,"Books",4345508,"Test Your IQ, 5 Edition (Study Aids/On-the-Job Reference)",765.46,"http://ecx.images-amazon.com/images/I/31Ni8ZgY22L.jpg",472,1741.91,3.69
0028633792,"Books",324602,"The Complete Idiot's Guide to the American Revolution",12.9,"http://ecx.images-amazon.com/images/I/51TA7ZfeERL.jpg",539,2056.15,3.81
002863750X,"Books",6944221,"The Unofficial Guide to Minding Your Money",555.62,"http://ecx.images-amazon.com/images/I/51TRCTT3WJL.jpg",604,2008.11,3.32
0028633830,"Books",980658,"The Complete Idiot's Guide to Public Speaking (2nd Edition)",12.99,"http://ecx.images-amazon.com/images/I/51uB6j9xgiL.jpg",712,2988.04,4.2
0028635892,"Books",2366306,"The Unofficial Guide to Smart Nutrition",145.07,"http://ecx.images-amazon.com/images/I/51vvfTHBhJL.jpg",121,497.49,4.11
0028636392,"Books",1606559,"Complete Idiot's Guide to Understanding Catholicism",15.1,"http://ecx.images-amazon.com/images/I/51yW8HaZWgL.jpg",553,2711.12,4.9
0028635949,"Books",2743527,"Frommer's What the Airlines Never Tell You",195.8,"http://ecx.images-amazon.com/images/I/61lFGyhGOhL.jpg",734,2390.51,3.26
0028634934,"Books",2287260,"The Unofficial Guide to Climbing the Corporate Ladder",20.8,"http://ecx.images-amazon.com/images/I/51F6R0BABXL.jpg",808,2429.1,3.01
0028631978,"Books",1472898,"The Complete Idiot's Guide to Weight Training",9.99,"http://ecx.images-amazon.com/images/I/5144DQYTWRL.jpg",101,365.67,3.62
0028636589,"Books",1892235,"Complete Idiot's Guide to Fitness",14.35,"http://ecx.images-amazon.com/images/I/51cf564wnzL.jpg",659,2829.3,4.29
0028632370,"Books",981149,"Complete Idiot's Guide to Woodworking",9.78,"http://ecx.images-amazon.com/images/I/51bfg7y5idL.jpg",682,2094.51,3.07
0028637909,"Books",3397076,"Frommer's Irreverent Guide to Manhattan (Irreverent Guides)",14.29,"http://ecx.images-amazon.com/images/I/41SFYHNHTBL.jpg",685,2430.52,3.55
0028637380,"Books",225464,"Homeschooler's Guide to Portfolios and Transcripts",22.46,"http://ecx.images-amazon.com/images/I/51RvxGreifL.jpg",184,591.77,3.22
0028636848,"Books",783746,"Benjamin Moore's Paints The Art of Exterior Painting: A Step-by-Step Guide to Choosing Colors and Painting Your Home",7.98,"http://ecx.images-amazon.com/images/I/41j2GMBlTEL.jpg",841,3545.31,4.22
0028637178,"Books",925335,"Betty Crocker's Healthy New Choices: A Fresh Approach to Eating Well",19.0,"http://ecx.images-amazon.com/images/I/51%2B3qcJKNHL.jpg",183,590.03,3.22
0028634748,"Books",2078856,"Webster's New World College Dictionary",23.95,"http://ecx.images-amazon.com/images/I/711vYI1MmsL.jpg",419,1680.74,4.01
002863831X,"Books",1359283,"The Complete Idiot's Guide to Biblical Mysteries",9.99,"http://ecx.images-amazon.com/images/I/51VFSD2SXFL.jpg",639,2764.48,4.33
0028634659,"Books",964309,"Betty Crocker's Best Christmas Cookbook",16.59,"http://ecx.images-amazon.com/images/I/51TQmWl2Y6L.jpg",548,1725.83,3.15
0028631277,"Books",7054901,"Frommer's Caribbean Hideaways",481.66,"http://ecx.images-amazon.com/images/I/51SQ63HX8WL.jpg",868,3506.48,4.04
0028637933,"Books",13145441,"Frommer's Florida From $70 A Day",549.3,"http://ecx.images-amazon.com/images/I/51VKJEBD5ZL.jpg",966,4439.71,4.6
0028632753,"Books",4146905,"Inside Disney: The Incredible Story of Walt Disney World and the Man Behind the Mouse (Unofficial Guides)",215.71,"http://ecx.images-amazon.com/images/I/51418N1A0HL.jpg",898,3311.48,3.69
0028636716,"Books",3758492,"Frommer's Born To Shop: Hong Kong, Shanghai &amp; Beijing",17.56,"http://ecx.images-amazon.com/images/I/614CLHXq5WL.jpg",476,2322.36,4.88
0028637232,"Books",3496818,"Frommer's Adventure Guides--South America, 1st Edition (Frommer Other)",182.53,"http://ecx.images-amazon.com/images/I/71NH%2BOphW9L.jpg",111,390.08,3.51
0028636678,"Books",3256588,"The Unofficial Guide to Managing Time",80.18,"http://ecx.images-amazon.com/images/I/51D41gdMsPL.jpg",168,737.82,4.39
0028636961,"Books",3183459,"Frommers Exploring America by RV, 1st Edition",19.17,"http://ecx.images-amazon.com/images/I/71pInZvR7CL.jpg",205,758.7,3.7
0028637879,"Books",8151052,"Frommer's Irreverent Guide to London, 3rd Edition (Irreverent)",157.36,"http://ecx.images-amazon.com/images/I/41HTGTNGQNL.jpg",732,2445.29,3.34
0028638468,"Books",1540211,"Complete Idiot's Guide to the Life of Christ",15.9,"http://ecx.images-amazon.com/images/I/51B901T63EL.jpg",120,501.87,4.18
0028638212,"Books",653938,"Complete Idiot's Guide to the American Presidents",15.15,"http://ecx.images-amazon.com/images/I/511L5elSe4L.jpg",655,2949.7,4.5
0028636864,"Books",3997413,"Frommer's Road Atlas Britain",274.67,"http://ecx.images-amazon.com/images/I/51KZFRT1ZVL.jpg",718,2765.3,3.85
0028636988,"Books",4451437,"Frommer's Yellowstone &amp; Grand Teton National Parks (Park Guides)",73.78,"http://ecx.images-amazon.com/images/I/5160EMA7Z9L.jpg",188,830.28,4.42
0028636600,"Books",2427378,"The Complete Idiot's Guide to Hypnosis",9.78,"http://ecx.images-amazon.com/images/I/51X8zYeFD3L.jpg",162,738.8,4.56
0028635396,"Books",2705400,"100 Best Careers  21st Century, 2/e (100 Best Careers for the 21st Century)",602.02,"http://ecx.images-amazon.com/images/I/51i0OZRbQWL.jpg",508,2187.07,4.31
0028638158,"Books",2721273,"Complete Idiot's Guide to Personality Profiles",193.25,"http://ecx.images-amazon.com/images/I/5161PXB377L.jpg",881,2857.34,3.24
0028638425,"Books",997151,"The Complete Idiot's Guide to Starting a Home-Based Business (2nd Edition)",9.95,"http://ecx.images-amazon.com/images/I/51ZUmZIB6wL.jpg",815,3878.0,4.76
0028638735,"Books",9849413,"Frommer's Cancun, Cozumel &amp; the Yucatan 2001",368.03,"http://ecx.images-amazon.com/images/I/517N9WMC9WL.jpg",516,2558.96,4.96
0028635264,"Books",325263,"Weight Watchers Simply the Best Italian: More than 250 Classic Recipes from the Kitchens of Italy",17.39,"http://ecx.images-amazon.com/images/I/51BjWF4jO2L.jpg",848,4166.98,4.91
0028638859,"Books",464802,"Complete Idiot's Guide to Flying and Gliding",17.25,"http://ecx.images-amazon.com/images/I/514%2BKnlhcSL.jpg",183,663.72,3.63
0028636384,"Books",2260525,"The Complete Idiot's Guide to Psychology",12.78,"http://ecx.images-amazon.com/images/I/517HFPN6BVL.jpg",832,4052.97,4.87
0028637925,"Books",11259463,"The Unofficial Guide to Cruises 2001 (Unofficial Guides)",19.52,"http://ecx.images-amazon.com/images/I/51n1%2BiSBbCL.jpg",159,534.04,3.36
0028637526,"Books",7203275,"The Unofficial Guide to Online Investing",706.19,"http://ecx.images-amazon.com/images/I/51EW9NR65DL.jpg",591,1969.26,3.33
0028635302,"Books",1346572,"Weight Watchers Great Cooking Every Day",4.24,"http://ecx.images-amazon.com/images/I/51lVFAUSnVL.jpg",528,2057.54,3.9
0028637496,"Books",1358781,"The Unofficial Guide to Power Managing",29.05,"http://ecx.images-amazon.com/images/I/51RW-hNdBTL.jpg",735,3387.6,4.61
0028638352,"Books",962333,"Complete Idiot's Guide to Publishing Magazine Articles",9.99,"http://ecx.images-amazon.com/images/I/5144Lve05NL.jpg",683,2946.33,4.31
0028638344,"Books",1019334,"Complete Idiot's Guide to Spiritual Healing",9.7,"http://ecx.images-amazon.com/images/I/51mg4c0dCBL.jpg",381,1280.61,3.36
0028634942,"Books",2597098,"The Unofficial Guide to Adopting a Child",7.2,"http://ecx.images-amazon.com/images/I/51fTbrqPB0L.jpg",540,1705.67,3.16
0028637046,"Books",2452493,"Weight Watchers The Fit Factor: How Getting Strong Can Help You Lose Weight",475.4,"http://ecx.images-amazon.com/images/I/41AHX4M4NNL.jpg",479,2290.79,4.78
0028639073,"Books",342050,"Complete Idiot's Guide to Simple Living",10.36,"http://ecx.images-amazon.com/images/I/510LGB76whL.jpg",472,1622.28,3.44
0028636686,"Books",3712451,"The Unofficial Guide to Selecting Wine",778.73,"http://ecx.images-amazon.com/images/I/61HT66pj6RL.jpg",765,2960.37,3.87
0028636619,"Books",768273,"The Complete Idiot's Guide to Wine, Second Edition (2nd Edition)",17.25,"http://ecx.images-amazon.com/images/I/51QtR0uaqKL.jpg",632,2084.43,3.3
0028638174,"Books",276059,"The Complete Idiot's Guide to Reincarnation",13.37,"http://ecx.images-amazon.com/images/I/51BbKxjbYmL.jpg",444,1584.35,3.57
0028635256,"Books",3506155,"Complete Idiot's Guide to Cooking with Kids",743.88,"http://ecx.images-amazon.com/images/I/51RS689Y7ML.jpg",318,1351.1,4.25
0028638204,"Books",952526,"Complete Idiot's Guide to Eastern Philosophy",13.0,"http://ecx.images-amazon.com/images/I/51SokQDJdkL.jpg",302,1199.05,3.97
0028638948,"Books",4525998,"The Complete Idiot's Guide to the Perfect Wedding (3rd Edition)",6.95,"http://ecx.images-amazon.com/images/I/514R-O2tRCL.jpg",141,623.36,4.42
0028639243,"Books",1050636,"Complete Idiot's Guide to Intermediate Spanish",280.89,"http://ecx.images-amazon.com/images/I/51SQHRCE6BL.jpg",892,2746.66,3.08
0028636538,"Books",1642611,"The Complete Idiot's Guide to Daytrading Like a Pro",9.83,"http://ecx.images-amazon.com/images/I/514qg2cjIIL.jpg",318,1240.71,3.9
0028639294,"Books",1055794,"The Complete Idiot's Guide to Intermediate French",13.13,"http://ecx.images-amazon.com/images/I/51N0or2l%2BiL.jpg",813,2713.34,3.34
0028636945,"Books",122856,"The Complete Idiot's Guide to Writing Well",14.6,"http://ecx.images-amazon.com/images/I/51VDk4lonvL.jpg",321,1154.86,3.6
0028638395,"Books",2577588,"Frommer's Ireland's Best-Loved Driving Tours",18.36,"http://ecx.images-amazon.com/images/I/51YYYC9X6ML.jpg",280,1256.01,4.49
0028638840,"Books",544869,"The Complete Idiot's Guide to Fishing Basics (2nd Edition)",11.99,"http://ecx.images-amazon.com/images/I/61upcqrwdUL.jpg",747,2335.32,3.13
0028636732,"Books",3440884,"Frommer's China: The 50 Most Memorable Trips",419.29,"http://ecx.images-amazon.com/images/I/51GYA3DPAVL.jpg",319,1059.68,3.32
0028639251,"Books",2727704,"The Complete Idiot's Guide to Learning German (2nd Edition)",4.0,"http://ecx.images-amazon.com/images/I/51E3Y23ZT5L.jpg",675,2193.41,3.25
002863862X,"Books",9945401,"Frommer's Europe From $70 a Day 2001 (Frommer's $ A Day)",387.73,"http://ecx.images-amazon.com/images/I/51PZM3698ML.jpg",794,2626.01,3.31
0028637623,"Books",550945,"Betty Crocker's Low-Fat, Low-Cholesterol Cooking Today",11.94,"http://ecx.images-amazon.com/images/I/51VYPW5ePGL.jpg",948,3840.47,4.05
0028636651,"Books",77589,"The Unofficial Guide to Real Estate Investing",13.31,"http://ecx.images-amazon.com/images/I/51XlAidgwLL.jpg",652,2805.88,4.3
002863828X,"Books",1764154,"Complete Idiot's Guide to Cooking Basics, Third Edition",13.78,"http://ecx.images-amazon.com/images/I/516TWAXHZRL.jpg",978,2986.45,3.05
0028639502,"Books",487780,"The Complete Idiot's Guide to Being Vegetarian (2nd Edition)",13.95,"http://ecx.images-amazon.com/images/I/51DIS94sE6L.jpg",179,582.72,3.26
0028638263,"Books",1500172,"The Complete Idiot's Guide to Awakening Your Spirituality",667.84,"http://ecx.images-amazon.com/images/I/51r7MvGk5OL.jpg",785,2533.37,3.23
0028638905,"Books",346221,"The Complete Idiot's Guide to the Perfect Interview, Second Edition (2nd Edition)",622.9,"http://ecx.images-amazon.com/images/I/5189Ng4ywkL.jpg",896,3855.73,4.3
0028639405,"Books",1623326,"Complete Idiot's Guide to Playing Drums",16.37,"http://ecx.images-amazon.com/images/I/51tB4zrJGyL.jpg",230,775.41,3.37
002863893X,"Books",462331,"Complete Idiot's Guide to Plumbing",103.08,"http://ecx.images-amazon.com/images/I/51tyjf8wVhL.jpg",257,1138.41,4.43
0028638255,"Books",1001188,"Complete Idiot's Guide to Making Money with Your Hobby",15.4,"http://ecx.images-amazon.com/images/I/51FrKCL6GZL.jpg",493,2258.1,4.58
002863926X,"Books",88458,"Complete Idiot's Guide to Spirituality for Teens",10.7,"http://ecx.images-amazon.com/images/I/51F1VWAtbfL.jpg",686,2506.51,3.65
0028638611,"Books",2408967,"Vaccines: What Every Parent Should Know",12.6,"http://ecx.images-amazon.com/images/I/517SKQ8NKKL.jpg",415,1750.06,4.22
0028639391,"Books",2535974,"Complete Idiot's Guide to Home Theater Systems",18.5,"http://ecx.images-amazon.com/images/I/51Xz5m7KTsL.jpg",156,618.05,3.96
0028637453,"Books",11561131,"Frommer's Costa Rica 2001",739.47,"http://ecx.images-amazon.com/images/I/514APB78X9L.jpg",336,1488.94,4.43
0028638433,"Books",2750127,"Complete Idiot's Guide to Unsolved Mysteries",719.04,"http://ecx.images-amazon.com/images/I/51KKCJBM52L.jpg",216,1022.93,4.74
0028637895,"Books",4660319,"Frommer's Irreverent Guide to Paris (Irreverent Guides)",15.76,"http://ecx.images-amazon.com/images/I/41EYDA7K3DL.jpg",584,2295.21,3.93
002863635X,"Books",2978101,"The Complete Idiot's Guide to Online Geneaology",646.82,"http://ecx.images-amazon.com/images/I/512MXT06VML.jpg",884,3619.74,4.09
0028639383,"Books",755980,"Complete Idiot's Guide to Living with Breast Cancer",9.99,"http://ecx.images-amazon.com/images/I/51CXsXO8tOL.jpg",784,3845.89,4.91
0028639189,"Books",593857,"The Complete Idiot's Guide to Publishing Science Fiction",12.48,"http://ecx.images-amazon.com/images/I/51GuNOZT8KL.jpg",902,4487.7,4.98
0028639375,"Books",2282942,"Complete Idiot's Guide to Menopause",14.35,"http://ecx.images-amazon.com/images/I/5128wHKJ-uL.jpg",680,3287.09,4.83
0028639022,"Books",229271,"Complete Idiot's Guide to World War I",9.99,"http://ecx.images-amazon.com/images/I/51XPl0BBhhL.jpg",230,925.33,4.02
0028639456,"Books",476404,"Complete Idiot's Guide to Wicca and Witchcraft",11.99,"http://ecx.images-amazon.com/images/I/51rFTXxivoL.jpg",811,2684.64,3.31
0028638980,"Books",511807,"Alpha Teach Yourself Investing in 24 Hours",16.56,"http://ecx.images-amazon.com/images/I/41yhv6Lz62L.jpg",185,562.32,3.04
0028639324,"Books",502176,"Alpha Teach Yourself Latin in 24 Hours",566.74,"http://ecx.images-amazon.com/images/I/41W3YRSJR9L.jpg",648,3163.98,4.88
0028639758,"Books",1785853,"Complete Idiot's Guide to Publishing Children's Books",13.99,"http://ecx.images-amazon.com/images/I/51XLhLb29xL.jpg",747,2691.58,3.6
0028639596,"Books",2869065,"The Complete Idiot's Guide to Working Out at Home",135.2,"http://ecx.images-amazon.com/images/I/51Rwzci%2BRyL.jpg",230,1039.52,4.52
002863988X,"Books",1203198,"The Complete Idiot's Guide to Movies, Flicks, and Films",654.31,"http://ecx.images-amazon.com/images/I/51YBK915FHL.jpg",896,3702.09,4.13
0028638662,"Books",3646718,"The Unofficial Guide to eBay and Online Auctions",130.31,"http://ecx.images-amazon.com/images/I/21H46A9T0QL.jpg",365,1392.98,3.82
0028639669,"Books",1487884,"10 Minute Guide to Project Management (10 Minute Guides)",9.95,"http://ecx.images-amazon.com/images/I/41pcwmv2VYL.jpg",262,1092.16,4.17
0028639871,"Books",1314434,"The Complete Idiot's Guide to Business Statistics",15.3,"http://ecx.images-amazon.com/images/I/51ueyEQ812L.jpg",762,3471.72,4.56
0028639804,"Books",646222,"Complete Idiot's Guide to Journaling",11.3,"http://ecx.images-amazon.com/images/I/51071%2B330NL.jpg",748,3381.19,4.52
0028639162,"Books",1322324,"Complete Idiot's Guide to Being Sexy (The Complete Idiot's Guide)",11.13,"http://ecx.images-amazon.com/images/I/51Qgl3VCMVL.jpg",977,3375.74,3.46
0028636023,"Books",2627554,"Frommer's Portable Charleston &amp; Savannah, 3rd Edition (Portable Guides)",11.99,"http://ecx.images-amazon.com/images/I/510WQVVM5RL.jpg",113,469.24,4.15
0028639855,"Books",939013,"Complete Idiot's Guide to Looking Great for Teens (The Complete Idiot's Guide)",710.04,"http://ecx.images-amazon.com/images/I/51pieTMDBpL.jpg",128,606.43,4.74
0028639766,"Books",1895372,"Complete Idiot's Guide to Real Estate Investing",14.11,"http://ecx.images-amazon.com/images/I/51aYdOnshzL.jpg",681,2540.44,3.73
0028640098,"Books",6572271,"Everywoman's Money: Financial Freedom",635.27,"http://ecx.images-amazon.com/images/I/516ANX3HKTL.jpg",124,617.34,4.98
002863814X,"Books",2377911,"The Unofficial Guide to Homeschooling",13.13,"http://ecx.images-amazon.com/images/I/51UDNSrgsKL.jpg",365,1097.34,3.01
0028640012,"Books",4623053,"Complete Idiot's Guide to Making Great Gifts",548.09,"http://ecx.images-amazon.com/images/I/51VDYMN62VL.jpg",325,1565.29,4.82
0028638328,"Books",424236,"Complete Idiot's Guide to Karate",9.99,"http://ecx.images-amazon.com/images/I/51Ya2hp00SL.jpg",323,1486.59,4.6
0028638964,"Books",856196,"The Complete Idiot's Guide to Electrical Repair",9.78,"http://ecx.images-amazon.com/images/I/51xUKEpvITL.jpg",864,2900.97,3.36
0028632001,"Books",3151216,"The Complete Idiot's Guide to Motivating People",89.71,"http://ecx.images-amazon.com/images/I/515JN78E0AL.jpg",688,2263.8,3.29
0028639332,"Books",1188995,"Complete Idiot's Guide to Horseback Riding",9.99,"http://ecx.images-amazon.com/images/I/51i02m78kcL.jpg",940,3230.74,3.44
0028638913,"Books",894604,"Complete Idiot's Guide to Sewing",12.83,"http://ecx.images-amazon.com/images/I/51VySt4QZ6L.jpg",533,2651.4,4.97
0028639421,"Books",347508,"Complete Idiot's Guide to Acupuncture and Acupressure",9.99,"http://ecx.images-amazon.com/images/I/51drqlYHXDL.jpg",138,677.94,4.91
0028638921,"Books",2871330,"Complete Idiot's Guide to Tax-Free Investing",9.99,"http://ecx.images-amazon.com/images/I/51926T3T68L.jpg",137,608.09,4.44
0028639944,"Books",1896174,"Complete Idiot's Guide to Financial Aid for College",3.99,"http://ecx.images-amazon.com/images/I/51XlkHkxOXL.jpg",192,631.37,3.29
0028639480,"Books",2476990,"The Complete Idiot's Guide to Breastfeeding",10.99,"http://ecx.images-amazon.com/images/I/51rbvVi6tpL.jpg",127,632.19,4.98
0028640683,"Books",711836,"Novel Ideas: Contemporary Authors",168.29,"http://ecx.images-amazon.com/images/I/51EI7-8ucdL.jpg",386,1425.38,3.69
0028639928,"Books",2325630,"Complete Idiot's Guide to Brand Management",272.43,"http://ecx.images-amazon.com/images/I/51EKJJYWKCL.jpg",797,3586.64,4.5
0028640055,"Books",868462,"The Complete Idiot's Guide to Reinventing Yourself",9.85,"http://ecx.images-amazon.com/images/I/510WXH6RP9L.jpg",822,4076.95,4.96
0028641418,"Books",147052,"Complete Idiot's Guide to Writing Poetry",15.02,"http://ecx.images-amazon.com/images/I/51R%2BaxBtMDL.jpg",817,3957.07,4.84
0028639367,"Books",339154,"Complete Idiot's Guide to Drawing",10.74,"http://ecx.images-amazon.com/images/I/51KTJ50V38L.jpg",433,1592.81,3.68
0028640004,"Books",150913,"The Complete Idiot's Guide to Running a Bed and Breakfast",10.99,"http://ecx.images-amazon.com/images/I/61-Ae59iEdL.jpg",854,2913.51,3.41
0028640322,"Books",1909265,"Complete Idiot's Guide to Cool Jobs for Teens",11.51,"http://ecx.images-amazon.com/images/I/51qEzgO%2BnNL.jpg",190,656.11,3.45
002863196X,"Books",325806,"The Complete Idiot's Guide to Getting Your Romance Published",15.42,"http://ecx.images-amazon.com/images/I/512jE9PuhbL.jpg",894,4242.72,4.75
0028639286,"Books",2348960,"Complete Idiot's Guide to Living Together",10.68,"http://ecx.images-amazon.com/images/I/51MQJ4Q7T6L.jpg",987,4877.78,4.94
0028639197,"Books",2796901,"The Complete Idiot's Guide to Getting Published (2nd Edition)",3.57,"http://ecx.images-amazon.com/images/I/51kmk5LjaFL.jpg",580,1897.45,3.27
0028639448,"Books",950393,"The Complete Idiot's Guide to Screenwriting",9.78,"http://ecx.images-amazon.com/images/I/51SeVv2zPsL.jpg",648,3218.78,4.97
0028641396,"Books",780760,"Complete Idiot's Guide to Bike Maintenance and Repair",12.04,"http://ecx.images-amazon.com/images/I/51MEcRLrEjL.jpg",271,884.7,3.26
0028641728,"Books",2232212,"The Complete Idiot's Guide to the Perfect Marriage (2nd Edition)",14.21,"http://ecx.images-amazon.com/images/I/51WRRXSQWPL.jpg",673,2270.93,3.37
0028639898,"Books",331730,"Complete Idiot's Guide to Homeschooling",12.48,"http://ecx.images-amazon.com/images/I/5168wWE6vWL.jpg",912,3672.94,4.03
0028639014,"Books",1270804,"Complete Idiot's Guide to Recruiting the Right Stuff",19.44,"http://ecx.images-amazon.com/images/I/51JX4DKW4JL.jpg",452,1366.74,3.02
0028641515,"Books",151180,"The Complete Idiot's Guide to the Roman Empire",9.99,"http://ecx.images-amazon.com/images/I/51RXKk5aClL.jpg",391,1333.91,3.41
0028639510,"Books",1225584,"The Complete Idiot's Guide to Home Security",13.46,"http://ecx.images-amazon.com/images/I/51%2B5Ma2FFML.jpg",192,635.1,3.31
0028634853,"Books",1857529,"Webster's New World Book of Facts",565.52,"http://ecx.images-amazon.com/images/I/51FKMYDC9AL.jpg",129,635.21,4.92
0028632605,"Books",11152460,"Frommer's Hanging Out in Europe",156.15,"http://ecx.images-amazon.com/images/I/51SN12P1QDL.jpg",762,3169.96,4.16
0028639634,"Books",2809745,"The Complete Idiot's Guide to Sports History and Trivia",689.46,"http://ecx.images-amazon.com/images/I/512XF2G2XAL.jpg",953,4465.0,4.69
0028639359,"Books",149165,"Complete Idiot's Guide to Yoga with Kids",9.99,"http://ecx.images-amazon.com/images/I/51naNBsVDUL.jpg",213,1037.48,4.87
0028636597,"Books",1711415,"The Complete Idiot's Guide to Ghosts and Hauntings",9.99,"http://ecx.images-amazon.com/images/I/5178H5uA-kL.jpg",179,590.42,3.3
0028642074,"Books",1621868,"The Complete Idiot's Guide to Clear Communication",395.76,"http://ecx.images-amazon.com/images/I/51Y46YE5JKL.jpg",926,4493.41,4.85
0028642023,"Books",1631194,"Courage to Care: A Caregiver's Guide Through Each Stage of Alzheimer's",13.71,"http://ecx.images-amazon.com/images/I/41hkaJxqJCL.jpg",658,2004.81,3.05
002863943X,"Books",997937,"Complete Idiot's Guide to Caring for Aging Parents",13.24,"http://ecx.images-amazon.com/images/I/51YhwnOx41L.jpg",556,2338.62,4.21
0028641752,"Books",1454228,"Complete Idiot's Guide to Tantric Sex",9.99,"http://ecx.images-amazon.com/images/I/51n3%2BYOWgNL.jpg",406,1923.88,4.74
0028641949,"Books",1018228,"The Complete Idiot's Guide(r) to Human Resource Management",10.99,"http://ecx.images-amazon.com/images/I/519QOA8tNhL.jpg",760,3767.97,4.96
0028638891,"Books",1357933,"The Complete Idiot's Guide to Improving Your Short Game",9.99,"http://ecx.images-amazon.com/images/I/51ii09Dzp-L.jpg",682,2825.43,4.14
0028639499,"Books",803374,"The Complete Idiot's Guide to the Vietnam War",508.44,"http://ecx.images-amazon.com/images/I/51mXw6Z6KlL.jpg",739,3031.79,4.1
0028639537,"Books",2097709,"The Complete Idiot's Guide to Short Workouts",347.07,"http://ecx.images-amazon.com/images/I/51IFOxxbp%2BL.jpg",261,1239.01,4.75
0028639588,"Books",449890,"The Complete Idiot's Guide to Zen Living",9.78,"http://ecx.images-amazon.com/images/I/51qzntX-cdL.jpg",224,892.35,3.98
0028641639,"Books",1038760,"Business is a Contact Sport",263.53,"http://ecx.images-amazon.com/images/I/41HU1W3L%2BsL.jpg",544,1780.92,3.27
002863974X,"Books",942159,"Complete Idiot's Guide to Throwing a Great Party",22.1,"http://ecx.images-amazon.com/images/I/51VCY07FH1L.jpg",651,3001.75,4.61
0028641558,"Books",2566486,"The Complete Idiot's Guide to Playing Piano (2nd Edition)",4.11,"http://ecx.images-amazon.com/images/I/51%2BU6vt5rmL.jpg",384,1162.29,3.03
0028642082,"Books",2337256,"The Complete Idiot's Guide(R) to World Religions (2nd Edition)",2.99,"http://ecx.images-amazon.com/images/I/51dEuu1TH8L.jpg",715,2820.34,3.94
0028641531,"Books",615822,"The Complete Idiot's Guide to Acting",9.99,"http://ecx.images-amazon.com/images/I/51QS0xgczpL.jpg",459,1404.52,3.06
0028639235,"Books",3285915,"Complete Idiot's Guide to Looking and Feeling Younger",701.23,"http://ecx.images-amazon.com/images/I/5128TSNZR9L.jpg",575,2245.76,3.91
0028641477,"Books",2312333,"The Complete Idiot's Guide to Learning Italian",4.0,"http://ecx.images-amazon.com/images/I/516NCSXN4QL.jpg",351,1139.31,3.25
0028640063,"Books",625401,"The Complete Idiot's Guide to Money for Teens",7.69,"http://ecx.images-amazon.com/images/I/51lc31VPlEL.jpg",668,2825.57,4.23
0028639952,"Books",4259236,"10 Minute Guide: Stress Management (Management, Vol. 8) (Management (Macmillian))",631.07,"http://ecx.images-amazon.com/images/I/41bUv2lAkrL.jpg",793,3285.36,4.14
0028641809,"Books",1937175,"The Complete Idiot's Guide(r) to Friendship for Teens",11.51,"http://ecx.images-amazon.com/images/I/51L7d9fO2dL.jpg",412,1413.54,3.43
0028641663,"Books",2880489,"Complete Idiot's Guide to Volunteering for Teens",281.11,"http://ecx.images-amazon.com/images/I/51DCR8GTMZL.jpg",485,2368.83,4.88
0028641701,"Books",1201240,"The Complete Idiot's Guide to Understanding Buddhism",14.52,"http://ecx.images-amazon.com/images/I/51h6Rzm4BfL.jpg",855,3048.84,3.57
0028640128,"Books",1590419,"The Complete Idiot's Guide to Retiring Early",9.6,"http://ecx.images-amazon.com/images/I/51F2B9QUPpL.jpg",715,2601.04,3.64
0028642406,"Books",712584,"The Complete Idiot's Guide to 401(k) Plans (2nd Edition)",12.39,"http://ecx.images-amazon.com/images/I/51JymYBdaYL.jpg",118,548.84,4.65
0028642112,"Books",2249643,"The Complete Idiot's Guide to the Lives of the Saints",444.37,"http://ecx.images-amazon.com/images/I/519a5OwaYFL.jpg",743,2485.9,3.35
0028641469,"Books",311355,"The Complete Idiot's Guide to Technical Writing",14.59,"http://ecx.images-amazon.com/images/I/51pG7hfV9dL.jpg",946,3028.01,3.2
0028639812,"Books",1853710,"Complete Idiot's Guide to Interfaith Relationships",18.9,"http://ecx.images-amazon.com/images/I/51A8R6XFMQL.jpg",523,1799.57,3.44
0028639413,"Books",5432865,"Complete Idiot's Guide to Investing in Internet Stocks",90.3,"http://ecx.images-amazon.com/images/I/512H406D8DL.jpg",365,1238.39,3.39
0028642368,"Books",615798,"The Complete Idiot's Guide(R) to Voodoo",11.45,"http://ecx.images-amazon.com/images/I/51fUtxOKfiL.jpg",905,2907.76,3.21
0028642139,"Books",3058020,"The Complete Idiot's Guide to Surviving Bankruptcy",16.99,"http://ecx.images-amazon.com/images/I/519NXHqokDL.jpg",484,2151.04,4.44
0028642201,"Books",1291313,"The Complete Idiot's Guide to Cashing in On Your Inventions",15.54,"http://ecx.images-amazon.com/images/I/51l4FuHjPWL.jpg",726,3375.93,4.65
002864168X,"Books",537393,"The Complete Idiot's Guide to Starting Your Own Restaurant",13.98,"http://ecx.images-amazon.com/images/I/51moIcPChCL.jpg",395,1705.36,4.32
0028639820,"Books",2938256,"Complete Idiot's Guide to Saving the Environment",108.45,"http://ecx.images-amazon.com/images/I/51UaKYp0trL.jpg",778,3801.52,4.89
0028640705,"Books",5196224,"One-to-One for Sales Professionals: Scripts for Achieving Success in the Marketplace",580.01,"http://ecx.images-amazon.com/images/I/41MKZ604NBL.jpg",343,1062.49,3.1
0028642651,"Books",830216,"The Zen of Organizing",11.3,"http://ecx.images-amazon.com/images/I/41zlt4gC55L.jpg",763,3510.48,4.6
0028638492,"Books",912664,"The Complete Idiot's Guide to Making Money on Wall Street, Third Edition (3rd Edition)",404.03,"http://ecx.images-amazon.com/images/I/51J5w7dHpEL.jpg",443,1764.57,3.98
0028642384,"Books",115624,"The Complete Idiot's Guide(R) to the Book of Revelation",10.99,"http://ecx.images-amazon.com/images/I/51T4HbdXEFL.jpg",319,1072.33,3.36
0028640071,"Books",3081989,"Complete Idiot's Guide to Urban Legends",184.15,"http://ecx.images-amazon.com/images/I/51eRaVyPNfL.jpg",583,2853.35,4.89
0028642236,"Books",1301562,"Alpha Teach Yourself Project Management (Alpha Teach Yourself in 24 Hours)",12.99,"http://ecx.images-amazon.com/images/I/417Nr6K4aXL.jpg",403,1665.69,4.13
0028638638,"Books",9923691,"Frommer's Europe 2001",16.58,"http://ecx.images-amazon.com/images/I/514J04W73RL.jpg",822,3625.53,4.41
0028638190,"Books",1068373,"The Film Director: Updated for Today's Filmmaker, the Classic, Practical Reference to Motion Picture and Television Techniques",16.25,"http://ecx.images-amazon.com/images/I/41r6FUIZIwL.jpg",491,1922.96,3.92
0028641981,"Books",1037226,"The Complete Idiot's Guide to Astronomy (2nd Edition)",5.89,"http://ecx.images-amazon.com/images/I/5194qZWHCML.jpg",408,1815.99,4.45
0028642740,"Books",646237,"The Complete Idiot's Guide to Bible Study for Teens",16.02,"http://ecx.images-amazon.com/images/I/51DF7PAJNVL.jpg",553,2156.52,3.9
0028642376,"Books",1398415,"Aftermarriage: The Myth of Divorce",69.84,"http://ecx.images-amazon.com/images/I/41DDWyFsFcL.jpg",892,4320.94,4.84
0028642333,"Books",1090198,"The Complete Idiot's Guide to Understanding Islam (The Complete Idiot's Guide)",10.99,"http://ecx.images-amazon.com/images/I/51cVIXuGIHL.jpg",286,1375.13,4.81
002864171X,"Books",418125,"The Complete Idiot's Guide to RVing",12.78,"http://ecx.images-amazon.com/images/I/517PDPGx%2BPL.jpg",597,2566.37,4.3
0028638301,"Books",1803354,"The Complete Idiot's Guide to Fantasy Baseball",10.95,"http://ecx.images-amazon.com/images/I/51T0K9TECAL.jpg",643,2627.21,4.09
0028642414,"Books",928659,"The Complete Idiot's Guide(R) to Playing the Harmonica",16.35,"http://ecx.images-amazon.com/images/I/51SxiwPIX3L.jpg",195,678.3,3.48
0028637275,"Books",5540426,"The Unofficial Guide to Walt Disney World 2001 (Unofficial Guides)",771.97,"http://ecx.images-amazon.com/images/I/51F7EK4RJDL.jpg",725,2471.95,3.41
0028642341,"Books",671909,"The Complete Idiot's Guide to Italian History and Culture",9.99,"http://ecx.images-amazon.com/images/I/51Bh73iwP9L.jpg",734,2394.46,3.26
0028642589,"Books",1237448,"The Complete Idiot's Guide to Motorcycles (2nd Edition)",6.3,"http://ecx.images-amazon.com/images/I/512BF2lm0OL.jpg",657,2159.79,3.29
0028642422,"Books",425302,"The Complete Idiot's Guide to Theories of the Universe",10.99,"http://ecx.images-amazon.com/images/I/51xWsO6kwzL.jpg",292,931.64,3.19
002864154X,"Books",1163936,"Complete Idiot's Guide to Calligraphy",15.92,"http://ecx.images-amazon.com/images/I/513jJL8ifBL.jpg",636,2076.3,3.26
0028642317,"Books",2763892,"The Complete Idiot's Guide(R) to Visual Basic .NET",26.67,"http://ecx.images-amazon.com/images/I/51SAnM%2BLgXL.jpg",246,764.99,3.11
0028642694,"Books",330472,"The Power of a Good Fight",93.78,"http://ecx.images-amazon.com/images/I/51U1CUfOt8L.jpg",309,1318.13,4.27
002864218X,"Books",3159185,"Malcolm X (Critical Lives)",517.36,"http://ecx.images-amazon.com/images/I/513A9ARRX3L.jpg",124,379.02,3.06
0028642678,"Books",1521293,"The Complete Idiot's Guide to Online Genealogy, Second Edition",14.53,"http://ecx.images-amazon.com/images/I/51Pysb9pNeL.jpg",324,1453.26,4.49
0028641582,"Books",2166474,"Alpha Teach Yourself Accounting in 24 Hours",16.06,"http://ecx.images-amazon.com/images/I/51oq6J6GI7L.jpg",926,4231.14,4.57
0028641736,"Books",773206,"Teach Yourself French in 24 Hours",14.99,"http://ecx.images-amazon.com/images/I/41Q5WDCDFJL.jpg",610,1991.66,3.27
0028639545,"Books",1359580,"The Complete Idiot's Guide to Leadership (2nd Edition)",9.99,"http://ecx.images-amazon.com/images/I/51ruelnqACL.jpg",706,2359.15,3.34
0028639790,"Books",201413,"The Complete Idiot's Guide to I Ching",12.95,"http://ecx.images-amazon.com/images/I/5113GFmTNEL.jpg",203,626.67,3.09
0028642872,"Books",4397335,"The Complete Idiot's Guide to Wireless Computing and Networking",581.03,"http://ecx.images-amazon.com/images/I/51bpFeQoeSL.jpg",330,1442.91,4.37
0028642430,"Books",1310132,"The Complete Idiot's Guide(R) to the Crusades",9.99,"http://ecx.images-amazon.com/images/I/51QjzXNfoNL.jpg",297,1257.51,4.23
0028642783,"Books",4454585,"Critical Lives: Mother Teresa",697.78,"http://ecx.images-amazon.com/images/I/51mQDdrbjHL.jpg",698,2682.04,3.84
0028643194,"Books",3118707,"The Complete Idiot's Guide to Computer Illustration",695.21,"http://ecx.images-amazon.com/images/I/51U%2BXDJAofL.jpg",657,3072.54,4.68
0028642635,"Books",1088847,"The Complete Idiot's Guide to Managing Your Time (3rd Edition)",9.99,"http://ecx.images-amazon.com/images/I/516vAKuUc5L.jpg",376,1850.56,4.92
0028640039,"Books",746458,"Complete Idiot's Guide to Homeopathy",9.55,"http://ecx.images-amazon.com/images/I/51K-VkFm2zL.jpg",400,1233.44,3.08
0028642716,"Books",1204015,"The Complete Idiot's Guide(R) to Consulting",15.36,"http://ecx.images-amazon.com/images/I/51MXWphDT9L.jpg",221,1021.87,4.62
0028639839,"Books",1103244,"Complete Idiot's Guide to the Pilates Method",9.78,"http://ecx.images-amazon.com/images/I/51acXMVTt0L.jpg",882,4177.21,4.74
0028642732,"Books",424188,"The Complete Idiot's Guide to Personal Finance in Your 40s and 50s",10.99,"http://ecx.images-amazon.com/images/I/51PiVAClaIL.jpg",778,2893.64,3.72
0028642252,"Books",1885730,"The Complete Idiot's Guide(R) to the Mafia",10.99,"http://ecx.images-amazon.com/images/I/51VTOU5FY-L.jpg",182,685.31,3.77
0028638670,"Books",2842477,"The Unofficial Guide to Online Genealogy",574.88,"http://ecx.images-amazon.com/images/I/51W3DAzVSpL.jpg",687,2830.8,4.12
0028642643,"Books",2098647,"The Complete Idiot's Guide to T'ai Chi &amp; QiGong (2nd Edition)",15.93,"http://ecx.images-amazon.com/images/I/51knMy3NIxL.jpg",423,1651.26,3.9
002864266X,"Books",130634,"The Complete Idiot's Guide to Paganism",9.99,"http://ecx.images-amazon.com/images/I/51j4v7MYMxL.jpg",908,3108.94,3.42
0028641698,"Books",1168318,"The Complete Idiot's Guide to College Survival (Complete Idiot's Guide To...)",7.99,"http://ecx.images-amazon.com/images/I/51oAIC9ECxL.jpg",537,1685.26,3.14
0028639979,"Books",1515598,"The Complete Idiot's Guide to a Smart Vocabulary",14.14,"http://ecx.images-amazon.com/images/I/51KL1lmbhBL.jpg",855,3589.06,4.2
0028641825,"Books",1129107,"The Complete Idiot's Guide to Chess (2nd Edition)",9.78,"http://ecx.images-amazon.com/images/I/51fs8hlK-QL.jpg",496,1639.21,3.3
0028641671,"Books",389030,"The Complete Idiot's Guide to Football (2nd Edition)",11.84,"http://ecx.images-amazon.com/images/I/51s-dHPIXsL.jpg",292,1038.88,3.56
002864302X,"Books",3729754,"Life's Big Questions",187.15,"http://ecx.images-amazon.com/images/I/51QHGBV9T2L.jpg",886,3370.25,3.8
0028641779,"Books",740690,"The Complete Idiot's Guide to Knowledge Management",11.84,"http://ecx.images-amazon.com/images/I/51N0xs8AAlL.jpg",984,4342.46,4.41
0028642058,"Books",266599,"Windfall: Managing Unexpected Money So It Doesn't Manage You",27.09,"http://ecx.images-amazon.com/images/I/417JD5RXPZL.jpg",757,3353.53,4.43
0028642570,"Books",1423736,"The Complete Idiot's Guide(R) to Hockey",7.94,"http://ecx.images-amazon.com/images/I/51D5GE66AAL.jpg",570,2114.71,3.71
0028642163,"Books",2175408,"Alpha Teach Yourself Business Plans in 24 Hours",429.57,"http://ecx.images-amazon.com/images/I/41ofI7MhfyL.jpg",205,766.55,3.74
0028642627,"Books",442759,"The Complete Idiot's Guide to Taoism",9.99,"http://ecx.images-amazon.com/images/I/51PRmqEXe7L.jpg",655,2188.89,3.34
0028642821,"Books",1608005,"The Complete Idiot's Guide(R) to NASA",14.12,"http://ecx.images-amazon.com/images/I/51lhbTf-7fL.jpg",212,801.93,3.78
0028643461,"Books",142011,"The Complete Idiot's Guide to Criminal Investigation",7.99,"http://ecx.images-amazon.com/images/I/51yapvyGtuL.jpg",774,3751.9,4.85
0028642171,"Books",855074,"The Complete Idiot's Guide to Change Management",18.36,"http://ecx.images-amazon.com/images/I/51cSdiNPfuL.jpg",521,1931.3,3.71
0028642767,"Books",110315,"TLC: Talking Listening Connecting",761.51,"http://ecx.images-amazon.com/images/I/41NT3S71KML.jpg",365,1620.0,4.44
0028642260,"Books",441483,"The Complete Idiot's Guide(R) to Evolution",537.67,"http://ecx.images-amazon.com/images/I/51lQlvzbD7L.jpg",582,2325.41,4.0
0028643259,"Books",1340960,"The Complete Idiot's Guide to Understanding Ethics",13.76,"http://ecx.images-amazon.com/images/I/51vzBRLtWGL.jpg",785,2618.35,3.34
0028643224,"Books",1116760,"The Complete Idiot's Guide to Learning Russian",11.02,"http://ecx.images-amazon.com/images/I/51X2K1YTCHL.jpg",895,3904.46,4.36
0028643534,"Books",104383,"The Complete Idiot's Guide To American Government",15.15,"http://ecx.images-amazon.com/images/I/51wabjazvLL.jpg",779,2499.39,3.21
0028642775,"Books",1102284,"The Complete Idiot's Guide(R) to Ancient Egypt",17.38,"http://ecx.images-amazon.com/images/I/51hvgc3%2BQKL.jpg",164,551.27,3.36
0028642449,"Books",192698,"The Complete Idiot's Guide to Playing Guitar (2nd Edition)",16.04,"http://ecx.images-amazon.com/images/I/51nYIbZMcSL.jpg",932,3906.43,4.19
0028643550,"Books",3272708,"The Complete Idiot's Guide to Adobe Photoshop Elements 2.0",316.52,"http://ecx.images-amazon.com/images/I/510295G91EL.jpg",525,2365.13,4.51
0028641817,"Books",3346997,"The Complete Idiot's Guide to Vampires",7.99,"http://ecx.images-amazon.com/images/I/51Au4XSu2gL.jpg",103,323.15,3.14
0028643305,"Books",3255601,"The Complete Idiot's Guide to Macromedia Dreamweaver MX",450.4,"http://ecx.images-amazon.com/images/I/51WlnxOvt9L.jpg",761,3311.29,4.35
0028643100,"Books",128421,"The Complete Idiot's Guide to Understanding the Brain",9.99,"http://ecx.images-amazon.com/images/I/51OVxsaq60L.jpg",127,530.88,4.18
0028643178,"Books",2416918,"The Complete Idiot's Guide(R) to Social Security",12.79,"http://ecx.images-amazon.com/images/I/511YNVF4YZL.jpg",925,4595.47,4.97
0028643518,"Books",371735,"Behind Bars: Surviving Prison",11.04,"http://ecx.images-amazon.com/images/I/51ALfYXDSnL.jpg",544,2256.25,4.15
0028642104,"Books",474225,"Complete Idiot's Guide to Direct Marketing",11.3,"http://ecx.images-amazon.com/images/I/51VE7GmcqJL.jpg",968,4194.16,4.33
002864283X,"Books",594250,"Become A Recognized Authority In Your Field - In 60 Days Or Less",11.71,"http://ecx.images-amazon.com/images/I/41SN53T7JZL.jpg",207,988.47,4.78
002864350X,"Books",81524,"The Complete Idiot's Guide to Communicating With Spirits",9.99,"http://ecx.images-amazon.com/images/I/51JgVJq5HuL.jpg",359,1223.17,3.41
0028639340,"Books",463603,"The Complete Idiot's Guide to Being a Smart Landlord",14.42,"http://ecx.images-amazon.com/images/I/51wN3vMzMvL.jpg",106,473.65,4.47
0028643879,"Books",381154,"The Complete Idiot's Guide to Photography Like a Pro (2nd Edition)",652.72,"http://ecx.images-amazon.com/images/I/51KHH3DW9ZL.jpg",457,1494.28,3.27
0028643399,"Books",1767325,"The Complete Idiot's Guide to Feng Shui (2nd Edition)",10.99,"http://ecx.images-amazon.com/images/I/51Xi-pmEA7L.jpg",270,1093.85,4.05
0028643992,"Books",1138999,"The Complete Idiot's Guide(R) to Private Investigating",15.41,"http://ecx.images-amazon.com/images/I/51PHKu30ZeL.jpg",610,2384.22,3.91
0028643526,"Books",2660593,"Al Qaeda: Brotherhood of Terror",69.68,"http://ecx.images-amazon.com/images/I/51XvnHfCwNL.jpg",981,4240.52,4.32
0028642279,"Books",891762,"The Complete Idiot's Guide to Hinduism",14.47,"http://ecx.images-amazon.com/images/I/51gvbwobHoL.jpg",587,2632.59,4.48
0028644239,"Books",910367,"Fit and Fat: The 8-Week Heart Zones Program",14.98,"http://ecx.images-amazon.com/images/I/51D5ANX8Z9L.jpg",848,3982.12,4.7
0028643933,"Books",1480288,"The Complete Idiot's Guide to Solar Power for Your Home",14.25,"http://ecx.images-amazon.com/images/I/515Y83AR9AL.jpg",823,3620.77,4.4
002864364X,"Books",277226,"The Complete Idiot's Guide to Shamanism",9.99,"http://ecx.images-amazon.com/images/I/512Kll1hKaL.jpg",797,2776.96,3.48
0028644182,"Books",1509233,"The Complete Idiot's Guide to Spies and Espionage",10.5,"http://ecx.images-amazon.com/images/I/51v1IbkOemL.jpg",161,489.13,3.04
0028644212,"Books",429389,"The Complete Idiot's Guide to Human Prehistory",37.08,"http://ecx.images-amazon.com/images/I/51Hv7FrrXOL.jpg",808,2859.66,3.54
0028641442,"Books",2054184,"Complete Idiot's Guide to Songwriting",14.15,"http://ecx.images-amazon.com/images/I/51A47RTXWPL.jpg",758,3108.15,4.1
0028643828,"Books",1653972,"The Complete Idiot's Guide to the Bible (2nd Edition)",9.99,"http://ecx.images-amazon.com/images/I/51iazGK23iL.jpg",409,2000.09,4.89
0028643607,"Books",1600610,"The Complete Idiot's Guide to Latino History and Culture",9.99,"http://ecx.images-amazon.com/images/I/51r0NK8KLgL.jpg",800,2933.31,3.67
0028643119,"Books",2263176,"The Complete Idiot's Guide(R) to Building Your Own Home",16.85,"http://ecx.images-amazon.com/images/I/516mB%2BpfIlL.jpg",902,4394.91,4.87
002864316X,"Books",2312641,"The Complete Idiot's Guide to Creating a Web Page (5th Edition)",4.0,"http://ecx.images-amazon.com/images/I/51IX4YUMXTL.jpg",653,2754.34,4.22
0028643658,"Books",1043463,"The Complete Idiot's Guide to Calculus",4.33,"http://ecx.images-amazon.com/images/I/51nbNJsvuXL.jpg",782,3782.59,4.84
0028639936,"Books",4522417,"The Complete Idiot's Guide to Cosmetic Surgery",714.29,"http://ecx.images-amazon.com/images/I/51JTYBM735L.jpg",984,3895.78,3.96
0028644336,"Books",1829339,"The Complete Idiot's Guide to Weight Training Illustrated (2nd Edition)",377.07,"http://ecx.images-amazon.com/images/I/51YZTETZsVL.jpg",213,686.88,3.22
002864459X,"Books",1389863,"The Pocket Idiot's Guide to Buddhism",5.12,"http://ecx.images-amazon.com/images/I/61oi-8LRFnL.jpg",347,1259.82,3.63
0028644018,"Books",2690756,"Pocket Idiot's Guide To Tailgating",13.3,"http://ecx.images-amazon.com/images/I/61yP0KWEaAL.jpg",345,1421.0,4.12
0028642902,"Books",2222343,"The Complete Idiot's Guide(R) to the Popes and the Papacy",642.8,"http://ecx.images-amazon.com/images/I/51nGf-eId4L.jpg",507,1633.54,3.22
0028643089,"Books",1398108,"Sexo Maravilloso",13.46,"http://ecx.images-amazon.com/images/I/41TMbwxnFpL.jpg",861,3527.92,4.1
002864431X,"Books",1757742,"The Future of War: The Face of 21st-Century Warfare",65.66,"http://ecx.images-amazon.com/images/I/5195YWARKXL.jpg",373,1237.13,3.32
0028644867,"Books",1026873,"The Complete Idiot's Guide to Jams, Jellies &amp; Preserves",12.63,"http://ecx.images-amazon.com/images/I/51N8S0S91XL.jpg",172,532.02,3.09
0028644174,"Books",162687,"The Complete Idiot's Guide to Celtic Wisdom",9.99,"http://ecx.images-amazon.com/images/I/51N57sH1s8L.jpg",259,989.1,3.82
0028643712,"Books",210745,"Muhammad (Critical Lives)",9.78,"http://ecx.images-amazon.com/images/I/41ep%2BjnbZYL.jpg",782,2578.3,3.3
0028644840,"Books",2750793,"The Complete Idiot's Guide to Creating CDs and DVDs",4.0,"http://ecx.images-amazon.com/images/I/51rPT5sKVGL.jpg",134,539.16,4.02
0028644506,"Books",2263286,"The Complete Idiot's Guide to Learning Latin",4.0,"http://ecx.images-amazon.com/images/I/51JBKWG2XWL.jpg",339,1249.69,3.69
0028644565,"Books",3439979,"The Pocket Idiot's Guide to Being a Groom, 2E (Pocket Idiot's Guides)",9.45,"http://ecx.images-amazon.com/images/I/417RTDDZ0NL.jpg",909,3216.97,3.54
0028644379,"Books",1776822,"Empowering Your Life with Wicca",71.07,"http://ecx.images-amazon.com/images/I/41PY0E4Z94L.jpg",894,4443.98,4.97
0028644654,"Books",1071486,"The Complete Idiot's Guide to Investing In Fixer-Uppers",12.99,"http://ecx.images-amazon.com/images/I/51byUyd3stL.jpg",438,1664.27,3.8
0028645200,"Books",5146634,"Rap Whoz Who: The World of Rap Music, Performers, Producers &amp; Promoters",84.2,"http://ecx.images-amazon.com/images/I/51GGFD5S8WL.jpg",740,3113.2,4.21
0028644859,"Books",2650013,"The Complete Idiot's Guide To Gambling Like a Pro",9.99,"http://ecx.images-amazon.com/images/I/51XWNDRNXJL.jpg",705,2825.71,4.01
0028644700,"Books",1062941,"The Complete Idiot's Guide to Understanding the Amish",20.3,"http://ecx.images-amazon.com/images/I/51dVXdECviL.jpg",587,1911.99,3.26
0028644786,"Books",2164214,"Hot and Sticky BBQ",755.52,"http://ecx.images-amazon.com/images/I/51PZM1B525L.jpg",883,4217.18,4.78
0028645693,"Books",143430,"Teaching Woodwinds: A Method and Resource Handbook for Music Educators",45.14,"http://ecx.images-amazon.com/images/I/512ZYTY0G3L.jpg",298,1126.24,3.78
0028644069,"Books",3337739,"The Complete Idiot's Guide to Labrador Retrievers",12.99,"http://ecx.images-amazon.com/images/I/51YFrLEz%2BkL.jpg",468,1484.83,3.17
0028644638,"Books",398079,"The Complete Idiot's Guide to Positive Dog Training",15.17,"http://ecx.images-amazon.com/images/I/5162VCP61WL.jpg",285,891.77,3.13
0028646142,"Books",2964078,"American Music:  A Panorama, Concise Edition",8.99,"http://ecx.images-amazon.com/images/I/51JG2E3RQNL.jpg",675,2761.4,4.09
0028644417,"Books",921892,"The Complete Idiot's Guide to Meditation (2nd Edition)",9.99,"http://ecx.images-amazon.com/images/I/5139RWDTFAL.jpg",277,949.48,3.43
0028644662,"Books",831722,"The Complete Idiot's Guide to Running, 2nd Edition",11.2,"http://ecx.images-amazon.com/images/I/51WC9KX6PCL.jpg",817,3515.01,4.3
0028645073,"Books",606283,"Dance Kinesiology, Second Edition",25.45,"http://ecx.images-amazon.com/images/I/51PN9SF5WXL.jpg",372,1692.92,4.55
0028644670,"Books",1400830,"The Complete Idiot's Guide to Yoga Illustrated, Third Edition",9.99,"http://ecx.images-amazon.com/images/I/51CHKEVFCSL.jpg",642,3202.85,4.99
0028640020,"Books",766890,"Complete Idiot's Guide to Walking for Health",9.78,"http://ecx.images-amazon.com/images/I/51PJUwmO%2BAL.jpg",815,2703.48,3.32
0028644492,"Books",1052682,"The Complete Idiot's Guide to MBA Basics, 2nd Edition",15.52,"http://ecx.images-amazon.com/images/I/510O0x5QLVL.jpg",816,3653.01,4.48
0028643747,"Books",2614550,"The Complete Idiot's Guide To Personal Finance in Your 20s and 30s (2nd Edition)",9.99,"http://ecx.images-amazon.com/images/I/51JC7X9JTEL.jpg",317,1364.57,4.3
0028645715,"Books",1987305,"More Opening Nights on Broadway: A Critical Quote Book of the Musical Theatre, 1965-1981",379.82,"http://ecx.images-amazon.com/images/I/5174VNPSS4L.jpg",882,3182.27,3.61
0028644972,"Books",3017940,"Alpha Bravo Delta Guide to the  U.S. Navy (Alpha Bravo Delta Guides)",585.33,"http://ecx.images-amazon.com/images/I/518qXmL2LtL.jpg",757,2390.99,3.16
0028647319,"Books",2015052,"They Fought the Law : Rock Music Goes to Court",334.96,"http://ecx.images-amazon.com/images/I/51085WPM2WL.jpg",346,1321.7,3.82
0028647432,"Books",2416432,"That American Rag: The Story of Ragtime from Coast to Coast",17.06,"http://ecx.images-amazon.com/images/I/510PQDQTHHL.jpg",688,2733.57,3.97
0028644603,"Books",510696,"The Complete Idiot's Guide to Horses",7.99,"http://ecx.images-amazon.com/images/I/517HKUCJHPL.jpg",463,1885.69,4.07
0028645960,"Books",830283,"Teaching Music: Managing the Successful Music Program",36.25,"http://ecx.images-amazon.com/images/I/51ZDVP1M25L.jpg",341,1392.51,4.08
0028647912,"Books",1879799,"Baker's Dictionary of Music",34.02,"http://ecx.images-amazon.com/images/I/710MHT0743L.gif",156,761.83,4.88
0028643453,"Books",1181505,"The Complete Idiot's Guide to Ballroom Dancing",29.99,"http://ecx.images-amazon.com/images/I/51aQs8JZNOL.jpg",968,4613.81,4.77
0028647394,"Books",1454881,"American Aria: From Farm Boy to Opera Star",19.24,"http://ecx.images-amazon.com/images/I/71JP961EB0L.gif",469,1649.27,3.52
0028649656,"Books",2836227,"Who's Who in Space",4.0,"http://ecx.images-amazon.com/images/I/51kPw0VZcGL._SL500_.jpg",611,2190.81,3.59
0028648625,"Books",1565388,"The Blues: From Robert Johnson to Robert Cray",480.9,"http://ecx.images-amazon.com/images/I/51N8EB9583L.jpg",703,3280.11,4.67
0028647165,"Books",367934,"A Sound Approach to Teaching Instrumentalists: An Application of Content and Learning Sequences",114.48,"http://ecx.images-amazon.com/images/I/51DHGXWD58L.jpg",731,3044.38,4.16
002864462X,"Books",840064,"The Complete Idiot's Guide to the Oceans",9.99,"http://ecx.images-amazon.com/images/I/51xkfs615iL.jpg",878,4322.09,4.92
0028644247,"Books",2276395,"The Complete Idiot's Guide to Total Nutrition (3rd Edition)",9.99,"http://ecx.images-amazon.com/images/I/51Q0RZ7F81L.jpg",988,3024.19,3.06
0028646673,"Books",2720666,"The Illustrated Encyclopedia of Musical Instruments",110.95,"http://ecx.images-amazon.com/images/I/71PCWMENEVL.gif",299,1121.26,3.75
0028647424,"Books",2612294,"Spreadin' Rhythm Around: Black Popular Songwriters, 1880-1930",34.3,"http://ecx.images-amazon.com/images/I/51ZWQ2A2EHL.jpg",832,3093.0,3.72
0028647297,"Books",436093,"Angels Dance and Angels Die: The Tragic Romance of Pamela and Jim Morrison",9.79,"http://ecx.images-amazon.com/images/I/71QCDA8QWML.gif",305,1318.3,4.32
0028645952,"Books",2158043,"Hollywood Rhapsody: The Story of Movie Music, 1900-1975",103.28,"http://ecx.images-amazon.com/images/I/5140ZM6HA4L.jpg",229,890.6,3.89
0028646827,"Books",1232641,"Computer Music: Synthesis, Composition, and Performance",54.12,"http://ecx.images-amazon.com/images/I/71H34BJ3FHL.gif",203,704.06,3.47
0028646126,"Books",3585167,"The Miles Davis Companion: Four Decades of Commentary",684.01,"http://ecx.images-amazon.com/images/I/516YKP4VTEL.jpg",872,3045.81,3.49
0028647378,"Books",174263,"Techniques of the Contemporary Composer",107.22,"http://ecx.images-amazon.com/images/I/71s3x0slGdL.jpg",678,2577.74,3.8
002864610X,"Books",1049219,"Musical!: A Grand Tour",7.94,"http://ecx.images-amazon.com/images/I/71DG8QX7RKL.gif",507,2435.84,4.8
0028647521,"Books",1887656,"Richard Thompson: The Biography",351.68,"http://ecx.images-amazon.com/images/I/71H3KQC5SAL.gif",963,4703.95,4.88
0028646851,"Books",100360,"Stonewall Jackson",56.7,"http://ecx.images-amazon.com/images/I/512Q478010L.jpg",190,583.82,3.07
0028648730,"Books",3686706,"The Rockin' '60s: The People Who Made the Music",31.63,"http://ecx.images-amazon.com/images/I/511BYBB37CL.jpg",700,3161.71,4.52
0028650654,"Books",2880041,"Encyclopedia of Business and Finance",185.57,"http://ecx.images-amazon.com/images/I/51B3WQ7Q6NL.jpg",382,1511.05,3.96
0028642686,"Books",165457,"Every Manager's Desk Reference",22.55,"http://ecx.images-amazon.com/images/I/51PCMSWF3DL.jpg",250,826.42,3.31
0028650085,"Books",3600501,"Atlas of the Baby Boom Generation",195.23,"http://ecx.images-amazon.com/images/I/510MVMG5GAL.jpg",159,571.99,3.6
0028648153,"Books",1774414,"Irving Berlin: A Life in Song",615.54,"http://ecx.images-amazon.com/images/I/41AjM2D%2BChL.jpg",703,3166.95,4.5
0028649664,"Books",1529746,"The Book of the World with CDROM",150.4,"http://ecx.images-amazon.com/images/I/21njXrdj0dL._SL500_.jpg",504,2474.33,4.91
0028655419,"Books",2943099,"Encyclopedia of Drugs, Alcohol, and Addictive Behavior 4 vol set (Encyclopedia of Drugs, Alcohol and Addictive Behavior)",648.49,"http://ecx.images-amazon.com/images/I/91ugT5mjASL.jpg",281,982.47,3.5
0028649192,"Books",9746510,"Bioethics: Sex, Genetics, &amp; Human Reproduction (Macmillan Compendium)",123.5,"http://ecx.images-amazon.com/images/I/715BP58JB8L.gif",671,2693.79,4.01
0028644913,"Books",471307,"The Complete Idiot's Guide to Understanding Mormonism",9.99,"http://ecx.images-amazon.com/images/I/51ho1INcrnL.jpg",830,4024.84,4.85
0028647882,"Books",567881,"The Well-Tempered Keyboard Teacher",18.25,"http://ecx.images-amazon.com/images/I/41Jlc6LqJcL.jpg",703,2131.42,3.03
0028650301,"Books",2609005,"That's Alright, Elvis: The Untold Story of Elvis' First Guitarist and Manager, Scotty Moore",8.99,"http://ecx.images-amazon.com/images/I/51X1YNP5HVL.jpg",700,2370.13,3.39
0028657802,"Books",2422399,"Encyclopedia Of Philosophy (10 Volume Set)",796.11,"http://ecx.images-amazon.com/images/I/51E0JA2WTJL.jpg",886,3357.24,3.79
0028658310,"Books",3559438,"Encyclopedia of Science Technology and Ethics",637.45,"http://ecx.images-amazon.com/images/I/21QPYKKH1JL.jpg",888,2961.73,3.34
0028644166,"Books",246475,"Mob Star: The Story of John Gotti",15.23,"http://ecx.images-amazon.com/images/I/51WgKrLEH3L.jpg",571,1943.26,3.4
002865370X,"Books",3926945,"Macmillan Centennial Atlas of the World",27.72,"http://ecx.images-amazon.com/images/I/21TzpJx%2Bo4L.jpg",664,2625.87,3.95
0028642899,"Books",815908,"The Complete Idiot's Guide(R) to the Great Depression",416.68,"http://ecx.images-amazon.com/images/I/51NJKbpE8BL.jpg",787,2745.86,3.49
0028656776,"Books",5028235,"Encyclopedia of Population",418.5,"http://ecx.images-amazon.com/images/I/312QAZ8APML.jpg",738,2821.98,3.82
0028704711,"Books",3213453,"Bebop and Nothingness: Jazz and Pop at the End of the Century",10.49,"http://ecx.images-amazon.com/images/I/7145EHHGXML.gif",374,1707.16,4.56
0028708458,"Books",4210390,"German Lieder in the Nineteenth Century",25.27,"http://ecx.images-amazon.com/images/I/71ZH7EQ297L.gif",526,2464.9,4.69
0028653300,"Books",2963849,"Music in Latin American Culture: Regional Traditions audio CD",99.75,"http://ecx.images-amazon.com/images/I/512txnwjgML.jpg",645,2700.99,4.19
002866020X,"Books",5173313,"Encyclopedia of Race And Racism (Encyclopedia of Race and Racism) 3 Volume Set",94.52,"http://ecx.images-amazon.com/images/I/51qTMJnEyBL.jpg",336,1620.17,4.82
0028708326,"Books",3551615,"Ganzl's Book of the Broadway Musical: 75 Favorite Shows, from H.M.S. Pinafore to Sunset Boulevard",346.97,"http://ecx.images-amazon.com/images/I/51VQADQHGRL.jpg",634,2980.61,4.7
0028705521,"Books",1213125,"Music in Childhood: From Preschool Through the Elementary Grades",140.86,"http://ecx.images-amazon.com/images/I/41yHW7IviUL.jpg",855,2609.35,3.05
0028656067,"Books",4827498,"Genetics (Macmillan Science Library) (4 Volume set)",575.0,"http://ecx.images-amazon.com/images/I/41A7ZZ5YFHL.jpg",791,3466.89,4.38
0028706838,"Books",3246140,"Looking Out: Perspectives on Dance and Criticism in a Multicultural World",121.12,"http://ecx.images-amazon.com/images/I/21HNkqfMRgL._SL500_.jpg",161,784.16,4.87
0028657330,"Books",2249382,"Encyclopedia of Religion, 15 Volume Set",437.26,"http://ecx.images-amazon.com/images/I/51S3931B63L.jpg",198,924.21,4.67
0028704843,"Books",3251436,"American Song: The Complete Musical Theatre Companion, 1877-1995. Volumes 1 and 2 (Vols 1 and 2)",253.29,"http://ecx.images-amazon.com/images/I/41DSCVDN0ZL.jpg",268,864.68,3.23
0028647351,"Books",2233197,"Chopin (Master Musicians Series)",31.12,"http://ecx.images-amazon.com/images/I/41Q2QR6W4ML.jpg",275,1325.13,4.82
0028653491,"Books",4870291,"Bakers Dictionary of Opera (1 Vol)",744.17,"http://ecx.images-amazon.com/images/I/51FJlkX0Q2L.jpg",795,3556.63,4.47
0028644530,"Books",2041380,"The Complete Idiot's Guide to Digital Photography (3rd Edition)",13.0,"http://ecx.images-amazon.com/images/I/5125VbIROGL.jpg",931,3463.69,3.72
0028701658,"Books",640692,"And the Beat Goes On: An Introduction to Popular Music in America, 1840 to Today",9.99,"http://ecx.images-amazon.com/images/I/41m1vyvTJNL.jpg",345,1704.28,4.94
002864719X,"Books",1245825,"Eddy Arnold: Pioneer of the Nashville Sound",15.0,"http://ecx.images-amazon.com/images/I/31D2QB83W4L.gif",228,998.65,4.38
0028700112,"Books",800995,"Foundations of Music Education",50.95,"http://ecx.images-amazon.com/images/I/31gKoCh8jmL.jpg",839,3253.99,3.88
0028644921,"Books",808433,"The Complete Idiot's Guide to Economics",15.08,"http://ecx.images-amazon.com/images/I/51ngdb08HkL.jpg",599,1850.9,3.09
0028657187,"Books",1871056,"Encyclopedia of Buddhism",40.9,"http://ecx.images-amazon.com/images/I/51Y7KFC6ZVL.jpg",604,2302.06,3.81
002870133X,"Books",2588812,"Music, Money, and Success: The Insider's Guide to the Music Industry",22.18,"http://ecx.images-amazon.com/images/I/51M6JW0Z9DL.jpg",437,1556.56,3.56
0028649257,"Books",1655026,"Complete Idiot's Guide to Playing Piano (The Complete Idiot's Guide)",17.16,"http://ecx.images-amazon.com/images/I/715FBA4MBGL.gif",920,4048.4,4.4
0028707907,"Books",139469,"Singing in French: A Manual of French Diction and French Vocal Repertoire",42.19,"http://ecx.images-amazon.com/images/I/51glhp3wehL.jpg",926,3932.45,4.25
002865806X,"Books",6164204,"Americans at War: Society, Culture, and the Homefront",620.35,"http://ecx.images-amazon.com/images/I/51RRKVV29BL.jpg",735,2418.68,3.29
0028703111,"Books",508289,"Choral Music Methods and Materials: Developing Successful Choral Programs",125.77,"http://ecx.images-amazon.com/images/I/519ocfN%2BznL.jpg",352,1703.03,4.84
0028707648,"Books",2242618,"Inside the Music Industry: Creativity, Process, and Business",130.61,"http://ecx.images-amazon.com/images/I/719D2HVTR5L.gif",804,3724.96,4.63
0028659287,"Books",1378397,"Encyclopedia Judaica 22 Volume Set",87.31,"http://ecx.images-amazon.com/images/I/414VF5A5HDL.jpg",713,2341.66,3.28
0028711009,"Books",317222,"The Singer's Manual of English Diction",66.89,"http://ecx.images-amazon.com/images/I/41P5AW6M0QL.jpg",683,3066.2,4.49
0028656032,"Books",674464,"Encyclopedia of Islam &amp; the Muslim World",431.93,"http://ecx.images-amazon.com/images/I/514P5GXVXAL.jpg",470,2082.24,4.43
0028657047,"Books",3808547,"Encyclopedia of Science and Religion (MacMillan Reference USA)",418.5,"http://ecx.images-amazon.com/images/I/518EKB08A8L.jpg",224,982.25,4.39
0028654838,"Books",4425007,"Photography Encyclopedia",4.71,"http://ecx.images-amazon.com/images/I/410YKTDN63L.jpg",452,1441.61,3.19
0028647491,"Books",469799,"Choral Concepts: A Text for Conductors",37.0,"http://ecx.images-amazon.com/images/I/41NR6rFCFNL.jpg",489,1758.46,3.6
002870620X,"Books",186974,"Singer's Italian: A Manual of Diction and Phonetics",17.58,"http://ecx.images-amazon.com/images/I/41VU2wHt1qL.jpg",906,3482.87,3.84
0028719158,"Books",985795,"Contemporary Music Education",25.0,"http://ecx.images-amazon.com/images/I/7122YVXYVDL.gif",201,945.32,4.7
0028712714,"Books",2916788,"Bakers Biographical Dict. of 20th Cent. Classical Mus. (1 Vol)",194.09,"http://ecx.images-amazon.com/images/I/713GJ889AYL.gif",812,2926.05,3.6
0028647505,"Books",1458627,"Music in Latin American Culture: Regional Traditions",49.88,"http://ecx.images-amazon.com/images/I/310tj4AzV3L.jpg",527,1641.19,3.11
0028713591,"Books",925661,"The Wagner Compendium: A Guide to Wagner's Life and Music",16.49,"http://ecx.images-amazon.com/images/I/51v5yAfUEjL._SL500_PIsitb-sticker-arrow-big,TopRight,35,-73_OU01_.jpg",942,3902.63,4.14
0028724186,"Books",509442,"Music Since 1900",443.47,"http://ecx.images-amazon.com/images/I/715CTP4G3YL.gif",577,2015.54,3.49
0028658477,"Books",3230247,"Encyclopedia of Genocide and Crimes Against Humanity - 3 Volume Set (T-Z-Index)",567.0,"http://ecx.images-amazon.com/images/I/51Y4WY3B6XL.jpg",598,2899.02,4.85
0028706501,"Books",1215023,"Singer's Manual of German and French Diction",48.34,"http://ecx.images-amazon.com/images/I/61gw2z55ivL.jpg",656,2580.72,3.93
002871394X,"Books",1454132,"Sing Out, Louise!: 150 Stars of the Musical Theatre Remember 50 Years on Broadway",354.59,"http://ecx.images-amazon.com/images/I/91Di2Be7L3L.jpg",312,1148.28,3.68
0028713567,"Books",2556778,"Mozart Speaks: Views on Music, Musicians, and the World",96.26,"http://ecx.images-amazon.com/images/I/518K9J783YL.jpg",744,3270.97,4.4
0028722809,"Books",859048,"On Piano Playing: Motion, Sound, and Expression",144.86,"http://ecx.images-amazon.com/images/I/51LgXgbthTL.jpg",255,902.93,3.54
002870665X,"Books",225297,"Listen and Sing: Lessons in Ear-Training and Sight-Singing (Global Environment Change)",32.62,"http://ecx.images-amazon.com/images/I/513Z75WH8EL.jpg",139,444.39,3.2
0028722752,"Books",547973,"Companion to Baroque Music",25.48,"http://ecx.images-amazon.com/images/I/615PUsse2BL._SL500_PIsitb-sticker-arrow-big,TopRight,35,-73_OU01_.jpg",175,727.57,4.16
0028712218,"Books",2936553,"Companion to Medieval and Renaissance Music",32.91,"http://ecx.images-amazon.com/images/I/91syOsGAC1L.jpg",118,362.35,3.07
0028718852,"Books",889331,"Tchaikovsky: The Quest for the Inner Man",16.46,"http://ecx.images-amazon.com/images/I/41jekh7Mw%2BL._SL500_.jpg",363,1620.02,4.46
0028715306,"Books",2558015,"Horn (Yehudi Menuhin music guides)",26.26,"http://ecx.images-amazon.com/images/I/51cqMn3sawL.jpg",436,2045.87,4.69
0028740106,"Books",2095678,"True State of the Planet",25.97,"http://ecx.images-amazon.com/images/I/51NNxBdwFvL.jpg",384,1820.91,4.74
0028732901,"Books",850742,"Soundings: Music in the Twentieth Century",33.91,"http://ecx.images-amazon.com/images/I/51HNCNW017L.jpg",246,1162.2,4.72
0028723929,"Books",1078704,"Music of the Twentieth Century: Style and Structure",11.63,"http://ecx.images-amazon.com/images/I/71ng-0QoNfL.jpg",190,926.16,4.87
002870763X,"Books",448160,"Solo Guitar Playing: A Complete Course of Instruction in the Techniques of Guitar Performance, Book 1 (Third Edition)",13.88,"http://ecx.images-amazon.com/images/I/51d8comSKfL.jpg",222,917.48,4.13
0028740092,"Books",1270256,"Churchill: The Unruly Giant",90.43,"http://ecx.images-amazon.com/images/I/513TDBGNKGL.jpg",151,502.53,3.33
0028740475,"Books",3076114,"Grow to be Great: Breaking the Downsizing Cycle",10.99,"http://ecx.images-amazon.com/images/I/51nolFjW2EL.jpg",287,984.96,3.43
0028740173,"Books",18615,"The Emotional Life of the Toddler",9.73,"http://ecx.images-amazon.com/images/I/51haaBR2rSL.jpg",225,1071.56,4.76
0028740912,"Books",11766,"The Leader's Companion: Insights on Leadership Through the Ages",12.55,"http://ecx.images-amazon.com/images/I/51hVxJc8-SL.jpg",674,3047.43,4.52
0028721454,"Books",794504,"Modal and Tonal Counterpoint: From Josquin to Stravinsky",75.85,"http://ecx.images-amazon.com/images/I/41ZTfAcp9ZL.jpg",434,1441.8,3.32
0028648641,"Books",984390,"20/20: 20 New Sounds of the 20th Century",161.45,"http://ecx.images-amazon.com/images/I/715HRPFGTVL.gif",941,4459.74,4.74
0028740858,"Books",2143530,"Wet Mind: The New Cognitive Neuroscience",26.55,"http://ecx.images-amazon.com/images/I/71KJKw7PjQL.jpg",771,3673.67,4.76
0028810759,"Books",5019993,"Worth It All: My War For Peace",41.72,"http://ecx.images-amazon.com/images/I/A1GpgFKXC7L.jpg",342,1333.86,3.9
0028717953,"Books",120339,"Teaching Kids to Sing",188.88,"http://ecx.images-amazon.com/images/I/51MYC3THP8L.jpg",896,3755.2,4.19
0028659775,"Books",11051333,"Dictionary of the Israeli-Palestinian Conflict",384.0,"http://ecx.images-amazon.com/images/I/51HEDB6CKCL.jpg",716,2790.74,3.9
0028740483,"Books",2309085,"MICROSOFT SECRETS: How the World's Most Powerful Software Company Creates Technology, Shapes Markets, and Manages People",25.05,"http://ecx.images-amazon.com/images/I/71FB23XF3DL.gif",941,3244.33,3.45
0028730127,"Books",486949,"Basics of Music: Opus 1",379.46,"http://ecx.images-amazon.com/images/I/71P8WJ2STSL.gif",141,652.17,4.63
0028810074,"Books",1853938,"Beyond the Wall: Memoirs of an East and West German Spy (Intelligence and National Security Series)",464.52,"http://ecx.images-amazon.com/images/I/514wR-EnKpL.jpg",751,2654.09,3.53
0028810732,"Books",1599982,"SAMPAN SAILOR: A Navy Man's Adventures in WWII China",178.28,"http://ecx.images-amazon.com/images/I/51fGXA-54lL.jpg",679,2822.36,4.16
0028707656,"Books",3825094,"Brahms: The Four Symphonies",24.7,"http://ecx.images-amazon.com/images/I/71Q2792TC2L.gif",752,2315.13,3.08
0028644948,"Books",317196,"Alpha Bravo Delta Guide to the U.S. Airforce (Alpha Bravo Delta Guides)",14.47,"http://ecx.images-amazon.com/images/I/411Z94R34DL.jpg",856,3084.13,3.6
0028740181,"Books",920334,"Smart Schools",10.38,"http://ecx.images-amazon.com/images/I/51OcrYbYqKL.jpg",786,3383.96,4.31
002872612X,"Books",2118591,"Worlds of Music: An Introduction to the Music of the World's Peoples",3.9,"http://ecx.images-amazon.com/images/I/51HZE83XJ4L.jpg",278,1028.19,3.7
0028810570,"Books",2262666,"D-Day Normandy: The Story and Photographs/Official 50th Anniversary Volume Battle of Normandy Foundation (Association of the U. S. Army Book Series)",25.62,"http://ecx.images-amazon.com/images/I/71G3ZDW6MNL.gif",663,2991.89,4.51
0028970853,"Books",2313751,"Encyclopedia of Sleep and Dreaming (1 Vol.)",760.19,"http://ecx.images-amazon.com/images/I/412W697JAML.jpg",251,818.63,3.26
0028728513,"Books",5176180,"Brahms (The Master Musicians)",5.97,"http://ecx.images-amazon.com/images/I/41ABYETR5NL.jpg",496,2151.86,4.34
0028810872,"Books",2674279,"Witness to Annihilation: Surviving the Holocaust a Memoir",752.69,"http://ecx.images-amazon.com/images/I/41BZ9KP-bpL.jpg",642,2058.61,3.21
0028740610,"Books",1052064,"Love Between Equals: How Peer Marriage Really Works",10.99,"http://ecx.images-amazon.com/images/I/51FPQH9hl%2BL.jpg",770,2517.49,3.27
0028810813,"Books",3638251,"Glory at a Gallop: Tales of the Confederate Cavalry",9.99,"http://ecx.images-amazon.com/images/I/51-7uqK9ExL.jpg",708,2861.49,4.04
0028741129,"Books",1233785,"Hypercompetitive Rivalries",14.05,"http://ecx.images-amazon.com/images/I/51dn8chSiNL.jpg",571,1839.43,3.22
0028811232,"Books",4191394,"Warthog (P)",7.66,"http://ecx.images-amazon.com/images/I/51HW7WMTR4L.jpg",283,884.71,3.13
0029007658,"Books",1690188,"Dangerous Edge: The Psychology of Excitement",283.14,"http://ecx.images-amazon.com/images/I/51KFdKVuXML.jpg",699,2119.74,3.03
0028740122,"Books",196244,"Woman of Valor: Clara Barton and the Civil War",22.75,"http://ecx.images-amazon.com/images/I/51MF8l%2BIKKL.jpg",833,3957.21,4.75
0028713435,"Books",2245457,"Stage Design and Properties (Schirmer Books Theatre Manuals)",12.06,"http://ecx.images-amazon.com/images/I/81nmKfmGjqL.jpg",202,725.28,3.59
0028972252,"Books",1800327,"Macmillan Encyclopedia of Chemistry (4 Volume Set)",673.92,"http://ecx.images-amazon.com/images/I/2135N9RK1XL.jpg",233,729.25,3.13
0028810309,"Books",1832615,"Yellow Ribbon: The Secret Journal of Bruce Laingen",504.85,"http://ecx.images-amazon.com/images/I/41tlAQIZkFL.jpg",168,569.1,3.39
0028811100,"Books",6483626,"Waiting for Winter to End: An Extraordinary Journey Through Soviet Central Asia",413.49,"http://ecx.images-amazon.com/images/I/41ShgKNCPYL._SL500_.jpg",816,2717.87,3.33
0029014557,"Books",677553,"Germans: The Biography of an Obsession",345.44,"http://ecx.images-amazon.com/images/I/512ByfBCY2L.jpg",624,2953.45,4.73
0028740238,"Books",404565,"Arabists: The Romance of an American Elite",17.1,"http://ecx.images-amazon.com/images/I/518R5Q%2B7y2L.jpg",881,3327.5,3.78
0028810694,"Books",1937233,"Nuts! the Battle of the Bulge: The Story and Photographs",17.87,"http://ecx.images-amazon.com/images/I/81WfIsO%2BQkL.jpg",807,3805.55,4.72
0028811259,"Books",530180,"My Hitch in Hell: The Bataan Death March (World War II Commemorative)",7.52,"http://ecx.images-amazon.com/images/I/21VPNTNCA0L.jpg",256,1064.49,4.16
0028722213,"Books",140208,"The Grammar of Conducting: A Comprehensive Guide to Baton Technique and Interpretation",75.85,"http://ecx.images-amazon.com/images/I/81%2BjJaocS6L.jpg",214,1039.9,4.86
0028811046,"Books",6285710,"The Court of Blue Shadows: A Novel",2.99,"http://ecx.images-amazon.com/images/I/51lY4wxp1WL.jpg",917,3480.36,3.8
0028973038,"Books",3646423,"The Handbook of Alternative Education",330.31,"http://ecx.images-amazon.com/images/I/41o1XL1poqL.jpg",458,1437.64,3.14
0028740866,"Books",347939,"Unfaithful Angels: How Social Work Has Abandoned its Mission",18.0,"http://ecx.images-amazon.com/images/I/51DTimk9i8L.jpg",705,2567.95,3.64
0028733150,"Books",1018293,"Listening to Movies: The Film Lover's Guide to Film Music",6.42,"http://ecx.images-amazon.com/images/I/51YFY8P303L.jpg",392,1523.76,3.89
0028724151,"Books",423858,"Baker's Biographical Dictionary of Musicians",34.02,"http://ecx.images-amazon.com/images/I/51CZKSNP93L.jpg",362,1609.24,4.45
0029003105,"Books",1351669,"Handbook of Research on Teaching (Macmillan research on education handbook series)",16.4,"http://ecx.images-amazon.com/images/I/513H8cllRIL.jpg",441,2032.54,4.61
0029017815,"Books",319564,"Stanny: The Gilded Life of Stanford White",10.75,"http://ecx.images-amazon.com/images/I/51Dxw0io-sL.jpg",893,3993.61,4.47
0028811127,"Books",2947101,"Crossed Currents: Navy Women from WWI to Tailhook",672.62,"http://ecx.images-amazon.com/images/I/51EoGXdIkdL.jpg",763,3226.68,4.23
0028810120,"Books",1555499,"100 Missions North: A Fighter Pilot's Story of the Vietnam War",7.99,"http://ecx.images-amazon.com/images/I/51DoLAjbdLL.jpg",834,3719.96,4.46
0028810864,"Books",3536924,"Confederate Raider: Raphael Semmes of the Alabama",500.94,"http://ecx.images-amazon.com/images/I/51pEA1pg6AL.jpg",977,4109.35,4.21
0029030129,"Books",1206027,"Capital Ideas: The Improbable Origins of Modern Wall Street",11.49,"http://ecx.images-amazon.com/images/I/51ZDWQLj68L.jpg",233,1068.27,4.58
0029012813,"Books",3095922,"Breaking the Mold",57.9,"http://ecx.images-amazon.com/images/I/51A3klKAuXL.jpg",850,3477.21,4.09
0029004756,"Books",3495725,"A Crime of Vengeance: An Armenian Struggle for Justice",17.96,"http://ecx.images-amazon.com/images/I/5137gS5tZeL.jpg",970,4362.37,4.5
0029001455,"Books",2562525,"Managing with Dual Strategies",19.99,"http://ecx.images-amazon.com/images/I/41vN5tXGCML.jpg",690,2670.5,3.87
0029035503,"Books",2382062,"Hollywood Goes to War: How Politics, Profit and Propaganda Shaped World War II Movies",29.85,"http://ecx.images-amazon.com/images/I/81uD1M73-bL.jpg",181,783.2,4.33
002900151X,"Books",483819,"Building Strong Brands",18.9,"http://ecx.images-amazon.com/images/I/512r4pzVUmL.jpg",764,3642.71,4.77
0028740637,"Books",243928,"Sexual Homicide: Patterns and Motives- Paperback",24.7,"http://ecx.images-amazon.com/images/I/51EjmRCsvXL.jpg",183,616.56,3.37
0029023513,"Books",1968533,"Thirteenth Man: A Reagan Cabinet Memoir",4.0,"http://ecx.images-amazon.com/images/I/51CYFMNZJSL.jpg",755,3564.42,4.72
0029044308,"Books",1571974,"The PIMS Principle: Linking Strategy to Performance",17.29,"http://ecx.images-amazon.com/images/I/51QT2-FgvRL.jpg",533,1991.89,3.74
0029023521,"Books",2034324,"Ancient Zionism: The Biblical Origins of the National Idea",15.99,"http://ecx.images-amazon.com/images/I/51F81CW7ZQL.jpg",254,871.73,3.43
0028971094,"Books",2129637,"Zen Buddhism: A History (Nanzan Studies in Religion &amp; Culture)",21.8,"http://ecx.images-amazon.com/images/I/51S4T8ZPYFL.jpg",637,2311.91,3.63
0029017602,"Books",4033267,"Jesse Owens: An American Life",23.36,"http://ecx.images-amazon.com/images/I/511KK71MSDL.jpg",953,2928.34,3.07
0029038812,"Books",640488,"When Battered Women Kill",10.34,"http://ecx.images-amazon.com/images/I/51fBDixQSCL.jpg",932,4365.08,4.68
0029050758,"Books",1065479,"Coming On Strong: Gender And Sexuality In Twentieth-Century Women'S Sports",31.46,"http://ecx.images-amazon.com/images/I/5179HG4SJZL.jpg",606,2250.28,3.71
0028811135,"Books",3095451,"THIS KIND OF WAR (H)",9.99,"http://ecx.images-amazon.com/images/I/71HWQ6ZEVEL.gif",224,929.9,4.15
0029059100,"Books",2287740,"Defendant: a Psychiatrist on Trial for Medical Malpractice",645.48,"http://ecx.images-amazon.com/images/I/51WMJoc5teL.jpg",877,3895.71,4.44
0029001013,"Books",213930,"Managing Brand Equity",24.23,"http://ecx.images-amazon.com/images/I/51Jc3f3jUEL.jpg",267,855.98,3.21
002901915X,"Books",628931,"The Seven Fat Years:  And How to Do It Again",413.41,"http://ecx.images-amazon.com/images/I/41q8x8CAp1L.jpg",895,4234.98,4.73
0029015006,"Books",252168,"Bass &amp; Stogdill's Handbook of Leadership: Theory, Research &amp; Managerial Applications",12.8,"http://ecx.images-amazon.com/images/I/618yegQ54HL.jpg",559,2471.51,4.42
0028810376,"Books",2059645,"It Takes One to Tango",12.56,"http://ecx.images-amazon.com/images/I/71Bi8yFnxYL.jpg",199,743.28,3.74
0029042003,"Books",3185570,"Marketing Edge",410.89,"http://ecx.images-amazon.com/images/I/718T78VVQAL.gif",919,2892.37,3.15
0029019869,"Books",69556,"Negotiating Rationally",11.12,"http://ecx.images-amazon.com/images/I/71tfeXbg81L.jpg",966,4789.81,4.96
002905477X,"Books",2703589,"Modern Tyrants",19.99,"http://ecx.images-amazon.com/images/I/51SDded4bmL.jpg",870,3950.29,4.54
0029023807,"Books",1009421,"The Denial of Death",9.98,"http://ecx.images-amazon.com/images/I/61aymjC7z9S.jpg",240,1015.1,4.23
0029079403,"Books",130435,"Rules of Sociological Method",24.07,"http://ecx.images-amazon.com/images/I/41sDJtOcLVL.jpg",589,2688.06,4.56
0029037018,"Books",962118,"Alcohol and the Addictive Brain",11.95,"http://ecx.images-amazon.com/images/I/51O4qhnJATL.jpg",325,1116.34,3.43
0029072115,"Books",6985112,"Market Driven Strategy: Processes for Creating Value",28.75,"http://ecx.images-amazon.com/images/I/41H38H80BVL.jpg",587,2519.21,4.29
0028810252,"Books",1589369,"Silent Warfare: Understanding the World of Intelligence",13.99,"http://ecx.images-amazon.com/images/I/51R0SKKZBXL.jpg",640,2727.73,4.26
0029063566,"Books",841579,"Some Do Care",13.59,"http://ecx.images-amazon.com/images/I/712WczCTv3L.jpg",386,1847.48,4.79
0028810082,"Books",1830489,"Tiger in the Barbed Wire: An American in Vietnam, 1952-1991",29.28,"http://ecx.images-amazon.com/images/I/61l4GmMyMDL._SL500_.jpg",313,1297.27,4.14
0029004314,"Books",2956431,"Encyclopedia of Educational Research (Set of 4 Volumes)",148.39,"http://ecx.images-amazon.com/images/I/51grHYOAZ1L.jpg",547,2011.93,3.68
0029078830,"Books",541808,"Governing Prisons",21.8,"http://ecx.images-amazon.com/images/I/71x3TLDKvJL.jpg",734,3487.23,4.75
0029088801,"Books",1534893,"Judah P. Benjamin -  The Jewish Confederate",18.94,"http://ecx.images-amazon.com/images/I/51BnT9PtJFL.jpg",297,1026.0,3.45
0029060400,"Books",1159960,"Contemporary Jewish Religious Thought",54.0,"http://ecx.images-amazon.com/images/I/51AJ0ES8JDL.jpg",504,2186.96,4.34
002903079X,"Books",2480426,"Marketing Services: Competing Through Quality",10.99,"http://ecx.images-amazon.com/images/I/51CwJd9IXoL.jpg",827,3474.07,4.2
0029089255,"Books",699993,"Sick Societies: Challenging the Myth of Primitive Harmony",34.61,"http://ecx.images-amazon.com/images/I/61pSF3zUjZL.jpg",196,684.62,3.49
002901851X,"Books",968746,"The Pride and the Fall: The Dream and Illusion of Britain As a Great Nation",452.43,"http://ecx.images-amazon.com/images/I/71da7sgH05L.jpg",687,2476.02,3.6
0029018625,"Books",1843152,"Our Country",41.95,"http://ecx.images-amazon.com/images/I/51KQWB81ZCL.jpg",753,2753.79,3.66
0029043417,"Books",2539263,"Inside Corporate Innovation",18.0,"http://ecx.images-amazon.com/images/I/51iTCtHATuL.jpg",102,345.64,3.39
002907990X,"Books",297100,"Marketing High Technology",10.37,"http://ecx.images-amazon.com/images/I/51%2BsQc3e9gL.jpg",116,555.57,4.79
002905950X,"Books",4360606,"The Atlas of Israel: Cartography, Physical and Human Geography",752.55,"http://ecx.images-amazon.com/images/I/616RGcFjqwL._SL500_.jpg",707,3474.25,4.91
0029004950,"Books",508989,"Greek Philosophy: Thales to Aristotle (Readings in the History of Philosophy)",18.0,"http://ecx.images-amazon.com/images/I/51IV42Ut4IL.jpg",420,1652.55,3.93
0029055156,"Books",943326,"Revolutionizing Product Development: Quantum Leaps in Speed, Efficiency, and Quality",17.57,"http://ecx.images-amazon.com/images/I/51ot0mLxguL.jpg",634,2273.73,3.59
0029109752,"Books",227417,"End of History and the Last Man",11.02,"http://ecx.images-amazon.com/images/I/41N8X857Y2L.jpg",995,4156.86,4.18
0029096200,"Books",200759,"Comparative Analysis of Complex Organizations, Rev. Ed.",24.7,"http://ecx.images-amazon.com/images/I/51vSAz4tu%2BL.jpg",993,3218.55,3.24
0029047226,"Books",1945119,"Way of the Wasp: How It Made America, and How It Can Save It, So to Speak",12.04,"http://ecx.images-amazon.com/images/I/51IP-2AE76L.jpg",559,1986.92,3.55
0029109108,"Books",205206,"What Went Wrong?: The Creation &amp; Collapse of the Black-Jewish  Alliance",21.09,"http://ecx.images-amazon.com/images/I/51yzm6gkvYL.jpg",967,3872.26,4.0
0028740009,"Books",1171370,"Democracy and the Problem of Free Speech",20.85,"http://ecx.images-amazon.com/images/I/51vPLyZjIkL.jpg",363,1556.35,4.29
0028810473,"Books",712843,"Dien Bien Phu: The Epic Battle America Forgot",7.16,"http://ecx.images-amazon.com/images/I/41hpractS3L.jpg",359,1475.08,4.11
0029115752,"Books",1363266,"Commitment: The Dynamic of Strategy",24.99,"http://ecx.images-amazon.com/images/I/51Q-eGGLnjL.jpg",728,2323.33,3.19
002911702X,"Books",818287,"Agatha Christie: The Woman and Her Mysteries",593.0,"http://ecx.images-amazon.com/images/I/81z2N7YbS9L.jpg",678,3210.78,4.74
0029077354,"Books",736438,"Government of Our Own: The Making of the Confederacy",21.99,"http://ecx.images-amazon.com/images/I/51dGKtRQ0SL.jpg",286,1063.33,3.72
0029081025,"Books",84601,"The End of Racism: Principles for a Multiracial Society",35.79,"http://ecx.images-amazon.com/images/I/213T7VND7HL.jpg",426,1738.36,4.08
0029116112,"Books",1725432,"Kirkpatrick Mission (Diplomacy Wo Apology Ame at the United Nations 1981 to 85",45.63,"http://ecx.images-amazon.com/images/I/51t8j%2Bm7w1L.jpg",621,2593.53,4.18
0029102766,"Books",2856324,"We Must Take Charge!",18.18,"http://ecx.images-amazon.com/images/I/51OWaVoRMHL.jpg",238,889.86,3.74
0029094801,"Books",1883036,"Encyclopedia of Religion: 16 Volume Set",489.75,"http://ecx.images-amazon.com/images/I/61IQ%2BTFEjBL.jpg",566,2127.77,3.76
0029117062,"Books",60997,"How We Know What Isn't So: The Fallibility of Human Reason in Everyday Life",18.0,"http://ecx.images-amazon.com/images/I/51WaeBLsMbL.jpg",863,4197.01,4.86
0029118239,"Books",721724,"Rights Talk: The Impoverishment of Political Discourse",15.93,"http://ecx.images-amazon.com/images/I/51l-FCk1rrL.jpg",289,924.61,3.2
0029138639,"Books",1459970,"Reinventing the Warehouse: World Class Distribution Logistics",44.68,"http://ecx.images-amazon.com/images/I/71RY23FFQPL.gif",385,1375.06,3.57
0029110459,"Books",1327021,"Managing Customer Value: Creating Quality and Service That Customers Can See",16.09,"http://ecx.images-amazon.com/images/I/51qSNL3hqPL.jpg",195,715.35,3.67
0029137055,"Books",1367619,"Apprenticeship for Adulthood",19.99,"http://ecx.images-amazon.com/images/I/71CJ9469AVL.gif",607,2701.52,4.45
0029059801,"Books",222431,"Finite and Infinite Games: A Vision of Life as Play and Possibility",8.81,"http://ecx.images-amazon.com/images/I/517DelY0yjL.jpg",487,2189.03,4.49
0029089263,"Books",776461,"Fall of the Asante Empire: The Hundred-Year War for Africa's Gold Coast",12.97,"http://ecx.images-amazon.com/images/I/51B1H4XR36L.jpg",967,3693.6,3.82
0029113121,"Books",28678,"On Leadership",13.73,"http://ecx.images-amazon.com/images/I/51lyYtK8nzL.jpg",218,731.21,3.35
0029142113,"Books",398634,"Dynamic Manufacturing: Creating the Learning Organization",344.98,"http://ecx.images-amazon.com/images/I/713XHVR939L.gif",903,2897.22,3.21
0029164222,"Books",5502455,"Political Dictionary of the Arab World",108.71,"http://ecx.images-amazon.com/images/I/51xLqwsz4yL.jpg",622,1899.61,3.05
0029069386,"Books",506309,"Hypercompetition",11.89,"http://ecx.images-amazon.com/images/I/51pM1pavTKL.jpg",179,825.7,4.61
0029123992,"Books",1132303,"Voice for the Mad: The Life of Dorothea Dix",29.74,"http://ecx.images-amazon.com/images/I/514132EJ7ZL.jpg",755,3123.43,4.14
0029123801,"Books",1756464,"In the Best Interests of the Child",6.2,"http://ecx.images-amazon.com/images/I/213AMC12EVL.jpg",722,2310.68,3.2
0029120640,"Books",3324903,"With Friends Like You: What Israelis Really Think About American Jews",455.92,"http://ecx.images-amazon.com/images/I/51bM31znAtL.jpg",568,2409.01,4.24
0029153352,"Books",1177593,"Orwell's Revenge. The 1984 Palimpsest",5.97,"http://ecx.images-amazon.com/images/I/215YY6N71SL.jpg",439,2190.46,4.99
0029116023,"Books",2065593,"Muse in the Machine",10.99,"http://ecx.images-amazon.com/images/I/51N5776XJDL.jpg",281,1079.23,3.84
0029124824,"Books",2469097,"Jews in the Japanese Mind",27.95,"http://ecx.images-amazon.com/images/I/71PJQTB59VL.gif",344,1243.23,3.61
0029160014,"Books",1890792,"Refighting the Last War: Command and Crisis in Korea 1950-1953",648.31,"http://ecx.images-amazon.com/images/I/51h18282KiL.jpg",379,1280.42,3.38
0029138655,"Books",1136513,"The Death of an American Jewish Community: A Tragedy of Good Intentions",8.21,"http://ecx.images-amazon.com/images/I/71u%2BeRu9WBL.jpg",238,944.71,3.97
0029131715,"Books",2427160,"The American Hour: A Time of Reckoning and the Once and Future Role of Faith",21.09,"http://ecx.images-amazon.com/images/I/51Ih8DdWqiL.jpg",238,822.72,3.46
0029131723,"Books",2035549,"The TYRANNY OF THE MAJORITY, FUNDAMENTAL FAIRNESS IN REPRESENTATIVE DEMOCRACY: TURNING A CIVIL RIGHTS SETBACK INTO A NEW VISION OF SOCIAL JUSTICE",17.05,,621,2659.46,4.28
0029166357,"Books",543490,"Civil War Command And Strategy: The Process Of Victory And Defeat",16.71,"http://ecx.images-amazon.com/images/I/513hNsV2jhL.jpg",534,1963.73,3.68
0029155010,"Books",2248821,"Before the Shooting Begins",15.99,"http://ecx.images-amazon.com/images/I/71gq7zNY0-L.jpg",114,557.86,4.89
002912977X,"Books",1222633,"Customer Loyalty: How to Earn It, How to Keep It  (Cloth Edition)",13.77,"http://ecx.images-amazon.com/images/I/41C8DTG19ZL.jpg",183,799.61,4.37
0029150205,"Books",1530635,"Acts of War: The Behavior of Men in Battle",19.48,"http://ecx.images-amazon.com/images/I/91KZ42aAUvL.jpg",569,2454.25,4.31
0029076102,"Books",2213641,"Major Legal Systems in the World Today: An Introduction to the Comparative Study of Law",20.78,"http://ecx.images-amazon.com/images/I/71QJX6B5VFL.gif",501,2286.01,4.56
0029079373,"Books",47155,"The Elementary Forms of Religious Life",24.07,"http://ecx.images-amazon.com/images/I/517NjS7ny1L.jpg",671,3323.96,4.95
0029115744,"Books",407478,"The Jews of Spain: A History of the Sephardic Experience",12.74,"http://ecx.images-amazon.com/images/I/61K8kwiZ5gL.jpg",145,684.69,4.72
0029141656,"Books",650800,"Managing Acquisitions:  Creating Value Through Corporate Renewal",154.8,"http://ecx.images-amazon.com/images/I/41twBCrlp%2BL.jpg",306,1022.55,3.34
0029103126,"Books",1385480,"The Silent Brotherhood: Inside America's Racist Underground",14.77,"http://ecx.images-amazon.com/images/I/71MLaVe7jqL.jpg",477,2182.88,4.58
0029184304,"Books",2263388,"The Psychoanalysis of Children (The Writings of Melanie Klein, Vol. 2)",31.28,"http://ecx.images-amazon.com/images/I/513XNS4181L.jpg",923,3536.14,3.83
0029187109,"Books",465150,"Book of Musical Anecdotes",21.27,"http://ecx.images-amazon.com/images/I/71BKTzrMcqL.jpg",745,3560.04,4.78
0029152917,"Books",599525,"Competing Against Time : How Time-based Competition is Reshaping Global Markets",15.45,"http://ecx.images-amazon.com/images/I/51PTBUHNnnL.jpg",116,417.48,3.6
0029170451,"Books",2185789,"Strategic Brand Management",4.0,"http://ecx.images-amazon.com/images/I/51kuxk6J-uL.jpg",585,2324.37,3.97
0029119405,"Books",275614,"Behavior in Public Places: Notes on the Social Organization of Gatherings",15.76,"http://ecx.images-amazon.com/images/I/41nreUh3b6L.jpg",134,571.81,4.27
0029066832,"Books",530400,"The Intelligence of Dogs: Canine Consciousness and Capabilities",15.63,"http://ecx.images-amazon.com/images/I/91Ip0DHwvNL.jpg",105,447.16,4.26
0029173078,"Books",1112167,"Hidden Cities: The Discovery and Loss of Ancient North American Civilizations",13.34,"http://ecx.images-amazon.com/images/I/5169GPCYHKL.jpg",739,2947.53,3.99
002911781X,"Books",200611,"Psychotherapist's Guide to Psychopharmacology",4.0,"http://ecx.images-amazon.com/images/I/41Y223HJ5PL.jpg",340,1454.99,4.28
002914180X,"Books",1343608,"Between Two Fires: American Indians in the Civil War",15.8,"http://ecx.images-amazon.com/images/I/51TJWEJRDXL.jpg",924,3438.83,3.72
0029184673,"Books",507250,"Corporate Culture and Performance",10.37,"http://ecx.images-amazon.com/images/I/61RxHpIHrrL.jpg",386,1304.77,3.38
0029183413,"Books",2471249,"The Politics of Inclusion",406.02,"http://ecx.images-amazon.com/images/I/514Aj8%2BG9-L.jpg",918,4427.66,4.82
0029126614,"Books",247903,"Leverage of Sea Power: The Strategic Advantage of Navies in War",23.71,"http://ecx.images-amazon.com/images/I/51ApfDELrlL.jpg",881,4227.82,4.8
0029123704,"Books",398760,"The Black Death: Natural and Human Disaster in Medieval Europe",18.95,"http://ecx.images-amazon.com/images/I/81JiNfbjVpL.jpg",157,765.7,4.88
0029182301,"Books",766991,"The General Managers",13.59,"http://ecx.images-amazon.com/images/I/61BAP4bELpL.jpg",336,1014.19,3.02
0029146739,"Books",179727,"The Bell Curve: Intelligence and Class Structure in American Life",5.25,"http://ecx.images-amazon.com/images/I/21S4CD5PXWL.jpg",249,1080.86,4.34
0029166764,"Books",75993,"Bad Blood: The Tuskegee Syphilis Experiment, New and Expanded Edition",17.05,"http://ecx.images-amazon.com/images/I/515jTeP86LL.jpg",798,3267.24,4.09
0029119154,"Books",687506,"Informing Statecraft: Intelligence for a New Century",27.09,"http://ecx.images-amazon.com/images/I/51G-4OysxTL.jpg",881,2836.6,3.22
0029195632,"Books",3448689,"Taking Risks",23.36,"http://ecx.images-amazon.com/images/I/71wiiuKrFUL.jpg",968,3168.96,3.27
0029195616,"Books",449375,"The Killing of SS Obergruppenfuhrer Reinhard Heydrich",4.31,"http://ecx.images-amazon.com/images/I/7116Lr8MdDL.jpg",920,3611.45,3.93
0029166837,"Books",166341,"Juran on Quality by Design: The New Steps for Planning Quality into Goods and Services",47.41,"http://ecx.images-amazon.com/images/I/711g4KRkYqL.jpg",823,2735.71,3.32
0029134714,"Books",1662205,"This People's Navy: The Making of American Sea Power",24.89,"http://ecx.images-amazon.com/images/I/51obNJALFCL.jpg",619,2141.26,3.46
0029194415,"Books",1905371,"One by One from the Inside Out : Essays and Reviews on Race and Responsibility in America",259.71,"http://ecx.images-amazon.com/images/I/719NVAZQJSL.gif",705,3100.83,4.4
0029187303,"Books",747330,"Double Lives: Spies and Writers in the Secret Soviet War of Ideas Against the West",450.74,"http://ecx.images-amazon.com/images/I/41Q804HRBML.jpg",557,2768.97,4.97
0029161614,"Books",1582587,"Crucial Decisions",22.49,"http://ecx.images-amazon.com/images/I/517hhrI4hpL.jpg",309,1133.09,3.67
0029183308,"Books",801454,"Power and Influence",3.99,"http://ecx.images-amazon.com/images/I/51vexlOYRTL.jpg",402,1513.43,3.76
0029199808,"Books",340170,"Taming the Prince",41.23,"http://ecx.images-amazon.com/images/I/61bLbx7CFzL.jpg",846,4022.57,4.75
0029105501,"Books",1045764,"Lemon Swamp and Other Places: A Carolina Memoir",18.95,"http://ecx.images-amazon.com/images/I/71cqqBex0FL.jpg",556,2676.3,4.81
0029177766,"Books",548468,"Armchair Economist: Economics &amp; Everyday Life",10.37,"http://ecx.images-amazon.com/images/I/518rjrcQ1KL.jpg",142,606.28,4.27
0029197821,"Books",125095,"Managing the Professional Service Firm",16.1,"http://ecx.images-amazon.com/images/I/513X6V8BN6L.jpg",303,1480.24,4.89
0029212871,"Books",1369827,"The Vandal's Crown: How Rebel Currency Traders Overthrew the World's Central Banks",178.26,"http://ecx.images-amazon.com/images/I/513C612VW4L.jpg",927,4510.76,4.87
0029059909,"Books",1407434,"The Limits of Air Power: The American Bombing of North Vietnam",4.0,"http://ecx.images-amazon.com/images/I/51qETLQpISL.jpg",837,2538.36,3.03
0029212650,"Books",4627718,"Fit, Failure and the Hall of Fame",12.35,"http://ecx.images-amazon.com/images/I/51b5beUggDL.jpg",379,1175.9,3.1
0029197856,"Books",1873222,"Executive Economics: Ten Tools for Business Decision Makers",11.76,"http://ecx.images-amazon.com/images/I/41CdkuwWBmL.jpg",810,3774.13,4.66
0029216052,"Books",264143,"Rise and Fall of Strategic Planning",12.74,"http://ecx.images-amazon.com/images/I/41AK9ZWAWoL.jpg",295,996.93,3.38
0029183316,"Books",1574880,"The Leadership Factor",16.92,"http://ecx.images-amazon.com/images/I/51P2XFD81JL.jpg",413,1424.32,3.45
002919055X,"Books",5654957,"Connected Corporation: How Leading Companies Manage Customer-Supplier Alliances",17.45,"http://ecx.images-amazon.com/images/I/51gvSOImMfL.jpg",453,2218.67,4.9
0029175860,"Books",3054273,"The New Rules: How to Succeed in Today's Post-Corporate World",11.12,"http://ecx.images-amazon.com/images/I/71D87GWKZ1L.gif",760,2602.61,3.42
0029236797,"Books",1527027,"American High: The Years Of Confidence, 1945-60",7.0,"http://ecx.images-amazon.com/images/I/413DHVY3J5L.jpg",617,2410.86,3.91
002915670X,"Books",102712,"The Courage of Their Convictions: Sixteen Americans Who Fought Their Way to the Supreme Court",15.59,"http://ecx.images-amazon.com/images/I/41QnjQz1%2BqL.jpg",669,3333.1,4.98
0029228956,"Books",1323125,"The Rocket and the Reich: Peenemunde and the Coming of the Ballistic Missile Era",160.14,"http://ecx.images-amazon.com/images/I/41ZbhtYFHKL.jpg",838,3065.08,3.66
002923235X,"Books",897641,"Catholic Ethic And The Spirit Of Capitalism",14.34,"http://ecx.images-amazon.com/images/I/4139FRKF42L.jpg",771,2454.94,3.18
0029231302,"Books",4906420,"Just and Painful: A Case for the Corporal Punishment of Criminals",377.62,"http://ecx.images-amazon.com/images/I/61d6o5xNxeL.jpg",579,2253.81,3.89
0029052351,"Books",2920682,"You're Smarter Than They Make You Feel: How the Experts Intimidate Us and What We Can Do About It",75.86,"http://ecx.images-amazon.com/images/I/717TuTKv24L.jpg",686,3380.52,4.93
0029215005,"Books",2236130,"The Wolf by the Ears: Thomas Jefferson and Slavery",20.25,"http://ecx.images-amazon.com/images/I/51bGqwvn9-L.jpg",118,411.71,3.49
0029227968,"Books",51432,"Presidential Power and the Modern Presidents: The Politics of Leadership from Roosevelt to Reagan",21.68,"http://ecx.images-amazon.com/images/I/81B19nvLg5L.jpg",961,4084.41,4.25
0029215978,"Books",296950,"For the Common Defense: A Military History of the United States of America",6.07,"http://ecx.images-amazon.com/images/I/51jGovoZp8L.jpg",462,2183.36,4.73
0029211816,"Books",2357943,"Fast Cycle Time: How to Align Purpose, Strategy, and Structure for Speed",12.97,"http://ecx.images-amazon.com/images/I/51HY9EA00TL.jpg",250,1070.01,4.28
002920528X,"Books",2454038,"Men Astutely Trained: A History of the Jesuits in the American Century",10.5,"http://ecx.images-amazon.com/images/I/51HobkHad7L.jpg",794,2796.55,3.52
002921291X,"Books",158173,"Domestic Revolutions: A Social History Of American Family Life",21.8,"http://ecx.images-amazon.com/images/I/51Kjyd1YsXL.jpg",151,555.32,3.68
0029175410,"Books",1040083,"Sexual Revolution in Russia",501.24,"http://ecx.images-amazon.com/images/I/513WFA873CL.jpg",641,2234.46,3.49
0029213711,"Books",854042,"Mintzberg on Management",23.72,"http://ecx.images-amazon.com/images/I/51rh-Hosh4L.jpg",806,3418.53,4.24
0029250951,"Books",2309150,"War and the Rise of the State",16.06,"http://ecx.images-amazon.com/images/I/219Q42NGP6L.jpg",651,2027.42,3.11
0029195160,"Books",786883,"Counting On Kindness",11.74,"http://ecx.images-amazon.com/images/I/51ziJ93QfsL.jpg",722,3250.57,4.5
0029184703,"Books",1753414,"The Revenge of the Philistines: Art and Culture, 1972-1984",24.82,"http://ecx.images-amazon.com/images/I/51QSNHTSRZL.jpg",331,1415.57,4.28
0029195179,"Books",3152192,"Taking Care Of Aging Family Members, Rev Ed: A Practical Guide",20.89,"http://ecx.images-amazon.com/images/I/21FC80VP65L.jpg",424,1385.48,3.27
0029184657,"Books",657967,"Force For Change: How Leadership Differs from Management",20.52,"http://ecx.images-amazon.com/images/I/510qlIEPXdL.jpg",890,3941.3,4.43
0029250617,"Books",1463301,"Secrecy and Power: The Life of J. Edgar Hoover",4.5,"http://ecx.images-amazon.com/images/I/61frEDIPs7L.jpg",400,1354.19,3.39
0029236851,"Books",74272,"Nixon's Piano: Presidents and Racial Politics from Washington to Clinton",563.95,"http://ecx.images-amazon.com/images/I/71S1996CNTL.gif",717,2291.07,3.2
0029236827,"Books",555310,"Racial Matters: The FBI's Secret File on Black America, 1960-1972",20.43,"http://ecx.images-amazon.com/images/I/61K%2BNA69ygL.jpg",935,4510.6,4.82
0029176425,"Books",1713232,"Ed School Follies: The Miseducation of America's Teachers",18.86,"http://ecx.images-amazon.com/images/I/511B6ihEbZL.jpg",667,2195.88,3.29
0029187702,"Books",923243,"Manager as Negotiator",4.0,"http://ecx.images-amazon.com/images/I/51f9jU5upiL.jpg",981,3435.79,3.5
0029174317,"Books",2504784,"A Comprehensive Etymological Dictionary of the Hebrew Language for Readers of English",18.98,"http://ecx.images-amazon.com/images/I/21Xw2fEIMcL.jpg",961,4695.0,4.89
0029238374,"Books",312466,"JOHN WAYNE: AMERICAN",21.99,"http://ecx.images-amazon.com/images/I/51%2B1Sg7Y7UL.jpg",393,1431.96,3.64
0029252121,"Books",502163,"Outsmarting IQ: The Emerging Science of Learnable Intelligence",15.29,"http://ecx.images-amazon.com/images/I/519lMYkuwNL.jpg",814,2557.05,3.14
0029190908,"Books",487314,"Marketing Imagination, New, Expanded Edition",17.96,"http://ecx.images-amazon.com/images/I/41IwO2msHCL.jpg",503,2465.5,4.9
0029175852,"Books",3173439,"Generational Accounting: Knowing Who Pays, and When, for What We Spend",16.39,"http://ecx.images-amazon.com/images/I/51Lso4861DL.jpg",108,536.74,4.97
0029253411,"Books",812558,"Understanding Race, Ethnicity and Power: The Key to Efficacy on Clinical Practice",4.34,"http://ecx.images-amazon.com/images/I/51%2BZyXjL6oL.jpg",716,3300.49,4.61
0029186064,"Books",1733019,"Munchausen Syndrome by Proxy: Issues in Diagnosis and Treatment",42.77,"http://ecx.images-amazon.com/images/I/31VmqUebI4L.jpg",739,3317.42,4.49
0029268915,"Books",1286232,"New Other Woman",11.66,"http://ecx.images-amazon.com/images/I/41bKLEKNe7L.jpg",245,1138.32,4.65
0029283752,"Books",1538053,"Inarticulate Society: Eloquence and Culture in America",16.01,"http://ecx.images-amazon.com/images/I/41VR9GVVV7L.jpg",828,3993.47,4.82
0029255805,"Books",1686694,"The Andaman Islanders",33.81,"http://ecx.images-amazon.com/images/I/41w9ly9luOL.jpg",730,2996.34,4.1
0029250552,"Books",1642437,"Clinical Supervision in Alcohol and Drug Abuse Counseling: Principles, Models, Methods",41.05,"http://ecx.images-amazon.com/images/I/91eHz%2BQTjQL.jpg",974,3824.84,3.93
0029134609,"Books",4370600,"The Hadassah Magazine Jewish Parenting Book",725.76,"http://ecx.images-amazon.com/images/I/91I2r5uiC3L.jpg",672,3065.67,4.56
0029266718,"Books",198877,"Diffusion of Innovations, Fourth Edition",15.0,"http://ecx.images-amazon.com/images/I/41-keJ%2BHgjL.jpg",479,2363.49,4.93
0029206707,"Books",1191178,"Value Imperative: Managing for Superior Shareholder Returns",45.61,"http://ecx.images-amazon.com/images/I/51jmgVmFRiL.jpg",804,3483.77,4.33
0029263875,"Books",3465343,"Democracy Against Itself the Future of the Democratic Impulse",18.46,"http://ecx.images-amazon.com/images/I/51tNAMxDuoL.jpg",896,3058.88,3.41
0029291003,"Books",1181805,"Japanese Manufacturing Techniques: Nine Hidden Lessons in Simplicity",4.0,"http://ecx.images-amazon.com/images/I/41N5SG02JRL.jpg",279,1174.48,4.21
0029197619,"Books",847197,"Embattled Courage: The Experience of Combat in the American Civil War",21.84,"http://ecx.images-amazon.com/images/I/51ikW-5HuML.jpg",746,3600.81,4.83
0029250420,"Books",1798222,"Young Nietzsche",321.32,"http://ecx.images-amazon.com/images/I/41eCl2gBxzL.jpg",643,2982.24,4.64
0029256151,"Books",1664726,"Intelligent Enterprise: A Knowledge and Service Based Paradigm for Industry",24.99,"http://ecx.images-amazon.com/images/I/51YfEOi0nIL.jpg",913,3583.91,3.93
0029258219,"Books",2078693,"STALINS WAR AGAINST THE JEWS THE DOCTORS PLOT &amp; THE SOVIET SOLUTION (The Second thoughts series)",14.85,"http://ecx.images-amazon.com/images/I/51ykTIysu1L.jpg",308,1463.32,4.75
0029281059,"Books",3079846,"Managing Imitation Strategies",15.26,"http://ecx.images-amazon.com/images/I/51b4ek%2BpM8L.jpg",321,1591.17,4.96
0029287316,"Books",1246241,"Policing Domestic Violence: Experiments and Dilemmas",362.33,"http://ecx.images-amazon.com/images/I/41K%2BkyG2GgL.jpg",749,3354.06,4.48
0029275962,"Books",1661395,"Managing Business Transactions",23.7,"http://ecx.images-amazon.com/images/I/81jQXA-EH%2BL.jpg",825,3955.49,4.79
0029273757,"Books",1187625,"Escape to Shanghai: A Jewish Community in China",16.86,"http://ecx.images-amazon.com/images/I/51uQbsbRFNL.jpg",610,1950.07,3.2
0029277558,"Books",2383342,"The Working Leader: The Triumph of High Performance over Conventional Management Principles",12.35,"http://ecx.images-amazon.com/images/I/71P7M5M4G7L.gif",137,432.64,3.16
0029279526,"Books",1667435,"MEGAMISTAKES: Forecasting and the Myth of Rapid Technological Change",758.96,"http://ecx.images-amazon.com/images/I/51doM07m0rL._SL500_.jpg",757,3048.41,4.03
0029303605,"Books",111367,"EAGLE AGAINST THE SUN (THE AMERICAN WAR WITH JAPAN)",11.71,"http://ecx.images-amazon.com/images/I/712TCU-5ahL.jpg",677,2900.82,4.28
0029327253,"Books",1866766,"Exile's Return: The Making of a Palestinian American",78.65,"http://ecx.images-amazon.com/images/I/816sPJERHUL.jpg",332,1200.11,3.61
002929231X,"Books",2059349,"Streetfighter Marketing",4.34,"http://ecx.images-amazon.com/images/I/91X%2B8J3o%2BGL.jpg",179,596.43,3.33
0029317150,"Books",2056556,"Peer Marriage",14.06,"http://ecx.images-amazon.com/images/I/517WM6W8EWL.jpg",795,2445.35,3.08
0029303303,"Books",221329,"Inside American Education",15.45,"http://ecx.images-amazon.com/images/I/51WNJAn-F%2BL.jpg",186,693.48,3.73
0029276519,"Books",3253624,"Out of Darkness: Exploring Satanism and Ritual Abuse",17.88,"http://ecx.images-amazon.com/images/I/51hV-hUZ0fL.jpg",257,963.7,3.75
0029340012,"Books",2389155,"The First Universal Nation",627.15,"http://ecx.images-amazon.com/images/I/517C2UooB4L.jpg",280,1203.15,4.3
0029286662,"Books",443459,"FROM THE MIND INTO THE BODY",559.71,"http://ecx.images-amazon.com/images/I/41EssuVPM2L.jpg",565,1980.34,3.51
0029331552,"Books",122786,"The Transformation of War: The Most Radical Reinterpretation of Armed Conflict Since Clausewitz",22.79,"http://ecx.images-amazon.com/images/I/51sWnZN4nPL.jpg",962,3376.01,3.51
0029321808,"Books",3255968,"The Extramarital Affair",35.99,"http://ecx.images-amazon.com/images/I/419UTGzQBDL.jpg",297,926.79,3.12
0029330009,"Books",2675443,"Adult Psychopathology: A Social Work Perspective",12.95,"http://ecx.images-amazon.com/images/I/71MJPT4CV4L.gif",266,830.79,3.12
0029285828,"Books",4339539,"The Coming Soviet Crash: Gorbachev's Desperate Pursuit of Credit in Western Financial Markets",156.46,"http://ecx.images-amazon.com/images/I/61EPhoXBTEL.jpg",407,1961.89,4.82
0029344654,"Books",1148473,"Leading Product Development: The Senior Manager's Guide to Creating and Shaping the Enterprise",9.69,"http://ecx.images-amazon.com/images/I/51mhqpkayiL.jpg",854,4263.46,4.99
0029332001,"Books",162981,"Atlas of Southeast Asia",194.98,"http://ecx.images-amazon.com/images/I/51oG1dGLcuL.jpg",346,1335.95,3.86
0029297559,"Books",3203388,"Vision, Values, and Courage: Leadership for Quality Management",19.99,"http://ecx.images-amazon.com/images/I/71EQESGAWRL.gif",683,3205.23,4.69
0029292700,"Books",747531,"World Class Manufacturing: The Lessons of Simplicity Applied",11.74,"http://ecx.images-amazon.com/images/I/4147knz3BvL.jpg",121,429.52,3.55
0029314755,"Books",2023231,"Defying the Crowd: Cultivating Creativity in a Culture of Conformity",14.21,"http://ecx.images-amazon.com/images/I/51JJBGHF0CL.jpg",392,1836.6,4.69
0029298652,"Books",3799321,"Abortionist",13.59,"http://ecx.images-amazon.com/images/I/41l-Fio4OqL.jpg",979,3411.86,3.49
0029265959,"Books",1307347,"Logistics Handbook",53.17,"http://ecx.images-amazon.com/images/I/51PMuTPwSGL.jpg",525,1849.61,3.52
0029257506,"Books",764733,"Are Those Kids Yours?: American Families With Children Adopted From Other Countries",7.63,"http://ecx.images-amazon.com/images/I/516DRX0VF0L.jpg",327,1417.4,4.33
0029338018,"Books",2638540,"The Japanese Educational Challenge: A Commitment to Children",15.48,"http://ecx.images-amazon.com/images/I/51HwWWByY9L.jpg",475,2313.75,4.87
0029041600,"Books",1450340,"The Tears of the White Man: Compassion As Contempt",18.26,"http://ecx.images-amazon.com/images/I/514Srvrx4cL.jpg",962,3088.47,3.21
0029289386,"Books",1074947,"Wanting Another Child: Coping with Secondary Fertility",9.99,"http://ecx.images-amazon.com/images/I/51TYB7VD5PL.jpg",394,1454.69,3.69
0029317169,"Books",1561703,"The God I Believe In: Conversations about Judaism",351.68,"http://ecx.images-amazon.com/images/I/5124N81JWRL.jpg",723,2224.76,3.08
0029347157,"Books",2864901,"Great Crusade: A New Complete History of the Second World War",17.94,"http://ecx.images-amazon.com/images/I/81kwv2iHwQL.jpg",219,1074.29,4.91
0029295203,"Books",2570977,"No-Nonsense Planning",31.46,"http://ecx.images-amazon.com/images/I/41I17E7qSiL._SL500_.jpg",103,441.89,4.29
0029116015,"Books",1479643,"White-Collar Crime: Classic and Contemporary Views, 3rd Edition",23.7,"http://ecx.images-amazon.com/images/I/51-DHlvqpJL.jpg",408,1899.49,4.66
0029346800,"Books",510597,"The SEVEN DAY CIRCLE",28.5,"http://ecx.images-amazon.com/images/I/81pJ5Y%2BUkRL.jpg",246,1038.46,4.22
0029160154,"Books",510433,"Shattered Assumptions",11.74,"http://ecx.images-amazon.com/images/I/71H5M07MMGL.gif",212,884.16,4.17
002934655X,"Books",3726232,"Planned Short-Term Treatment",13.99,"http://ecx.images-amazon.com/images/I/51oFoWO7VwL.jpg",470,2123.53,4.52
0029258502,"Books",2188630,"History of American Labor",17.45,"http://ecx.images-amazon.com/images/I/71xNmqT10FL.jpg",288,1203.68,4.18
0029347106,"Books",1958405,"The Divorce Revolution: The Unexpected Social and Economic Consequences for Women and Children in America",101.79,"http://ecx.images-amazon.com/images/I/31Nf8DpD%2BmL.jpg",159,490.81,3.09
0029324610,"Books",1955660,"Better a Shield Than a Sword: Perspectives on the Defense and Technology",625.33,"http://ecx.images-amazon.com/images/I/71SGgOv7H-L.jpg",309,942.61,3.05
0029286506,"Books",1782876,"China in Disintegration (Transformation of Modern China Series)",14.21,"http://ecx.images-amazon.com/images/I/41x8dPx2y1L.jpg",255,911.25,3.57
0029334357,"Books",946147,"Lenin: A New Biography",19.99,"http://ecx.images-amazon.com/images/I/41C2zIKaE4L.jpg",155,631.93,4.08
0029271401,"Books",1228055,"The Bureaucratization of the World",718.38,"http://ecx.images-amazon.com/images/I/41d-KhoSW7L._SL500_.jpg",190,793.83,4.18
0029357012,"Books",1359027,"Delivering Quality Service",10.99,"http://ecx.images-amazon.com/images/I/51UWoAHTC-L.jpg",103,400.5,3.89
0029331536,"Books",962101,"Technology and War: From 2000 B.C. to the Present",19.72,"http://ecx.images-amazon.com/images/I/51v6S6YZhSL.jpg",843,4068.48,4.83
0029236789,"Books",1444621,"A Democracy at War: America's Fight at Home and Abroad in World War II",28.05,"http://ecx.images-amazon.com/images/I/21N9SE2PVFL.jpg",473,1748.04,3.7
0029344204,"Books",536403,"The Fine Line : Making Distinctions in Everyday Life",25.8,"http://ecx.images-amazon.com/images/I/61vs7o1Qd-L.jpg",277,1057.92,3.82
0029320402,"Books",428536,"New Manufacturing Challenge: Techniques for Continuous Improvement",12.98,"http://ecx.images-amazon.com/images/I/51ZZ42PP5zL.jpg",457,2165.49,4.74
0029259657,"Books",409938,"A Question of Character : A Life of John F Kennedy",13.49,"http://ecx.images-amazon.com/images/I/71BpW0GtBrL.jpg",615,2431.38,3.95
002933795X,"Books",3896901,"Values Matter Most: How Republicans, or Democrats, or a Third Party Can Win and Renew the American Way of Life",11.87,"http://ecx.images-amazon.com/images/I/51YPq9XwTUL.jpg",946,4689.77,4.96
0029266254,"Books",423586,"Quality Is Personal: A Foundation For Total Quality Management",20.5,"http://ecx.images-amazon.com/images/I/515Tb5azJxL.jpg",163,589.32,3.62
0030000726,"Books",1294382,"Doonesbury Dossier: The Reagan Years",15.29,"http://ecx.images-amazon.com/images/I/61fGMGDVWML.jpg",184,885.57,4.81
0030015472,"Books",1148450,"Modern Physics",153.49,"http://ecx.images-amazon.com/images/I/41PDV1XDHJL.jpg",364,1156.39,3.18
0030007380,"Books",968975,"The Grasshopper Trap",8.89,"http://ecx.images-amazon.com/images/I/514QEgtKG2L.jpg",585,2309.59,3.95
0030025540,"Books",4346323,"What's in the cave?: Let's find out (A Lift-the-flap pop-up book)",113.26,"http://ecx.images-amazon.com/images/I/61cVQpIyObL._SL500_.jpg",108,454.72,4.21
003004068X,"Books",1202410,"Personal Style",537.91,"http://ecx.images-amazon.com/images/I/51hje3%2BldzL.jpg",823,4032.44,4.9
0029291534,"Books",880595,"Above the Law Police and the Excessive Use of Force",18.53,"http://ecx.images-amazon.com/images/I/51-i5I9AoeL.jpg",565,2817.29,4.99
0030024641,"Books",3145217,"Statistics (4th Edition)",7.98,"http://ecx.images-amazon.com/images/I/617IbF28j6L.jpg",493,1827.79,3.71
0030014069,"Books",3887478,"Water with berries",17.96,"http://ecx.images-amazon.com/images/I/A1iuhLzBa7L.jpg",567,2151.45,3.79
0030020786,"Books",540759,"Principles of Instrumental Analysis, 5th Edition",19.36,"http://ecx.images-amazon.com/images/I/21C9Z0BHVRL.jpg",945,4646.06,4.92
0030040590,"Books",1157780,"Reasonable Doubt: An Investigation into the Assassination of John F. Kennedy",18.81,"http://ecx.images-amazon.com/images/I/31VUkRq-58L._SL500_.jpg",314,1411.68,4.5
0029286670,"Books",692226,"From Paralysis to Fatigue: A History of Psychosomatic Illness in the Modern Era",14.21,"http://ecx.images-amazon.com/images/I/51G7zP6MPTL.jpg",112,341.73,3.05
0030037727,"Books",1710679,"Freckles &amp; Willie:  A Valentine's Day Story",2.38,"http://ecx.images-amazon.com/images/I/61G0V0tinNL.jpg",816,3801.99,4.66
0030050138,"Books",4139262,"Where's My Truck?",464.28,"http://ecx.images-amazon.com/images/I/61Q6321CiIL.jpg",583,1832.5,3.14
0030021227,"Books",6491555,"Connaitre Et Se Connaitre: A Basic Reader for Communication",437.47,"http://ecx.images-amazon.com/images/I/61-12UsgjXL.jpg",803,3333.58,4.15
0029339960,"Books",2304279,"Economic Principals : Masters and Mavericks of Modern Economics",13.07,"http://ecx.images-amazon.com/images/I/51E-cDSIrGL.jpg",744,3330.43,4.48
0030043646,"Books",723857,"Basic Conversational French",380.29,"http://ecx.images-amazon.com/images/I/21k9p7LZB9L.jpg",241,981.83,4.07
0029353653,"Books",3073693,"Beyond Blame",146.3,"http://ecx.images-amazon.com/images/I/715QGNND6TL.gif",537,2524.64,4.7
003005849X,"Books",1730175,"Talking to the Sun: An Illustrated Anthology of Poems for Young People",17.05,"http://ecx.images-amazon.com/images/I/61X8GjXFZEL.jpg",709,2353.73,3.32
0030056241,"Books",565147,"You Don't Look 35, Charlie Brown!",452.57,"http://ecx.images-amazon.com/images/I/41zWwk84bSL.jpg",224,950.82,4.24
0030062225,"Books",5849642,"General Chemistry With Qualitative Analysis (Saunders golden sunburst series)",754.17,"http://ecx.images-amazon.com/images/I/41okftaeoCL.jpg",912,3568.71,3.91
0030028523,"Books",2154313,"Ghost Dance Religion (Csca) (Case Studies in Cultural Anthropology)",14.61,"http://ecx.images-amazon.com/images/I/41PG2J98ZNL.jpg",946,3959.82,4.19
0030056268,"Books",8073397,"Deutsche Literatur von Heute",576.04,"http://ecx.images-amazon.com/images/I/51csDeM7eGL.jpg",519,2498.68,4.81
0030032946,"Books",1924697,"A Daughter of the Nobility",751.45,"http://ecx.images-amazon.com/images/I/61EfVSEgLkL.jpg",841,4146.47,4.93
0030044634,"Books",1362748,"World of Chemistry (Saunders Golden Sunburst Series)",18.99,"http://ecx.images-amazon.com/images/I/41DR3FSNNAL.jpg",192,857.37,4.47
0030069394,"Books",769707,"Con mucho gusto",443.91,"http://ecx.images-amazon.com/images/I/51C9FZVGM1L.jpg",629,2482.58,3.95
0029340217,"Books",1075464,"News and the Culture of Lying: How Journalism Really Works",16.16,"http://ecx.images-amazon.com/images/I/21V5J7399YL.jpg",836,3646.89,4.36
002964500X,"Books",4285684,"French-English-French Dictionary Revised Edition: Dictionnaire Francais-Anglais Anglais-Francais (Berlitz dictionaries)",4.0,"http://ecx.images-amazon.com/images/I/510-pNiqohL.jpg",200,776.72,3.88
0029356032,"Books",2776988,"The Corporate Closet: The Professional Lives of Gay Men in America",618.95,"http://ecx.images-amazon.com/images/I/417Xuc2dQ8L._SL500_.jpg",665,2544.13,3.83
0030060133,"Books",1654705,"Eliot Porter's Southwest",34.08,"http://ecx.images-amazon.com/images/I/51Ie3R9RuUL.jpg",785,2962.92,3.77
0030060494,"Books",455656,"Modern Physics for Scientists and Engineers (Saunders Golden Sunburst Series)",60.6,"http://ecx.images-amazon.com/images/I/61TBP0DXR1L.jpg",887,3844.19,4.33
0030049598,"Books",2245081,"Cinderella (Matthew Hope)",3.99,"http://ecx.images-amazon.com/images/I/418yjgwrrdL.jpg",112,457.68,4.09
0030011124,"Books",827167,"Physical Science (Saunders Golden Sunburst Series)",37.95,"http://ecx.images-amazon.com/images/I/417HZ9TJV9L.jpg",624,2902.03,4.65
0029356717,"Books",223311,"Show Stopper!: The Breakneck Race to Create Windows NT and the Next Generation at Microsoft",41.99,"http://ecx.images-amazon.com/images/I/519BOZ3WgzL.jpg",285,857.26,3.01
0030074428,"Books",1630759,"Laboratory Manual to Accompany World of Chemistry",192.08,"http://ecx.images-amazon.com/images/I/21iwnNIZTZL.jpg",624,2887.67,4.63
0030020387,"Books",856025,"Aesop's fables",6.29,"http://ecx.images-amazon.com/images/I/41DgF8F0OaL.jpg",118,443.22,3.76
0030060028,"Books",1197939,"Shielding the Flame: An Intimate Conversation With Dr. Marek Edelman, the Last Surviving Leader of the Warsaw Ghetto Uprising",19.76,"http://ecx.images-amazon.com/images/I/91F2h4zbWnL.jpg",796,3413.46,4.29
0030103525,"Books",3492274,"Advertising, Promotion, and Supplemental Aspects of Integrated Marketing Communications (The Dryden Press Series in Marketing)",101.95,"http://ecx.images-amazon.com/images/I/51H8578WHJL.jpg",207,1025.91,4.96
003004037X,"Books",277310,"Langue Et Langage/Le Francais Par Le Francais",10.06,"http://ecx.images-amazon.com/images/I/51tBGiWgsvL._SL500_.jpg",341,1155.6,3.39
003009559X,"Books",3138209,"Semiconductor-Device Electronics (Holt Rinehart and Winston Series in Electrical Engineering)",158.13,"http://ecx.images-amazon.com/images/I/41I3X3mjx7L.jpg",312,1479.15,4.74
0030073243,"Books",1665068,"Labyrinth: The Storybook Based on the Movie",15.48,"http://ecx.images-amazon.com/images/I/91EiIZXPMwL.jpg",443,1766.54,3.99
0030008972,"Books",2929604,"The Mathematical Palette",99.7,"http://ecx.images-amazon.com/images/I/51HRKGGY9RL.jpg",297,1233.05,4.15
0030058899,"Books",814771,"Chemistry: Principles and Reactions, Third Edition",9.99,"http://ecx.images-amazon.com/images/I/51ZAPgT8%2BNL.jpg",621,2007.54,3.23
0030062284,"Books",202659,"Introductory Astronomy and Astrophysics (Saunders Golden Sunburst Series)",21.2,"http://ecx.images-amazon.com/images/I/41EA8Y57J5L.jpg",124,551.8,4.45
0030029945,"Books",1114879,"Harry Lorayne's Page-A-Minute Memory Book",9.7,"http://ecx.images-amazon.com/images/I/41B07MgMGkL.jpg",959,3145.0,3.28
0030131642,"Books",608879,"Texto y vida: introducci&oacute;n a la literatura espa&ntilde;ola",16.05,"http://ecx.images-amazon.com/images/I/51y26h0n6aL.jpg",708,2335.91,3.3
0030086272,"Books",4667085,"Portes Ouvertes: An Interactive Multimedia Approach to First Year French (French Edition)",73.63,"http://ecx.images-amazon.com/images/I/31OeDRxWN2L.jpg",623,2183.31,3.5
0030060222,"Books",2342040,"Classic roses: An illustrated encyclopaedia and grower's manual of old roses, shrub roses, and climbers",448.69,"http://ecx.images-amazon.com/images/I/710pV3FrivL.jpg",172,661.12,3.84
0030015979,"Books",2626261,"In Praise of Wolves",636.7,"http://ecx.images-amazon.com/images/I/71iwgx0kEXL.jpg",990,3969.94,4.01
0030103479,"Books",469944,"Elementary Linear Algebra with Applications. Third Edition",23.5,"http://ecx.images-amazon.com/images/I/51VGgHwa5-L.jpg",106,361.35,3.41
0030095980,"Books",3363596,"Tout Ensemble Text",11.99,"http://ecx.images-amazon.com/images/I/4118Z5VSJXL.jpg",707,2317.56,3.28
0030145899,"Books",6330181,"En Contacto: Gramatica En Accion",4.19,"http://ecx.images-amazon.com/images/I/714e3a6716L.jpg",142,541.62,3.81
0030108063,"Books",5354324,"A prayer for the dying",6.15,"http://ecx.images-amazon.com/images/I/71cOyIIbbKL.jpg",827,2579.56,3.12
0030097827,"Books",615935,"Student Solutions: Manual to Accompany Elementary Algebra",64.49,"http://ecx.images-amazon.com/images/I/41T1BSJG5CL.jpg",307,1172.39,3.82
003008508X,"Books",260936,"Behind the Forbidden Door: Travels in Unknown China",13.16,"http://ecx.images-amazon.com/images/I/41JIo-5LcwL.jpg",894,4051.14,4.53
003016253X,"Books",6601856,"Espa&ntilde;ol en espa&ntilde;ol",774.29,"http://ecx.images-amazon.com/images/I/51c-nBymXkL.jpg",627,2338.75,3.73
0030167418,"Books",2321223,"The Wild Food Trailguide",687.19,"http://ecx.images-amazon.com/images/I/61Sz-5h3WrL.jpg",464,1408.41,3.04
0030163145,"Books",13565076,"Information Systems: A Management Approach",195.43,"http://ecx.images-amazon.com/images/I/21o%2BSBXCtpL.jpg",306,1150.6,3.76
0030105676,"Books",111864,"Linear Algebra and Its Applications, 4th Edition",27.5,"http://ecx.images-amazon.com/images/I/41hlrEjE0cL.jpg",643,2223.77,3.46
0030133386,"Books",2024907,"Lecturas Basicas: A Literary Reader",320.73,"http://ecx.images-amazon.com/images/I/71R0WZ784ML.gif",394,1204.35,3.06
0030134897,"Books",4917478,"Control Engineering: A Modern Approach",130.15,"http://ecx.images-amazon.com/images/I/61JGLcECvqL.jpg",515,2294.67,4.46
0029324440,"Books",229582,"Business Sense: Exercising Management's Five Freedoms",2.58,"http://ecx.images-amazon.com/images/I/41VVK4M8WPL.jpg",971,3074.88,3.17
0030177189,"Books",227411,"Searching for Great Ideas: Readings Past and Present",25.22,"http://ecx.images-amazon.com/images/I/51NW88B1NSL.jpg",812,2891.08,3.56
0030105595,"Books",213627,"Abstract Algebra: An Introduction",18.15,"http://ecx.images-amazon.com/images/I/5102Y4WACTL.jpg",415,1511.4,3.64
0030186129,"Books",5886057,"Advanced Accounting: Concepts and Practice (The Dryden Press series in accounting)",95.47,"http://ecx.images-amazon.com/images/I/71NztLWa1KL.jpg",372,1382.48,3.72
0030184762,"Books",566880,"Michael Field's Cooking School: A Selection of Great Recipes Demonstrating the Pleasures and Principles of Fine Cooking",715.9,"http://ecx.images-amazon.com/images/I/51Fpl0NNipL.jpg",903,2745.29,3.04
0030180775,"Books",852775,"Spanish Pronunciation: Theory and Practice",7.07,"http://ecx.images-amazon.com/images/I/519-1O%2BCLtL.jpg",866,3795.84,4.38
0030193370,"Books",2060191,"Statistics: An Introduction",5.99,"http://ecx.images-amazon.com/images/I/41QF9GTXDZL.jpg",990,4010.84,4.05
0030200881,"Books",3484497,"Chemistry: Science of Change (Saunders Golden Sunburst Series)",5.99,"http://ecx.images-amazon.com/images/I/41YFYM15NCL.jpg",479,2077.14,4.34
0030184614,"Books",3611088,"A Weave of Women: A Novel",14.39,"http://ecx.images-amazon.com/images/I/71ufRIpkvFL.jpg",128,570.48,4.46
0030202868,"Books",91075,"Form in Tonal Music: An Introduction to Analysis, Second Edition",25.75,"http://ecx.images-amazon.com/images/I/51RC9KXB9ML.jpg",901,4035.5,4.48
0030206936,"Books",64850,"Pushing Electrons: A Guide for Students of Organic Chemistry",114.13,"http://ecx.images-amazon.com/images/I/5113XKKHCWL.jpg",372,1276.92,3.43
0030207916,"Books",594829,"Firefox",11.57,"http://ecx.images-amazon.com/images/I/41dsQ7dUyiL.jpg",374,1406.71,3.76
0030211263,"Books",7729427,"McClane's Secrets of Successful Fishing: A Complete, Illustrated Guide to the Techniques, Tackle, and Know-How of Sport Fishing",536.28,"http://ecx.images-amazon.com/images/I/21wZHAho0-L.jpg",658,2170.45,3.3
0030210399,"Books",601444,"Die Deutschen",17.75,"http://ecx.images-amazon.com/images/I/515bonubqsL.jpg",878,3270.07,3.72
0030217865,"Books",2386729,"Il reale e il possibile",693.03,"http://ecx.images-amazon.com/images/I/41Q5Ld25KmL.jpg",694,2898.97,4.18
003019234X,"Books",2064563,"Chemical Principles in the Laboratory with Qualitative Analysis",223.2,"http://ecx.images-amazon.com/images/I/41adQQkBYlL.jpg",799,2892.83,3.62
0030210178,"Books",3869464,"Standard and Microscale Experiments in General Chemistry",4.78,"http://ecx.images-amazon.com/images/I/211M0XJZG6L.jpg",640,1920.25,3.0
0030223695,"Books",56242,"Functional Anatomy of the Vertebrates: An Evolutionary Perspective",16.96,"http://ecx.images-amazon.com/images/I/71ngsyz8oiL.jpg",764,2320.21,3.04
0030209064,"Books",10469324,"The secret lemonade drinker",5.99,"http://ecx.images-amazon.com/images/I/412VBQ7AV2L.jpg",848,3270.61,3.86
0030223776,"Books",3791055,"Human Resource Management: A Strategic Approach (Dryden Press Series in Management)",5.27,"http://ecx.images-amazon.com/images/I/5117RKDNM3L.jpg",902,4074.95,4.52
0030172330,"Books",4840324,"Nuevas Fronteras: Literatura y cultura (with Tape)",50.09,"http://ecx.images-amazon.com/images/I/A1MZyM7NU%2BL.jpg",824,3724.6,4.52
0030237971,"Books",1652564,"Imaginacion y fantasia",398.87,"http://ecx.images-amazon.com/images/I/51Nn5%2BzdRdL.jpg",162,809.59,5.0
0030226546,"Books",1103689,"Physics for Scientists and Engineers (Saunders golden sunburst series)",762.55,"http://ecx.images-amazon.com/images/I/41QRYDYE58L.jpg",365,1138.7,3.12
003022909X,"Books",2409697,"Essentials of Physical Geography",10.95,"http://ecx.images-amazon.com/images/I/517BF1VWQ2L.jpg",176,593.35,3.37
0030212839,"Books",2309198,"Economics: Private and Public Choice",5.27,"http://ecx.images-amazon.com/images/I/41VH0BC8K9L.jpg",419,1505.19,3.59
0030224179,"Books",2449753,"Leadership: Theory and Practice (Dryden Press Series in Management)",72.21,"http://ecx.images-amazon.com/images/I/415MN17T26L.jpg",191,846.09,4.43
0030205085,"Books",3587637,"Ensemble Literature",25.6,"http://ecx.images-amazon.com/images/I/61U9Qfv%2BMgL.jpg",123,554.77,4.51
0030225280,"Books",3019973,"Parlons affaires!: Initiation au fran&ccedil;ais &eacute;conomique et commercial",168.51,"http://ecx.images-amazon.com/images/I/51-Dyur2wcL.jpg",533,2640.03,4.95
003020951X,"Books",924613,"Bronislava Nijinska: Early Memoirs",27.89,"http://ecx.images-amazon.com/images/I/31GMk7SAz%2BL.jpg",518,1778.74,3.43
0030237629,"Books",1184571,"Chemistry and Chemical Reactivity",6.24,"http://ecx.images-amazon.com/images/I/41XPCTJXWNL.jpg",676,3191.75,4.72
0030250331,"Books",2238414,"Thinking Toward Solutions: Problem-Based Learning Activities for General Biology",23.15,"http://ecx.images-amazon.com/images/I/41RR6N10MJL.jpg",220,995.6,4.53
0030245192,"Books",1548087,"Introduction to Organic Laboratory Techniques: A Small-Scale Approach (Saunders Golden Sunburst Series)",5.27,"http://ecx.images-amazon.com/images/I/51T4YS3686L.jpg",890,2727.56,3.06
0030225582,"Books",1066540,"Explore Life (with CD-ROM and InfoTrac)",228.9,"http://ecx.images-amazon.com/images/I/51bDLqhalqL.jpg",676,2935.87,4.34
003025034X,"Books",308846,"Mammalogy",245.94,"http://ecx.images-amazon.com/images/I/21NHZM7R29L.jpg",604,2358.42,3.9
0030255473,"Books",2243259,"Introduction To General Organic And Biochemistry: 6th Edition",5.27,"http://ecx.images-amazon.com/images/I/11VCFHHRG9L.jpg",282,1284.2,4.55
0030243483,"Books",2306414,"Introduction to Physical Geology",59.99,"http://ecx.images-amazon.com/images/I/51JK3QR5TTL.jpg",174,562.6,3.23
0030225078,"Books",878437,"College Physics, Vol. 1 (Fifth Edition)",4.22,"http://ecx.images-amazon.com/images/I/51G6JSMK35L.jpg",729,2379.04,3.26
0030270030,"Books",5193537,"Management with Student CD-ROM and PERF Module",6.91,"http://ecx.images-amazon.com/images/I/51A1Z74FBML.jpg",375,1125.89,3.0
0030243475,"Books",3471588,"ASTRONOMY: FROM THE EARTH TOTHE UNIVERSE 5/E",4.78,"http://ecx.images-amazon.com/images/I/51G75NC6ZZL.jpg",274,941.38,3.44
0030238110,"Books",2767361,"Financial Reporting and Statement Analysis",6.89,"http://ecx.images-amazon.com/images/I/51TVEPNWCXL.jpg",120,539.67,4.5
0030258723,"Books",2379608,"Essentials of Managerial Finance (The Dryden Press Series in Finance)",5.27,"http://ecx.images-amazon.com/images/I/41PliD5NZNL.jpg",515,1956.83,3.8
0030259827,"Books",271021,"Invertebrate Zoology: A Functional Evolutionary Approach",24.0,"http://ecx.images-amazon.com/images/I/516SLJ8YCaL.jpg",199,777.24,3.91
003024627X,"Books",1930079,"Generations: Compsition et conversation en fran&ccedil;ais",70.47,"http://ecx.images-amazon.com/images/I/515uY5KyFiL.jpg",777,2854.03,3.67
003024482X,"Books",4067251,"Marketing Channels",55.9,"http://ecx.images-amazon.com/images/I/414ZVFWT6SL.jpg",816,2498.91,3.06
0030225086,"Books",2566800,"College Physics, Vol. 2",4.0,"http://ecx.images-amazon.com/images/I/51EMB9DK7EL.jpg",377,1410.46,3.74
0030270189,"Books",2270810,"Principles Of Economics Study Guide",24.41,"http://ecx.images-amazon.com/images/I/5185T3PRWDL.jpg",193,749.16,3.88
0030294010,"Books",799378,"Intermediate Spanish Series: Civilizaci&oacute;n y cultura",26.76,"http://ecx.images-amazon.com/images/I/51VwBjlhE8L.jpg",703,2419.81,3.44
0030254566,"Books",990010,"Hablemos Espanol! Lab Manual and Workbook",10.9,"http://ecx.images-amazon.com/images/I/51YSrOJRu7L.jpg",727,2745.15,3.78
0030266408,"Books",2157632,"Submarine",7.69,"http://ecx.images-amazon.com/images/I/41IkPJML4PL.jpg",241,980.25,4.07
0030259835,"Books",2120978,"Voyages Through the Universe",4.78,"http://ecx.images-amazon.com/images/I/214TAE3B1NL.jpg",338,1124.47,3.33
0030291917,"Books",2212465,"Dimelo tu!: A Complete Course (Text/Audio CD Package)",194.32,"http://ecx.images-amazon.com/images/I/51b%2BX%2BiJrzL.jpg",924,4293.39,4.65
0030225175,"Books",1575846,"Tense Situations: Tenses in Contrast and Context, Second Edition",28.59,"http://ecx.images-amazon.com/images/I/51cBo-LQ63L.jpg",871,3457.5,3.97
0030212146,"Books",1721193,"General Chemistry",19.95,"http://ecx.images-amazon.com/images/I/21F28P05T7L.jpg",416,1384.39,3.33
0030305047,"Books",1799956,"Zoology",8.99,"http://ecx.images-amazon.com/images/I/5144D4E45FL.jpg",920,4085.91,4.44
0030237734,"Books",3357741,"Automatic Control Systems: Basic Analysis and Design (Oxford Series in Electrical and Computer Engineering)",158.13,"http://ecx.images-amazon.com/images/I/41rM1Mca13L.jpg",461,2074.1,4.5
0030270170,"Books",1687222,"Principles of Macroeconomics",4.3,"http://ecx.images-amazon.com/images/I/51AZQnu4FWL.jpg",801,2936.73,3.67
0030315336,"Books",874449,"So You Need to Write a Business Plan",25.95,"http://ecx.images-amazon.com/images/I/51LuhRofdvL.jpg",351,1535.79,4.38
0030268583,"Books",2806657,"Macroeconomics: Principles And Policy",79.75,"http://ecx.images-amazon.com/images/I/41PKB3PSE4L.jpg",651,2208.78,3.39
0030313783,"Books",4908139,"International Marketing (Dreyden Press Series in Marketing)",9.99,"http://ecx.images-amazon.com/images/I/41F0HPWZH6L.jpg",433,1957.52,4.52
0030264715,"Books",853147,"Microeconomics for Public Decisions with Economic Applications Card",25.62,"http://ecx.images-amazon.com/images/I/41w%2BLuGDuDL.jpg",963,3260.8,3.39
0030262577,"Books",4948381,"Contemporary Business 2000",31.93,"http://ecx.images-amazon.com/images/I/31Y6K4YS4JL.jpg",656,2910.79,4.44
003026961X,"Books",819745,"Physics for Scientists and Engineers, Chapters 1-39 (with Student Tools CD-ROM)",59.99,"http://ecx.images-amazon.com/images/I/41MFH7M27JL.jpg",941,3705.78,3.94
0030289319,"Books",4415597,"Fundamentals of Financial Management with Student CD-ROM",4.0,"http://ecx.images-amazon.com/images/I/41XGRT2DG2L.jpg",416,1492.87,3.59
0030295815,"Books",3507592,"Intermediate Spanish Series Text/Audio CD Package: Conversaci?n y repaso",166.97,"http://ecx.images-amazon.com/images/I/51uljk4zZbL.jpg",548,1699.59,3.1
0030312345,"Books",574607,"Qualitative Analysis and the Properties of the Ions in Aqueous Solutions (Saunders Golden Series)",21.25,"http://ecx.images-amazon.com/images/I/51RNXTWQBSL.jpg",503,1796.91,3.57
0030319625,"Books",4796991,"International Management (Harcourt College Publishers Series in Management)",113.12,"http://ecx.images-amazon.com/images/I/51EWF79W0HL.jpg",575,2708.63,4.71
003022294X,"Books",8604298,"PREVIEW EDITION:CHEMISTRY/CHEMICAL REACTIVITY 4E",618.85,,607,2175.88,3.58
0030213347,"Books",798423,"American Short Stories: Exercises in Reading and Writing",30.72,"http://ecx.images-amazon.com/images/I/51QfuW-S8mL.jpg",838,3205.77,3.83
0030329442,"Books",235599,"Behavior Analysis for Lasting Change",60.75,"http://ecx.images-amazon.com/images/I/81GFx9j6VYL.jpg",654,2276.5,3.48
003033604X,"Books",745982,"Chemistry and Chemical Reactivity (with CD-ROM)",4.33,"http://ecx.images-amazon.com/images/I/51PpESeo6ML.jpg",370,1693.23,4.58
0030341337,"Books",1071066,"History of the American Economy",5.0,"http://ecx.images-amazon.com/images/I/21Z0RCCYNNL.jpg",178,869.45,4.88
0030327164,"Books",712387,"Sorpresas (with Audio CD)",110.73,"http://ecx.images-amazon.com/images/I/41zixWhGt-L.jpg",961,4772.84,4.97
0030333547,"Books",2888836,"Guided-Wave Photonics (Saunders College Publishing Electrical Engineering)",145.3,"http://ecx.images-amazon.com/images/I/41CDP1vvowL.jpg",255,1079.33,4.23
0030311063,"Books",679046,"Medical Spanish: A Conversational Approach (with Audio CD)",14.46,"http://ecx.images-amazon.com/images/I/510PFQ57Y9L.jpg",559,2690.54,4.81
0030345030,"Books",2543132,"En contacto: Lecturas intermedias",78.8,"http://ecx.images-amazon.com/images/I/51RrVvnumeL.jpg",218,894.67,4.1
0030347572,"Books",1597982,"Principles of Instructional Design",3.99,"http://ecx.images-amazon.com/images/I/413QBGYNK4L.jpg",679,3079.06,4.53
0030265665,"Books",1012240,"Introduction to Organic Laboratory Techniques: Microscale Approach",3.98,"http://ecx.images-amazon.com/images/I/51RQ7GBGP0L.jpg",759,2546.21,3.35
0030337267,"Books",2522063,"Corporate Entrepreneurship: Entrepreneurial Development within Organizations",175.7,"http://ecx.images-amazon.com/images/I/21DWA9X9GXL.jpg",297,1286.62,4.33
0030318238,"Books",2158036,"Crescendo!",4.4,"http://ecx.images-amazon.com/images/I/51N%2BRD8dsvL.jpg",895,3730.14,4.17
0030335647,"Books",4945764,"International Business, 6th Edition",217.2,"http://ecx.images-amazon.com/images/I/41T6gXWoUbL.jpg",730,3315.26,4.54
0030350840,"Books",847153,"Business Research Methods, 7th Edition",7.99,"http://ecx.images-amazon.com/images/I/41%2BjK9G8wgL.jpg",400,1691.26,4.23
0030259517,"Books",129452,"Principles of Economics",313.1,"http://ecx.images-amazon.com/images/I/21SGVG9TVNL.jpg",293,1058.23,3.61
0030335930,"Books",1164745,"Microeconomic Theory: Basic Principles and Extensions",12.49,"http://ecx.images-amazon.com/images/I/214CSVXZWML.jpg",637,2707.37,4.25
0030341795,"Books",1794737,"Da capo (with Audio CD)",4.34,"http://ecx.images-amazon.com/images/I/51dmJArMk4L.jpg",209,986.82,4.72
0030355230,"Books",28573,"Fundamentals of Analytical Chemistry (with CD-ROM and InfoTrac)",29.17,"http://ecx.images-amazon.com/images/I/41id5XctogL.jpg",403,1875.36,4.65
003032159X,"Books",3850454,"Nutrition: From Science to Life",441.91,"http://ecx.images-amazon.com/images/I/31IUKmob3wL.jpg",563,1702.6,3.02
0030339588,"Books",1596053,"Perspectivas (with Audio CD)",4.0,"http://ecx.images-amazon.com/images/I/51Ncin9keJL.jpg",271,859.79,3.17
0030354579,"Books",1288452,"Economics: Principles and Policy with Xtra! CD-ROM and InfoTrac College Edition",5.27,"http://ecx.images-amazon.com/images/I/41K%2BewUqubL.jpg",792,2542.37,3.21
0030315670,"Books",13845373,"Marketing Research: Methodological Foundations",425.64,,591,2487.9,4.21
0030329337,"Books",576695,"En Breve: A Concise Review of Spanish Grammar",133.83,"http://ecx.images-amazon.com/images/I/51%2BFXDemL2L.jpg",409,1786.33,4.37
0030310954,"Books",1408046,"Around the World Submerged: the Voyage of the Triton",9.99,"http://ecx.images-amazon.com/images/I/51ALMLqh7CL.jpg",201,991.62,4.93
0030334748,"Books",648317,"Essentials of General, Organic, and Biochemistry (with CD-ROM)",17.0,"http://ecx.images-amazon.com/images/I/51HMBvnYPKL.jpg",222,725.12,3.27
0030318343,"Books",1707734,"Energy: Its Use and the Environment",208.21,"http://ecx.images-amazon.com/images/I/31wd6xysfjL.jpg",903,3099.67,3.43
0030355532,"Books",1548813,"Applications of Microsoft Excel in Analytical Chemistry",78.87,"http://ecx.images-amazon.com/images/I/51KgdKJfJbL.jpg",266,1233.17,4.64
0030351383,"Books",1859970,"Management",5.27,"http://ecx.images-amazon.com/images/I/41NM5KBA18L.jpg",799,3412.16,4.27
0030348064,"Books",346784,"Understanding Econometrics with Economic Applications",19.96,"http://ecx.images-amazon.com/images/I/41zXThwmpCL.jpg",793,3167.7,3.99
0030339316,"Books",2492958,"Organizational Behavior",19.75,"http://ecx.images-amazon.com/images/I/41aQpHfuuDL.jpg",584,2221.64,3.8
0030339871,"Books",2802628,"Steps and Plateaus, Second Edition (Steps to Academic Reading 1)",39.88,"http://ecx.images-amazon.com/images/I/41q5Enc0x5L.jpg",792,3555.25,4.49
0030339286,"Books",313163,"El proximo paso",128.99,"http://ecx.images-amazon.com/images/I/51-VyqUfJ7L.jpg",336,1066.3,3.17
0030331889,"Books",845098,"Chemistry: Science of Change",369.95,"http://ecx.images-amazon.com/images/I/21StCicKzZL.jpg",729,2703.69,3.71
0030343119,"Books",150534,"Microscale and Macroscale Techniques in the Organic Laboratory",15.47,"http://ecx.images-amazon.com/images/I/41lK2-I3soL.jpg",697,3295.86,4.73
0030403065,"Books",1714299,"Cambodia: Year Zero",16.99,"http://ecx.images-amazon.com/images/I/41VW9n3BceL.jpg",944,3350.61,3.55
0030335035,"Books",1719682,"Biology",19.88,"http://ecx.images-amazon.com/images/I/41hVITe5mpL.jpg",824,3609.37,4.38
0030352991,"Books",890291,"The Ancient Near East: Ancient History Series, Volume I",23.74,"http://ecx.images-amazon.com/images/I/81tDMCEv9jL.jpg",663,3053.94,4.61
0030352533,"Books",1364097,"Wie geht's?: An Introductory German Course (with Audio CD)",5.25,"http://ecx.images-amazon.com/images/I/511imUeHJJL.jpg",393,1673.54,4.26
0030421268,"Books",3404807,"Mumps!",217.31,"http://ecx.images-amazon.com/images/I/61AMEqMedxL.jpg",972,4365.71,4.49
0030421365,"Books",1351887,"Horn of Africa: A Novel",9.99,"http://ecx.images-amazon.com/images/I/91WPXO-rWDL.jpg",890,3628.16,4.08
0030447119,"Books",1001613,"The United States Navy: 200 years",164.45,"http://ecx.images-amazon.com/images/I/510tdyMCNgL.jpg",735,2541.03,3.46
0030435366,"Books",7332768,"Everett Anderson's nine month long",500.38,"http://ecx.images-amazon.com/images/I/41KDvbEyQjL.jpg",857,3182.88,3.71
0030459613,"Books",7788256,"Elan (French Edition)",501.05,"http://ecx.images-amazon.com/images/I/61376tkSFSL.jpg",421,1701.57,4.04
0030474345,"Books",2299234,"Vertebrate Dissection",26.75,"http://ecx.images-amazon.com/images/I/51D749AKZQL.jpg",661,2731.47,4.13
0030425115,"Books",1237411,"When the Lights Go Down",14.46,"http://ecx.images-amazon.com/images/I/51y-rSUbmmL.jpg",282,1156.39,4.1
0030442214,"Books",1781488,"Writing the Script",795.7,"http://ecx.images-amazon.com/images/I/41dau8IOsqL.jpg",329,1465.17,4.45
0030353734,"Books",837876,"Principles of Modern Chemistry",15.99,"http://ecx.images-amazon.com/images/I/51LOMpQwJDL.jpg",293,1181.9,4.03
0030452465,"Books",1607227,"Physics and Music: The Science of Musical Sound",12.99,"http://ecx.images-amazon.com/images/I/61Bpok3mUCL.jpg",267,1291.68,4.84
0030466512,"Books",8418920,"Comparative Perspectives of Third World Women: The Impact of Race, Sex and Class",159.62,"http://ecx.images-amazon.com/images/I/41rqx8myTaL.jpg",978,3164.83,3.24
0030490561,"Books",1911294,"Spanish Pronunciation Theory and Practice (Spanish Edition)",13.49,"http://ecx.images-amazon.com/images/I/51h3sz9xtVL.jpg",985,4788.98,4.86
0030499380,"Books",833121,"Incontri Attuali",256.49,"http://ecx.images-amazon.com/images/I/51lhpyBZPFL.jpg",130,578.08,4.45
0030509262,"Books",1415697,"Elkhorn Tavern",10.99,"http://ecx.images-amazon.com/images/I/41cqmY9JUhL.jpg",682,2321.64,3.4
0030506018,"Books",2818791,"Panorama Italiano (Italian Edition)",252.63,"http://ecx.images-amazon.com/images/I/31lVbnxXspL._SL500_.jpg",107,501.89,4.69
0030515661,"Books",12071330,"A spirituality named compassion and the healing of the global village, Humpty Dumpty and us",11.49,"http://ecx.images-amazon.com/images/I/51AQhSocRHL.jpg",404,1346.7,3.33
0030465311,"Books",273449,"Arts and Ideas",200.77,"http://ecx.images-amazon.com/images/I/51ucsupIeWL._SL500_.jpg",758,2780.3,3.67
0030491266,"Books",121449,"Poetry of Robert Frost",30.73,"http://ecx.images-amazon.com/images/I/51V1L9XFFNL.jpg",763,2419.76,3.17
0030534275,"Books",1632385,"The Mi'kmaq: Resistance, Accommodation, and Cultural Survival (Case Studies in Cultural Anthropology)",58.21,"http://ecx.images-amazon.com/images/I/410W0VG0C0L.jpg",735,3399.39,4.63
0030538319,"Books",6233189,"A Treasury of Jewish Literature",78.11,"http://ecx.images-amazon.com/images/I/A1a6cpoELSL.jpg",421,1970.88,4.68
003053786X,"Books",4205584,"Players and pretenders: The basketball team that couldn't shoot straight",16.62,"http://ecx.images-amazon.com/images/I/81KJGlyXAxL.jpg",594,2107.57,3.55
